A_Poetry,A01,A01.003_Dan_T00030.txt,1727,1156,4472
RANK,HTML WORD,RAW WORD,COUNT,RELATIVE FREQUENCY
1,and,<code>and</code>,125,0.0279517
2,&thorn;&aelig;t,<code>&amp;t;&amp;ae;t</code>,96,0.0214669
3,&thorn;a,<code>&amp;t;a</code>,92,0.0205725
4,on,<code>on</code>,89,0.0199016
5,him,<code>him</code>,76,0.0169946
6,to,<code>to</code>,62,0.0138640
7,he,<code>he</code>,59,0.0131932
8,in,<code>in</code>,55,0.0122987
9,hie,<code>hie</code>,52,0.0116279
10,se,<code>se</code>,50,0.0111807
11,&thorn;am,<code>&amp;t;am</code>,49,0.0109571
11,w&aelig;s,<code>w&amp;ae;s</code>,49,0.0109571
13,&thorn;e,<code>&amp;t;e</code>,45,0.0100626
14,ne,<code>ne</code>,42,0.0093918
15,swa,<code>swa</code>,39,0.0087209
16,&eth;a,<code>&amp;d;a</code>,37,0.0082737
17,his,<code>his</code>,31,0.0069320
18,&thorn;&aelig;r,<code>&amp;t;&amp;ae;r</code>,26,0.0058140
19,&thorn;urh,<code>&amp;t;urh</code>,25,0.0055903
20,for,<code>for</code>,23,0.0051431
21,&thorn;u,<code>&amp;t;u</code>,22,0.0049195
21,weard,<code>weard</code>,22,0.0049195
23,&eth;e,<code>&amp;d;e</code>,20,0.0044723
23,drihten,<code>drihten</code>,20,0.0044723
25,wear&eth;,<code>wear&amp;d;</code>,19,0.0042487
26,&thorn;&aelig;s,<code>&amp;t;&amp;ae;s</code>,18,0.0040250
26,ac,<code>ac</code>,18,0.0040250
26,godes,<code>godes</code>,18,0.0040250
26,o&eth;&thorn;&aelig;t,<code>o&amp;d;&amp;t;&amp;ae;t</code>,18,0.0040250
26,of,<code>of</code>,18,0.0040250
26,ofer,<code>ofer</code>,18,0.0040250
32,babilone,<code>babilone</code>,16,0.0035778
32,god,<code>god</code>,16,0.0035778
34,&thorn;ec,<code>&amp;t;ec</code>,15,0.0033542
34,si&eth;&eth;an,<code>si&amp;d;&amp;d;an</code>,15,0.0033542
36,het,<code>het</code>,14,0.0031306
36,w&aelig;ron,<code>w&amp;ae;ron</code>,14,0.0031306
38,&thorn;onne,<code>&amp;t;onne</code>,13,0.0029070
38,cyning,<code>cyning</code>,13,0.0029070
38,metod,<code>metod</code>,13,0.0029070
38,w&aelig;re,<code>w&amp;ae;re</code>,13,0.0029070
42,&aelig;r,<code>&amp;ae;r</code>,12,0.0026834
42,israela,<code>israela</code>,12,0.0026834
42,mid,<code>mid</code>,12,0.0026834
45,&eth;am,<code>&amp;d;am</code>,11,0.0024597
45,daniel,<code>daniel</code>,11,0.0024597
45,ic,<code>ic</code>,11,0.0024597
45,rice,<code>rice</code>,11,0.0024597
45,seo,<code>seo</code>,11,0.0024597
45,wolde,<code>wolde</code>,11,0.0024597
45,wundor,<code>wundor</code>,11,0.0024597
52,&thorn;one,<code>&amp;t;one</code>,10,0.0022361
52,engel,<code>engel</code>,10,0.0022361
52,fyres,<code>fyres</code>,10,0.0022361
52,metodes,<code>metodes</code>,10,0.0022361
52,we,<code>we</code>,10,0.0022361
57,&thorn;&aelig;re,<code>&amp;t;&amp;ae;re</code>,9,0.0020125
57,aldor,<code>aldor</code>,9,0.0020125
57,halig,<code>halig</code>,9,0.0020125
57,hyra,<code>hyra</code>,9,0.0020125
57,men,<code>men</code>,9,0.0020125
57,mihte,<code>mihte</code>,9,0.0020125
57,no,<code>no</code>,9,0.0020125
57,sefan,<code>sefan</code>,9,0.0020125
57,waldend,<code>waldend</code>,9,0.0020125
57,wi&eth;,<code>wi&amp;d;</code>,9,0.0020125
67,&aelig;fter,<code>&amp;ae;fter</code>,8,0.0017889
67,&eth;ec,<code>&amp;d;ec</code>,8,0.0017889
67,ana,<code>ana</code>,8,0.0017889
67,dom,<code>dom</code>,8,0.0017889
67,ealle,<code>ealle</code>,8,0.0017889
67,ece,<code>ece</code>,8,0.0017889
67,eft,<code>eft</code>,8,0.0017889
67,geseah,<code>geseah</code>,8,0.0017889
67,gode,<code>gode</code>,8,0.0017889
67,gumena,<code>gumena</code>,8,0.0017889
67,hand,<code>hand</code>,8,0.0017889
67,hw&aelig;t,<code>hw&amp;ae;t</code>,8,0.0017889
67,is,<code>is</code>,8,0.0017889
67,nu,<code>nu</code>,8,0.0017889
81,&aelig;t,<code>&amp;ae;t</code>,7,0.0015653
81,&thorn;&aelig;tte,<code>&amp;t;&amp;ae;tte</code>,7,0.0015653
81,&thorn;ara,<code>&amp;t;ara</code>,7,0.0015653
81,&thorn;eah,<code>&amp;t;eah</code>,7,0.0015653
81,&thorn;ry,<code>&amp;t;ry</code>,7,0.0015653
81,eac,<code>eac</code>,7,0.0015653
81,hyssas,<code>hyssas</code>,7,0.0015653
81,sceolde,<code>sceolde</code>,7,0.0015653
81,so&eth;,<code>so&amp;d;</code>,7,0.0015653
81,under,<code>under</code>,7,0.0015653
81,wite,<code>wite</code>,7,0.0015653
81,wordum,<code>wordum</code>,7,0.0015653
93,&aelig;lmihtig,<code>&amp;ae;lmihtig</code>,6,0.0013417
93,&eth;&aelig;r,<code>&amp;d;&amp;ae;r</code>,6,0.0013417
93,bl&aelig;d,<code>bl&amp;ae;d</code>,6,0.0013417
93,byrig,<code>byrig</code>,6,0.0013417
93,caldea,<code>caldea</code>,6,0.0013417
93,cr&aelig;ft,<code>cr&amp;ae;ft</code>,6,0.0013417
93,cyn,<code>cyn</code>,6,0.0013417
93,drihtne,<code>drihtne</code>,6,0.0013417
93,eart,<code>eart</code>,6,0.0013417
93,egesan,<code>egesan</code>,6,0.0013417
93,eor&eth;an,<code>eor&amp;d;an</code>,6,0.0013417
93,fela,<code>fela</code>,6,0.0013417
93,gast,<code>gast</code>,6,0.0013417
93,ge,<code>ge</code>,6,0.0013417
93,geond,<code>geond</code>,6,0.0013417
93,hean,<code>hean</code>,6,0.0013417
93,herige,<code>herige</code>,6,0.0013417
93,hu,<code>hu</code>,6,0.0013417
93,leoda,<code>leoda</code>,6,0.0013417
93,lig,<code>lig</code>,6,0.0013417
93,m&aelig;re,<code>m&amp;ae;re</code>,6,0.0013417
93,me,<code>me</code>,6,0.0013417
93,nabochodonossor,<code>nabochodonossor</code>,6,0.0013417
93,ofne,<code>ofne</code>,6,0.0013417
93,ongan,<code>ongan</code>,6,0.0013417
93,roderum,<code>roderum</code>,6,0.0013417
93,swefen,<code>swefen</code>,6,0.0013417
93,swefnes,<code>swefnes</code>,6,0.0013417
93,swi&eth;mod,<code>swi&amp;d;mod</code>,6,0.0013417
122,&thorn;in,<code>&amp;t;in</code>,5,0.0011181
122,bude,<code>bude</code>,5,0.0011181
122,cw&aelig;&eth;,<code>cw&amp;ae;&amp;d;</code>,5,0.0011181
122,drihtnes,<code>drihtnes</code>,5,0.0011181
122,dyde,<code>dyde</code>,5,0.0011181
122,folca,<code>folca</code>,5,0.0011181
122,gehwilc,<code>gehwilc</code>,5,0.0011181
122,guman,<code>guman</code>,5,0.0011181
122,h&aelig;fdon,<code>h&amp;ae;fdon</code>,5,0.0011181
122,halgum,<code>halgum</code>,5,0.0011181
122,heora,<code>heora</code>,5,0.0011181
122,heortan,<code>heortan</code>,5,0.0011181
122,hine,<code>hine</code>,5,0.0011181
122,micel,<code>micel</code>,5,0.0011181
122,mod,<code>mod</code>,5,0.0011181
122,n&aelig;s,<code>n&amp;ae;s</code>,5,0.0011181
122,o&eth;&eth;e,<code>o&amp;d;&amp;d;e</code>,5,0.0011181
122,oft,<code>oft</code>,5,0.0011181
122,rices,<code>rices</code>,5,0.0011181
122,sealde,<code>sealde</code>,5,0.0011181
122,sinum,<code>sinum</code>,5,0.0011181
122,wera,<code>wera</code>,5,0.0011181
122,wisa,<code>wisa</code>,5,0.0011181
122,word,<code>word</code>,5,0.0011181
122,ymb,<code>ymb</code>,5,0.0011181
147,&eth;eoden,<code>&amp;d;eoden</code>,4,0.0008945
147,&eth;y,<code>&amp;d;y</code>,4,0.0008945
147,&thorn;enden,<code>&amp;t;enden</code>,4,0.0008945
147,&thorn;ine,<code>&amp;t;ine</code>,4,0.0008945
147,beam,<code>beam</code>,4,0.0008945
147,bearn,<code>bearn</code>,4,0.0008945
147,becwom,<code>becwom</code>,4,0.0008945
147,bryne,<code>bryne</code>,4,0.0008945
147,burga,<code>burga</code>,4,0.0008945
147,cnihtas,<code>cnihtas</code>,4,0.0008945
147,cwom,<code>cwom</code>,4,0.0008945
147,deor,<code>deor</code>,4,0.0008945
147,domas,<code>domas</code>,4,0.0008945
147,eall,<code>eall</code>,4,0.0008945
147,eallum,<code>eallum</code>,4,0.0008945
147,eorlum,<code>eorlum</code>,4,0.0008945
147,folc,<code>folc</code>,4,0.0008945
147,foran,<code>foran</code>,4,0.0008945
147,frea,<code>frea</code>,4,0.0008945
147,fyr,<code>fyr</code>,4,0.0008945
147,gastes,<code>gastes</code>,4,0.0008945
147,gecw&aelig;&eth;,<code>gecw&amp;ae;&amp;d;</code>,4,0.0008945
147,gecy&eth;ed,<code>gecy&amp;d;ed</code>,4,0.0008945
147,gefr&aelig;gn,<code>gefr&amp;ae;gn</code>,4,0.0008945
147,generede,<code>generede</code>,4,0.0008945
147,georne,<code>georne</code>,4,0.0008945
147,gestreon,<code>gestreon</code>,4,0.0008945
147,gewat,<code>gewat</code>,4,0.0008945
147,gryre,<code>gryre</code>,4,0.0008945
147,gylp,<code>gylp</code>,4,0.0008945
147,h&aelig;&eth;enan,<code>h&amp;ae;&amp;d;enan</code>,4,0.0008945
147,h&aelig;le&eth;,<code>h&amp;ae;le&amp;d;</code>,4,0.0008945
147,h&aelig;le&eth;a,<code>h&amp;ae;le&amp;d;a</code>,4,0.0008945
147,halgan,<code>halgan</code>,4,0.0008945
147,heah,<code>heah</code>,4,0.0008945
147,heriga&eth;,<code>heriga&amp;d;</code>,4,0.0008945
147,hige,<code>hige</code>,4,0.0008945
147,hit,<code>hit</code>,4,0.0008945
147,innan,<code>innan</code>,4,0.0008945
147,lafe,<code>lafe</code>,4,0.0008945
147,leodum,<code>leodum</code>,4,0.0008945
147,m&aelig;nigeo,<code>m&amp;ae;nigeo</code>,4,0.0008945
147,mihta,<code>mihta</code>,4,0.0008945
147,mihtum,<code>mihtum</code>,4,0.0008945
147,min,<code>min</code>,4,0.0008945
147,mode,<code>mode</code>,4,0.0008945
147,ni&eth;,<code>ni&amp;d;</code>,4,0.0008945
147,r&aelig;swa,<code>r&amp;ae;swa</code>,4,0.0008945
147,sceoldon,<code>sceoldon</code>,4,0.0008945
147,secan,<code>secan</code>,4,0.0008945
147,seld,<code>seld</code>,4,0.0008945
147,sende,<code>sende</code>,4,0.0008945
147,seofon,<code>seofon</code>,4,0.0008945
147,sie,<code>sie</code>,4,0.0008945
147,snytro,<code>snytro</code>,4,0.0008945
147,so&eth;f&aelig;st,<code>so&amp;d;f&amp;ae;st</code>,4,0.0008945
147,stod,<code>stod</code>,4,0.0008945
147,up,<code>up</code>,4,0.0008945
147,wide,<code>wide</code>,4,0.0008945
147,wisdom,<code>wisdom</code>,4,0.0008945
147,wlite,<code>wlite</code>,4,0.0008945
208,&aelig;,<code>&amp;ae;</code>,3,0.0006708
208,&aelig;&eth;elinge,<code>&amp;ae;&amp;d;elinge</code>,3,0.0006708
208,&aelig;f&aelig;ste,<code>&amp;ae;f&amp;ae;ste</code>,3,0.0006708
208,&aelig;hta,<code>&amp;ae;hta</code>,3,0.0006708
208,&eth;&aelig;re,<code>&amp;d;&amp;ae;re</code>,3,0.0006708
208,&eth;&aelig;s,<code>&amp;d;&amp;ae;s</code>,3,0.0006708
208,&eth;eah,<code>&amp;d;eah</code>,3,0.0006708
208,&eth;eode,<code>&amp;d;eode</code>,3,0.0006708
208,&eth;on,<code>&amp;d;on</code>,3,0.0006708
208,&thorn;eode,<code>&amp;t;eode</code>,3,0.0006708
208,&thorn;uhte,<code>&amp;t;uhte</code>,3,0.0006708
208,&thorn;y,<code>&amp;t;y</code>,3,0.0006708
208,a,<code>a</code>,3,0.0006708
208,aldre,<code>aldre</code>,3,0.0006708
208,an,<code>an</code>,3,0.0006708
208,andswarode,<code>andswarode</code>,3,0.0006708
208,ane,<code>ane</code>,3,0.0006708
208,annanias,<code>annanias</code>,3,0.0006708
208,azarias,<code>azarias</code>,3,0.0006708
208,b&aelig;ron,<code>b&amp;ae;ron</code>,3,0.0006708
208,beorht,<code>beorht</code>,3,0.0006708
208,bi&eth;,<code>bi&amp;d;</code>,3,0.0006708
208,brego,<code>brego</code>,3,0.0006708
208,burh,<code>burh</code>,3,0.0006708
208,burhsittendum,<code>burhsittendum</code>,3,0.0006708
208,caldeas,<code>caldeas</code>,3,0.0006708
208,com,<code>com</code>,3,0.0006708
208,cr&aelig;ftas,<code>cr&amp;ae;ftas</code>,3,0.0006708
208,cyninge,<code>cyninge</code>,3,0.0006708
208,dome,<code>dome</code>,3,0.0006708
208,dreamas,<code>dreamas</code>,3,0.0006708
208,e&eth;el,<code>e&amp;d;el</code>,3,0.0006708
208,ebrea,<code>ebrea</code>,3,0.0006708
208,ecne,<code>ecne</code>,3,0.0006708
208,ende,<code>ende</code>,3,0.0006708
208,eorlas,<code>eorlas</code>,3,0.0006708
208,f&aelig;der,<code>f&amp;ae;der</code>,3,0.0006708
208,foldan,<code>foldan</code>,3,0.0006708
208,fram,<code>fram</code>,3,0.0006708
208,frean,<code>frean</code>,3,0.0006708
208,frecne,<code>frecne</code>,3,0.0006708
208,fri&eth;e,<code>fri&amp;d;e</code>,3,0.0006708
208,gangan,<code>gangan</code>,3,0.0006708
208,gasta,<code>gasta</code>,3,0.0006708
208,gastas,<code>gastas</code>,3,0.0006708
208,gehw&aelig;s,<code>gehw&amp;ae;s</code>,3,0.0006708
208,georn,<code>georn</code>,3,0.0006708
208,gerynu,<code>gerynu</code>,3,0.0006708
208,gesceod,<code>gesceod</code>,3,0.0006708
208,gold,<code>gold</code>,3,0.0006708
208,golde,<code>golde</code>,3,0.0006708
208,h&aelig;fde,<code>h&amp;ae;fde</code>,3,0.0006708
208,hade,<code>hade</code>,3,0.0006708
208,halige,<code>halige</code>,3,0.0006708
208,hatan,<code>hatan</code>,3,0.0006708
208,hea,<code>hea</code>,3,0.0006708
208,healdan,<code>healdan</code>,3,0.0006708
208,hearde,<code>hearde</code>,3,0.0006708
208,heofona,<code>heofona</code>,3,0.0006708
208,heofonrices,<code>heofonrices</code>,3,0.0006708
208,heofonum,<code>heofonum</code>,3,0.0006708
208,heredon,<code>heredon</code>,3,0.0006708
208,heriges,<code>heriges</code>,3,0.0006708
208,hw&aelig;&eth;ere,<code>hw&amp;ae;&amp;d;ere</code>,3,0.0006708
208,hwile,<code>hwile</code>,3,0.0006708
208,landa,<code>landa</code>,3,0.0006708
208,lare,<code>lare</code>,3,0.0006708
208,leode,<code>leode</code>,3,0.0006708
208,let,<code>let</code>,3,0.0006708
208,lifgende,<code>lifgende</code>,3,0.0006708
208,lige,<code>lige</code>,3,0.0006708
208,lufan,<code>lufan</code>,3,0.0006708
208,man,<code>man</code>,3,0.0006708
208,manegum,<code>manegum</code>,3,0.0006708
208,mannum,<code>mannum</code>,3,0.0006708
208,meahte,<code>meahte</code>,3,0.0006708
208,metode,<code>metode</code>,3,0.0006708
208,micle,<code>micle</code>,3,0.0006708
208,middangeard,<code>middangeard</code>,3,0.0006708
208,miht,<code>miht</code>,3,0.0006708
208,mihtig,<code>mihtig</code>,3,0.0006708
208,mine,<code>mine</code>,3,0.0006708
208,misael,<code>misael</code>,3,0.0006708
208,nergend,<code>nergend</code>,3,0.0006708
208,noldon,<code>noldon</code>,3,0.0006708
208,oferhyd,<code>oferhyd</code>,3,0.0006708
208,ofn,<code>ofn</code>,3,0.0006708
208,onget,<code>onget</code>,3,0.0006708
208,owiht,<code>owiht</code>,3,0.0006708
208,reste,<code>reste</code>,3,0.0006708
208,s&aelig;gde,<code>s&amp;ae;gde</code>,3,0.0006708
208,scur,<code>scur</code>,3,0.0006708
208,scyppend,<code>scyppend</code>,3,0.0006708
208,secgan,<code>secgan</code>,3,0.0006708
208,sefa,<code>sefa</code>,3,0.0006708
208,sine,<code>sine</code>,3,0.0006708
208,sl&aelig;pe,<code>sl&amp;ae;pe</code>,3,0.0006708
208,so&eth;um,<code>so&amp;d;um</code>,3,0.0006708
208,susl,<code>susl</code>,3,0.0006708
208,swefn,<code>swefn</code>,3,0.0006708
208,swi&eth;e,<code>swi&amp;d;e</code>,3,0.0006708
208,tacen,<code>tacen</code>,3,0.0006708
208,telgum,<code>telgum</code>,3,0.0006708
208,tosomne,<code>tosomne</code>,3,0.0006708
208,user,<code>user</code>,3,0.0006708
208,welan,<code>welan</code>,3,0.0006708
208,wer,<code>wer</code>,3,0.0006708
208,wereda,<code>wereda</code>,3,0.0006708
208,winter,<code>winter</code>,3,0.0006708
208,wiston,<code>wiston</code>,3,0.0006708
208,woldon,<code>woldon</code>,3,0.0006708
208,worda,<code>worda</code>,3,0.0006708
208,wuldre,<code>wuldre</code>,3,0.0006708
208,wuldres,<code>wuldres</code>,3,0.0006708
208,wulfheort,<code>wulfheort</code>,3,0.0006708
208,wur&eth;an,<code>wur&amp;d;an</code>,3,0.0006708
208,wur&eth;ia&eth;,<code>wur&amp;d;ia&amp;d;</code>,3,0.0006708
208,wylm,<code>wylm</code>,3,0.0006708
208,wyrcan,<code>wyrcan</code>,3,0.0006708
208,wyrda,<code>wyrda</code>,3,0.0006708
208,yrre,<code>yrre</code>,3,0.0006708
329,&aelig;&eth;elum,<code>&amp;ae;&amp;d;elum</code>,2,0.0004472
329,&aelig;cr&aelig;ftig,<code>&amp;ae;cr&amp;ae;ftig</code>,2,0.0004472
329,&aelig;ht,<code>&amp;ae;ht</code>,2,0.0004472
329,&aelig;hte,<code>&amp;ae;hte</code>,2,0.0004472
329,&aelig;rest,<code>&amp;ae;rest</code>,2,0.0004472
329,&eth;eoda,<code>&amp;d;eoda</code>,2,0.0004472
329,&eth;u,<code>&amp;d;u</code>,2,0.0004472
329,&thorn;eoden,<code>&amp;t;eoden</code>,2,0.0004472
329,&thorn;eodne,<code>&amp;t;eodne</code>,2,0.0004472
329,&thorn;eodnes,<code>&amp;t;eodnes</code>,2,0.0004472
329,&thorn;inne,<code>&amp;t;inne</code>,2,0.0004472
329,&thorn;yder,<code>&amp;t;yder</code>,2,0.0004472
329,abrecan,<code>abrecan</code>,2,0.0004472
329,agan,<code>agan</code>,2,0.0004472
329,ahicgan,<code>ahicgan</code>,2,0.0004472
329,ahton,<code>ahton</code>,2,0.0004472
329,alwihta,<code>alwihta</code>,2,0.0004472
329,andan,<code>andan</code>,2,0.0004472
329,anne,<code>anne</code>,2,0.0004472
329,areccan,<code>areccan</code>,2,0.0004472
329,astah,<code>astah</code>,2,0.0004472
329,babilonia,<code>babilonia</code>,2,0.0004472
329,baldazar,<code>baldazar</code>,2,0.0004472
329,be,<code>be</code>,2,0.0004472
329,beacne,<code>beacne</code>,2,0.0004472
329,bearnum,<code>bearnum</code>,2,0.0004472
329,bebead,<code>bebead</code>,2,0.0004472
329,beornas,<code>beornas</code>,2,0.0004472
329,bera&eth;,<code>bera&amp;d;</code>,2,0.0004472
329,beran,<code>beran</code>,2,0.0004472
329,bere,<code>bere</code>,2,0.0004472
329,beswac,<code>beswac</code>,2,0.0004472
329,bl&aelig;dum,<code>bl&amp;ae;dum</code>,2,0.0004472
329,bli&eth;e,<code>bli&amp;d;e</code>,2,0.0004472
329,bocstafas,<code>bocstafas</code>,2,0.0004472
329,bote,<code>bote</code>,2,0.0004472
329,byman,<code>byman</code>,2,0.0004472
329,byrnende,<code>byrnende</code>,2,0.0004472
329,ceastre,<code>ceastre</code>,2,0.0004472
329,cnihtum,<code>cnihtum</code>,2,0.0004472
329,comon,<code>comon</code>,2,0.0004472
329,cu&eth;,<code>cu&amp;d;</code>,2,0.0004472
329,cu&eth;on,<code>cu&amp;d;on</code>,2,0.0004472
329,cuman,<code>cuman</code>,2,0.0004472
329,curon,<code>curon</code>,2,0.0004472
329,cwome,<code>cwome</code>,2,0.0004472
329,cyme,<code>cyme</code>,2,0.0004472
329,cynegode,<code>cynegode</code>,2,0.0004472
329,cyningdom,<code>cyningdom</code>,2,0.0004472
329,cyninges,<code>cyninges</code>,2,0.0004472
329,d&aelig;g,<code>d&amp;ae;g</code>,2,0.0004472
329,d&aelig;ge,<code>d&amp;ae;ge</code>,2,0.0004472
329,d&aelig;lan,<code>d&amp;ae;lan</code>,2,0.0004472
329,deaw,<code>deaw</code>,2,0.0004472
329,domige,<code>domige</code>,2,0.0004472
329,don,<code>don</code>,2,0.0004472
329,dugu&eth;e,<code>dugu&amp;d;e</code>,2,0.0004472
329,dyrust,<code>dyrust</code>,2,0.0004472
329,ealles,<code>ealles</code>,2,0.0004472
329,ealne,<code>ealne</code>,2,0.0004472
329,eard,<code>eard</code>,2,0.0004472
329,engles,<code>engles</code>,2,0.0004472
329,eorla,<code>eorla</code>,2,0.0004472
329,f&aelig;st,<code>f&amp;ae;st</code>,2,0.0004472
329,feore,<code>feore</code>,2,0.0004472
329,feorh,<code>feorh</code>,2,0.0004472
329,feorhnere,<code>feorhnere</code>,2,0.0004472
329,feran,<code>feran</code>,2,0.0004472
329,findan,<code>findan</code>,2,0.0004472
329,folce,<code>folce</code>,2,0.0004472
329,folctoga,<code>folctoga</code>,2,0.0004472
329,folctogan,<code>folctogan</code>,2,0.0004472
329,for&thorn;am,<code>for&amp;t;am</code>,2,0.0004472
329,forgeaf,<code>forgeaf</code>,2,0.0004472
329,forleton,<code>forleton</code>,2,0.0004472
329,fr&aelig;gn,<code>fr&amp;ae;gn</code>,2,0.0004472
329,freobearn,<code>freobearn</code>,2,0.0004472
329,fyre,<code>fyre</code>,2,0.0004472
329,gang,<code>gang</code>,2,0.0004472
329,gaste,<code>gaste</code>,2,0.0004472
329,geaf,<code>geaf</code>,2,0.0004472
329,gebindan,<code>gebindan</code>,2,0.0004472
329,geboden,<code>geboden</code>,2,0.0004472
329,gecoren,<code>gecoren</code>,2,0.0004472
329,gecw&aelig;don,<code>gecw&amp;ae;don</code>,2,0.0004472
329,gecy&eth;de,<code>gecy&amp;d;de</code>,2,0.0004472
329,gedemed,<code>gedemed</code>,2,0.0004472
329,gedydon,<code>gedydon</code>,2,0.0004472
329,gehwam,<code>gehwam</code>,2,0.0004472
329,gehwearf,<code>gehwearf</code>,2,0.0004472
329,gelicost,<code>gelicost</code>,2,0.0004472
329,gelyfdon,<code>gelyfdon</code>,2,0.0004472
329,gemet,<code>gemet</code>,2,0.0004472
329,gemunde,<code>gemunde</code>,2,0.0004472
329,genamon,<code>genamon</code>,2,0.0004472
329,geonge,<code>geonge</code>,2,0.0004472
329,ges&aelig;de,<code>ges&amp;ae;de</code>,2,0.0004472
329,gesceaft,<code>gesceaft</code>,2,0.0004472
329,gesceafte,<code>gesceafte</code>,2,0.0004472
329,gesceode,<code>gesceode</code>,2,0.0004472
329,gescylde,<code>gescylde</code>,2,0.0004472
329,geteode,<code>geteode</code>,2,0.0004472
329,gewealde,<code>gewealde</code>,2,0.0004472
329,gewear&eth;,<code>gewear&amp;d;</code>,2,0.0004472
329,gewittes,<code>gewittes</code>,2,0.0004472
329,geworhte,<code>geworhte</code>,2,0.0004472
329,gife,<code>gife</code>,2,0.0004472
329,gingum,<code>gingum</code>,2,0.0004472
329,gleaw,<code>gleaw</code>,2,0.0004472
329,grim,<code>grim</code>,2,0.0004472
329,grome,<code>grome</code>,2,0.0004472
329,grund,<code>grund</code>,2,0.0004472
329,gylpe,<code>gylpe</code>,2,0.0004472
329,h&aelig;&eth;en,<code>h&amp;ae;&amp;d;en</code>,2,0.0004472
329,h&aelig;&eth;ena,<code>h&amp;ae;&amp;d;ena</code>,2,0.0004472
329,h&aelig;&eth;ne,<code>h&amp;ae;&amp;d;ne</code>,2,0.0004472
329,h&aelig;ftas,<code>h&amp;ae;ftas</code>,2,0.0004472
329,habban,<code>habban</code>,2,0.0004472
329,had,<code>had</code>,2,0.0004472
329,halegu,<code>halegu</code>,2,0.0004472
329,haliges,<code>haliges</code>,2,0.0004472
329,heahcyning,<code>heahcyning</code>,2,0.0004472
329,healle,<code>healle</code>,2,0.0004472
329,help,<code>help</code>,2,0.0004472
329,heofonsteorran,<code>heofonsteorran</code>,2,0.0004472
329,hleo,<code>hleo</code>,2,0.0004472
329,hleo&eth;orcwyde,<code>hleo&amp;d;orcwyde</code>,2,0.0004472
329,hold,<code>hold</code>,2,0.0004472
329,hrof,<code>hrof</code>,2,0.0004472
329,huslfatu,<code>huslfatu</code>,2,0.0004472
329,hweorfan,<code>hweorfan</code>,2,0.0004472
329,hwurfon,<code>hwurfon</code>,2,0.0004472
329,hyge,<code>hyge</code>,2,0.0004472
329,hyld,<code>hyld</code>,2,0.0004472
329,hyran,<code>hyran</code>,2,0.0004472
329,hyrde,<code>hyrde</code>,2,0.0004472
329,la&eth;e,<code>la&amp;d;e</code>,2,0.0004472
329,lange,<code>lange</code>,2,0.0004472
329,leas,<code>leas</code>,2,0.0004472
329,leoman,<code>leoman</code>,2,0.0004472
329,lice,<code>lice</code>,2,0.0004472
329,lifes,<code>lifes</code>,2,0.0004472
329,liges,<code>liges</code>,2,0.0004472
329,lofige,<code>lofige</code>,2,0.0004472
329,m&aelig;gen,<code>m&amp;ae;gen</code>,2,0.0004472
329,m&aelig;nige,<code>m&amp;ae;nige</code>,2,0.0004472
329,mancynne,<code>mancynne</code>,2,0.0004472
329,mihton,<code>mihton</code>,2,0.0004472
329,modig,<code>modig</code>,2,0.0004472
329,modum,<code>modum</code>,2,0.0004472
329,nales,<code>nales</code>,2,0.0004472
329,naman,<code>naman</code>,2,0.0004472
329,ni&eth;hete,<code>ni&amp;d;hete</code>,2,0.0004472
329,nis,<code>nis</code>,2,0.0004472
329,nym&eth;e,<code>nym&amp;d;e</code>,2,0.0004472
329,nym&thorn;e,<code>nym&amp;t;e</code>,2,0.0004472
329,o&eth;,<code>o&amp;d;</code>,2,0.0004472
329,ofen,<code>ofen</code>,2,0.0004472
329,onfon,<code>onfon</code>,2,0.0004472
329,ongeat,<code>ongeat</code>,2,0.0004472
329,onwoc,<code>onwoc</code>,2,0.0004472
329,r&aelig;d,<code>r&amp;ae;d</code>,2,0.0004472
329,r&aelig;dan,<code>r&amp;ae;dan</code>,2,0.0004472
329,re&eth;e,<code>re&amp;d;e</code>,2,0.0004472
329,reccan,<code>reccan</code>,2,0.0004472
329,reorde,<code>reorde</code>,2,0.0004472
329,run,<code>run</code>,2,0.0004472
329,s&aelig;de,<code>s&amp;ae;de</code>,2,0.0004472
329,s&aelig;don,<code>s&amp;ae;don</code>,2,0.0004472
329,s&aelig;gdon,<code>s&amp;ae;gdon</code>,2,0.0004472
329,s&aelig;ton,<code>s&amp;ae;ton</code>,2,0.0004472
329,samod,<code>samod</code>,2,0.0004472
329,scealcas,<code>scealcas</code>,2,0.0004472
329,scylde,<code>scylde</code>,2,0.0004472
329,scyldig,<code>scyldig</code>,2,0.0004472
329,sennera,<code>sennera</code>,2,0.0004472
329,si&eth;,<code>si&amp;d;</code>,2,0.0004472
329,si&eth;estan,<code>si&amp;d;estan</code>,2,0.0004472
329,sidne,<code>sidne</code>,2,0.0004472
329,siendon,<code>siendon</code>,2,0.0004472
329,sinra,<code>sinra</code>,2,0.0004472
329,snotor,<code>snotor</code>,2,0.0004472
329,so&eth;e,<code>so&amp;d;e</code>,2,0.0004472
329,so&eth;ra,<code>so&amp;d;ra</code>,2,0.0004472
329,somod,<code>somod</code>,2,0.0004472
329,sped,<code>sped</code>,2,0.0004472
329,spelboda,<code>spelboda</code>,2,0.0004472
329,spelbodan,<code>spelbodan</code>,2,0.0004472
329,sta&eth;ole,<code>sta&amp;d;ole</code>,2,0.0004472
329,stefn,<code>stefn</code>,2,0.0004472
329,stefne,<code>stefne</code>,2,0.0004472
329,stille,<code>stille</code>,2,0.0004472
329,swilc,<code>swilc</code>,2,0.0004472
329,swylc,<code>swylc</code>,2,0.0004472
329,swylce,<code>swylce</code>,2,0.0004472
329,sylfa,<code>sylfa</code>,2,0.0004472
329,sylfe,<code>sylfe</code>,2,0.0004472
329,teodest,<code>teodest</code>,2,0.0004472
329,treow,<code>treow</code>,2,0.0004472
329,twigum,<code>twigum</code>,2,0.0004472
329,ufan,<code>ufan</code>,2,0.0004472
329,unbli&eth;e,<code>unbli&amp;d;e</code>,2,0.0004472
329,unriht,<code>unriht</code>,2,0.0004472
329,unrim,<code>unrim</code>,2,0.0004472
329,us,<code>us</code>,2,0.0004472
329,usic,<code>usic</code>,2,0.0004472
329,ut,<code>ut</code>,2,0.0004472
329,wa&eth;e,<code>wa&amp;d;e</code>,2,0.0004472
329,wealde&eth;,<code>wealde&amp;d;</code>,2,0.0004472
329,weor&eth;e&eth;,<code>weor&amp;d;e&amp;d;</code>,2,0.0004472
329,weras,<code>weras</code>,2,0.0004472
329,werede,<code>werede</code>,2,0.0004472
329,werod,<code>werod</code>,2,0.0004472
329,werude,<code>werude</code>,2,0.0004472
329,werum,<code>werum</code>,2,0.0004472
329,wesan,<code>wesan</code>,2,0.0004472
329,west,<code>west</code>,2,0.0004472
329,westen,<code>westen</code>,2,0.0004472
329,wig,<code>wig</code>,2,0.0004472
329,wihte,<code>wihte</code>,2,0.0004472
329,wildeora,<code>wildeora</code>,2,0.0004472
329,wildu,<code>wildu</code>,2,0.0004472
329,wisse,<code>wisse</code>,2,0.0004472
329,wiste,<code>wiste</code>,2,0.0004472
329,witig,<code>witig</code>,2,0.0004472
329,wlenco,<code>wlenco</code>,2,0.0004472
329,wlitig,<code>wlitig</code>,2,0.0004472
329,wolcna,<code>wolcna</code>,2,0.0004472
329,woma,<code>woma</code>,2,0.0004472
329,wordcwyde,<code>wordcwyde</code>,2,0.0004472
329,worhton,<code>worhton</code>,2,0.0004472
329,worn,<code>worn</code>,2,0.0004472
329,worulde,<code>worulde</code>,2,0.0004472
329,write,<code>write</code>,2,0.0004472
329,wudubeam,<code>wudubeam</code>,2,0.0004472
329,wuldor,<code>wuldor</code>,2,0.0004472
329,wuldorcyning,<code>wuldorcyning</code>,2,0.0004472
329,wundrum,<code>wundrum</code>,2,0.0004472
329,wunian,<code>wunian</code>,2,0.0004472
329,wur&eth;edon,<code>wur&amp;d;edon</code>,2,0.0004472
329,wyrd,<code>wyrd</code>,2,0.0004472
329,wyrrestan,<code>wyrrestan</code>,2,0.0004472
329,wyrtruman,<code>wyrtruman</code>,2,0.0004472
572,&aelig;&eth;ele,<code>&amp;ae;&amp;d;ele</code>,1,0.0002236
572,&aelig;&eth;eling,<code>&amp;ae;&amp;d;eling</code>,1,0.0002236
572,&aelig;&eth;elinga,<code>&amp;ae;&amp;d;elinga</code>,1,0.0002236
572,&aelig;&eth;elingas,<code>&amp;ae;&amp;d;elingas</code>,1,0.0002236
572,&aelig;cr&aelig;ftas,<code>&amp;ae;cr&amp;ae;ftas</code>,1,0.0002236
572,&aelig;fre,<code>&amp;ae;fre</code>,1,0.0002236
572,&aelig;ghw&aelig;s,<code>&amp;ae;ghw&amp;ae;s</code>,1,0.0002236
572,&aelig;htum,<code>&amp;ae;htum</code>,1,0.0002236
572,&aelig;lbeorht,<code>&amp;ae;lbeorht</code>,1,0.0002236
572,&aelig;led,<code>&amp;ae;led</code>,1,0.0002236
572,&aelig;lmihtiges,<code>&amp;ae;lmihtiges</code>,1,0.0002236
572,&aelig;lmihtigne,<code>&amp;ae;lmihtigne</code>,1,0.0002236
572,&aelig;lmyssan,<code>&amp;ae;lmyssan</code>,1,0.0002236
572,&aelig;nig,<code>&amp;ae;nig</code>,1,0.0002236
572,&aelig;rendbec,<code>&amp;ae;rendbec</code>,1,0.0002236
572,&aelig;renum,<code>&amp;ae;renum</code>,1,0.0002236
572,&aelig;tb&aelig;r,<code>&amp;ae;tb&amp;ae;r</code>,1,0.0002236
572,&aelig;te,<code>&amp;ae;te</code>,1,0.0002236
572,&aelig;tywed,<code>&amp;ae;tywed</code>,1,0.0002236
572,&eth;ara,<code>&amp;d;ara</code>,1,0.0002236
572,&eth;eaw,<code>&amp;d;eaw</code>,1,0.0002236
572,&eth;eodne,<code>&amp;d;eodne</code>,1,0.0002236
572,&eth;eonydum,<code>&amp;d;eonydum</code>,1,0.0002236
572,&eth;one,<code>&amp;d;one</code>,1,0.0002236
572,&eth;onne,<code>&amp;d;onne</code>,1,0.0002236
572,&eth;ry,<code>&amp;d;ry</code>,1,0.0002236
572,&eth;uhte,<code>&amp;d;uhte</code>,1,0.0002236
572,&eth;urhgleded,<code>&amp;d;urhgleded</code>,1,0.0002236
572,&thorn;afigan,<code>&amp;t;afigan</code>,1,0.0002236
572,&thorn;an,<code>&amp;t;an</code>,1,0.0002236
572,&thorn;anc,<code>&amp;t;anc</code>,1,0.0002236
572,&thorn;ancia&eth;,<code>&amp;t;ancia&amp;d;</code>,1,0.0002236
572,&thorn;ancode,<code>&amp;t;ancode</code>,1,0.0002236
572,&thorn;as,<code>&amp;t;as</code>,1,0.0002236
572,&thorn;eaw,<code>&amp;t;eaw</code>,1,0.0002236
572,&thorn;egn,<code>&amp;t;egn</code>,1,0.0002236
572,&thorn;egna,<code>&amp;t;egna</code>,1,0.0002236
572,&thorn;egnas,<code>&amp;t;egnas</code>,1,0.0002236
572,&thorn;egnum,<code>&amp;t;egnum</code>,1,0.0002236
572,&thorn;eh,<code>&amp;t;eh</code>,1,0.0002236
572,&thorn;eodum,<code>&amp;t;eodum</code>,1,0.0002236
572,&thorn;eostro,<code>&amp;t;eostro</code>,1,0.0002236
572,&thorn;eowned,<code>&amp;t;eowned</code>,1,0.0002236
572,&thorn;ider,<code>&amp;t;ider</code>,1,0.0002236
572,&thorn;inga,<code>&amp;t;inga</code>,1,0.0002236
572,&thorn;is,<code>&amp;t;is</code>,1,0.0002236
572,&thorn;isse,<code>&amp;t;isse</code>,1,0.0002236
572,&thorn;olia&eth;,<code>&amp;t;olia&amp;d;</code>,1,0.0002236
572,&thorn;rage,<code>&amp;t;rage</code>,1,0.0002236
572,&thorn;rah,<code>&amp;t;rah</code>,1,0.0002236
572,&thorn;reanied,<code>&amp;t;reanied</code>,1,0.0002236
572,&thorn;reaum,<code>&amp;t;reaum</code>,1,0.0002236
572,&thorn;ridda,<code>&amp;t;ridda</code>,1,0.0002236
572,&thorn;ridde,<code>&amp;t;ridde</code>,1,0.0002236
572,&thorn;ristum,<code>&amp;t;ristum</code>,1,0.0002236
572,&thorn;rowigean,<code>&amp;t;rowigean</code>,1,0.0002236
572,&thorn;rowode,<code>&amp;t;rowode</code>,1,0.0002236
572,&thorn;rym,<code>&amp;t;rym</code>,1,0.0002236
572,&thorn;rymmes,<code>&amp;t;rymmes</code>,1,0.0002236
572,&thorn;urfe,<code>&amp;t;urfe</code>,1,0.0002236
572,&thorn;urhwodon,<code>&amp;t;urhwodon</code>,1,0.0002236
572,&thorn;ysne,<code>&amp;t;ysne</code>,1,0.0002236
572,a&thorn;encean,<code>a&amp;t;encean</code>,1,0.0002236
572,aban,<code>aban</code>,1,0.0002236
572,abead,<code>abead</code>,1,0.0002236
572,abrahame,<code>abrahame</code>,1,0.0002236
572,abrahames,<code>abrahames</code>,1,0.0002236
572,abrocen,<code>abrocen</code>,1,0.0002236
572,aceorfe&eth;,<code>aceorfe&amp;d;</code>,1,0.0002236
572,acol,<code>acol</code>,1,0.0002236
572,acul,<code>acul</code>,1,0.0002236
572,acw&aelig;&eth;,<code>acw&amp;ae;&amp;d;</code>,1,0.0002236
572,adzarias,<code>adzarias</code>,1,0.0002236
572,af&aelig;stnod,<code>af&amp;ae;stnod</code>,1,0.0002236
572,afeallan,<code>afeallan</code>,1,0.0002236
572,aferan,<code>aferan</code>,1,0.0002236
572,aforon,<code>aforon</code>,1,0.0002236
572,ag&aelig;f,<code>ag&amp;ae;f</code>,1,0.0002236
572,agangen,<code>agangen</code>,1,0.0002236
572,aglac,<code>aglac</code>,1,0.0002236
572,ahte,<code>ahte</code>,1,0.0002236
572,ahwearf,<code>ahwearf</code>,1,0.0002236
572,al&aelig;t,<code>al&amp;ae;t</code>,1,0.0002236
572,al&aelig;ten,<code>al&amp;ae;ten</code>,1,0.0002236
572,aldordom,<code>aldordom</code>,1,0.0002236
572,aldordomes,<code>aldordomes</code>,1,0.0002236
572,aldorfrea,<code>aldorfrea</code>,1,0.0002236
572,aldorlege,<code>aldorlege</code>,1,0.0002236
572,alet,<code>alet</code>,1,0.0002236
572,alhstede,<code>alhstede</code>,1,0.0002236
572,alysde,<code>alysde</code>,1,0.0002236
572,andsaca,<code>andsaca</code>,1,0.0002236
572,andswaredon,<code>andswaredon</code>,1,0.0002236
572,angin,<code>angin</code>,1,0.0002236
572,anhydig,<code>anhydig</code>,1,0.0002236
572,anmedlan,<code>anmedlan</code>,1,0.0002236
572,anmod,<code>anmod</code>,1,0.0002236
572,anra,<code>anra</code>,1,0.0002236
572,anwalh,<code>anwalh</code>,1,0.0002236
572,anwod,<code>anwod</code>,1,0.0002236
572,ar,<code>ar</code>,1,0.0002236
572,ar&aelig;dan,<code>ar&amp;ae;dan</code>,1,0.0002236
572,ar&aelig;dde,<code>ar&amp;ae;dde</code>,1,0.0002236
572,ar&aelig;rde,<code>ar&amp;ae;rde</code>,1,0.0002236
572,are,<code>are</code>,1,0.0002236
572,arehte,<code>arehte</code>,1,0.0002236
572,arna,<code>arna</code>,1,0.0002236
572,as&aelig;gde,<code>as&amp;ae;gde</code>,1,0.0002236
572,asecganne,<code>asecganne</code>,1,0.0002236
572,asette,<code>asette</code>,1,0.0002236
572,astige&eth;,<code>astige&amp;d;</code>,1,0.0002236
572,ateah,<code>ateah</code>,1,0.0002236
572,awacodon,<code>awacodon</code>,1,0.0002236
572,awehte,<code>awehte</code>,1,0.0002236
572,awoc,<code>awoc</code>,1,0.0002236
572,aworpe,<code>aworpe</code>,1,0.0002236
572,awunnen,<code>awunnen</code>,1,0.0002236
572,b&aelig;d,<code>b&amp;ae;d</code>,1,0.0002236
572,b&aelig;don,<code>b&amp;ae;don</code>,1,0.0002236
572,b&aelig;lblyse,<code>b&amp;ae;lblyse</code>,1,0.0002236
572,b&aelig;le,<code>b&amp;ae;le</code>,1,0.0002236
572,b&aelig;r,<code>b&amp;ae;r</code>,1,0.0002236
572,b&aelig;rnan,<code>b&amp;ae;rnan</code>,1,0.0002236
572,babilon,<code>babilon</code>,1,0.0002236
572,babilones,<code>babilones</code>,1,0.0002236
572,babilonie,<code>babilonie</code>,1,0.0002236
572,babilonige,<code>babilonige</code>,1,0.0002236
572,balde,<code>balde</code>,1,0.0002236
572,banum,<code>banum</code>,1,0.0002236
572,baswe,<code>baswe</code>,1,0.0002236
572,be&thorn;eahte,<code>be&amp;t;eahte</code>,1,0.0002236
572,beacen,<code>beacen</code>,1,0.0002236
572,bead,<code>bead</code>,1,0.0002236
572,beames,<code>beames</code>,1,0.0002236
572,bearwe,<code>bearwe</code>,1,0.0002236
572,bebodes,<code>bebodes</code>,1,0.0002236
572,bebodo,<code>bebodo</code>,1,0.0002236
572,bebuga&eth;,<code>bebuga&amp;d;</code>,1,0.0002236
572,befolen,<code>befolen</code>,1,0.0002236
572,begete,<code>begete</code>,1,0.0002236
572,belegde,<code>belegde</code>,1,0.0002236
572,belocene,<code>belocene</code>,1,0.0002236
572,bende,<code>bende</code>,1,0.0002236
572,beon,<code>beon</code>,1,0.0002236
572,beorgas,<code>beorgas</code>,1,0.0002236
572,beorhte,<code>beorhte</code>,1,0.0002236
572,beorn,<code>beorn</code>,1,0.0002236
572,beorna,<code>beorna</code>,1,0.0002236
572,beot,<code>beot</code>,1,0.0002236
572,beote,<code>beote</code>,1,0.0002236
572,bereafodon,<code>bereafodon</code>,1,0.0002236
572,berhtmhwate,<code>berhtmhwate</code>,1,0.0002236
572,beseah,<code>beseah</code>,1,0.0002236
572,besn&aelig;dan,<code>besn&amp;ae;dan</code>,1,0.0002236
572,besn&aelig;ded,<code>besn&amp;ae;ded</code>,1,0.0002236
572,besw&aelig;led,<code>besw&amp;ae;led</code>,1,0.0002236
572,beteran,<code>beteran</code>,1,0.0002236
572,bewindan,<code>bewindan</code>,1,0.0002236
572,bewr&aelig;con,<code>bewr&amp;ae;con</code>,1,0.0002236
572,bewrigene,<code>bewrigene</code>,1,0.0002236
572,bidda&eth;,<code>bidda&amp;d;</code>,1,0.0002236
572,billa,<code>billa</code>,1,0.0002236
572,bitera,<code>bitera</code>,1,0.0002236
572,bl&aelig;de,<code>bl&amp;ae;de</code>,1,0.0002236
572,blacan,<code>blacan</code>,1,0.0002236
572,blace,<code>blace</code>,1,0.0002236
572,bleda,<code>bleda</code>,1,0.0002236
572,bledum,<code>bledum</code>,1,0.0002236
572,bletsia&eth;,<code>bletsia&amp;d;</code>,1,0.0002236
572,bletsian,<code>bletsian</code>,1,0.0002236
572,bletsie,<code>bletsie</code>,1,0.0002236
572,bletsige,<code>bletsige</code>,1,0.0002236
572,bli&eth;emod,<code>bli&amp;d;emod</code>,1,0.0002236
572,bli&eth;emode,<code>bli&amp;d;emode</code>,1,0.0002236
572,blican,<code>blican</code>,1,0.0002236
572,boca,<code>boca</code>,1,0.0002236
572,bocerum,<code>bocerum</code>,1,0.0002236
572,bolgenmod,<code>bolgenmod</code>,1,0.0002236
572,br&aelig;con,<code>br&amp;ae;con</code>,1,0.0002236
572,br&aelig;sna,<code>br&amp;ae;sna</code>,1,0.0002236
572,bradne,<code>bradne</code>,1,0.0002236
572,brandas,<code>brandas</code>,1,0.0002236
572,brema&eth;,<code>brema&amp;d;</code>,1,0.0002236
572,breme,<code>breme</code>,1,0.0002236
572,breostge&eth;ancum,<code>breostge&amp;d;ancum</code>,1,0.0002236
572,breostlocan,<code>breostlocan</code>,1,0.0002236
572,bresne,<code>bresne</code>,1,0.0002236
572,brimfaro&thorn;es,<code>brimfaro&amp;t;es</code>,1,0.0002236
572,brohte,<code>brohte</code>,1,0.0002236
572,brungen,<code>brungen</code>,1,0.0002236
572,brytnedon,<code>brytnedon</code>,1,0.0002236
572,bryttedon,<code>bryttedon</code>,1,0.0002236
572,budon,<code>budon</code>,1,0.0002236
572,bun,<code>bun</code>,1,0.0002236
572,burge,<code>burge</code>,1,0.0002236
572,burgum,<code>burgum</code>,1,0.0002236
572,burhge,<code>burhge</code>,1,0.0002236
572,burhsittende,<code>burhsittende</code>,1,0.0002236
572,burhstede,<code>burhstede</code>,1,0.0002236
572,burhware,<code>burhware</code>,1,0.0002236
572,burnon,<code>burnon</code>,1,0.0002236
572,butan,<code>butan</code>,1,0.0002236
572,bylywit,<code>bylywit</code>,1,0.0002236
572,can,<code>can</code>,1,0.0002236
572,ceald,<code>ceald</code>,1,0.0002236
572,ceapian,<code>ceapian</code>,1,0.0002236
572,ceastergeweorc,<code>ceastergeweorc</code>,1,0.0002236
572,cempan,<code>cempan</code>,1,0.0002236
572,cenned,<code>cenned</code>,1,0.0002236
572,ceorfan,<code>ceorfan</code>,1,0.0002236
572,cl&aelig;ne,<code>cl&amp;ae;ne</code>,1,0.0002236
572,clammum,<code>clammum</code>,1,0.0002236
572,cneomagum,<code>cneomagum</code>,1,0.0002236
572,cneorissum,<code>cneorissum</code>,1,0.0002236
572,cneow,<code>cneow</code>,1,0.0002236
572,cneowum,<code>cneowum</code>,1,0.0002236
572,cnihta,<code>cnihta</code>,1,0.0002236
572,cnihton,<code>cnihton</code>,1,0.0002236
572,come,<code>come</code>,1,0.0002236
572,cor&eth;res,<code>cor&amp;d;res</code>,1,0.0002236
572,cu&eth;ost,<code>cu&amp;d;ost</code>,1,0.0002236
572,cumble,<code>cumble</code>,1,0.0002236
572,cunnode,<code>cunnode</code>,1,0.0002236
572,cunnon,<code>cunnon</code>,1,0.0002236
572,cw&aelig;don,<code>cw&amp;ae;don</code>,1,0.0002236
572,cwale,<code>cwale</code>,1,0.0002236
572,cwe&eth;a&eth;,<code>cwe&amp;d;a&amp;d;</code>,1,0.0002236
572,cwe&eth;an,<code>cwe&amp;d;an</code>,1,0.0002236
572,cwealme,<code>cwealme</code>,1,0.0002236
572,cwelm,<code>cwelm</code>,1,0.0002236
572,cy&eth;an,<code>cy&amp;d;an</code>,1,0.0002236
572,cymst,<code>cymst</code>,1,0.0002236
572,cyne&eth;rymme,<code>cyne&amp;d;rymme</code>,1,0.0002236
572,cynig,<code>cynig</code>,1,0.0002236
572,cyningdome,<code>cyningdome</code>,1,0.0002236
572,cyrdon,<code>cyrdon</code>,1,0.0002236
572,cyst,<code>cyst</code>,1,0.0002236
572,d&aelig;da,<code>d&amp;ae;da</code>,1,0.0002236
572,d&aelig;de,<code>d&amp;ae;de</code>,1,0.0002236
572,d&aelig;dhwatan,<code>d&amp;ae;dhwatan</code>,1,0.0002236
572,d&aelig;ges,<code>d&amp;ae;ges</code>,1,0.0002236
572,daga,<code>daga</code>,1,0.0002236
572,de&eth;,<code>de&amp;d;</code>,1,0.0002236
572,dea&eth;,<code>dea&amp;d;</code>,1,0.0002236
572,dea&eth;e,<code>dea&amp;d;e</code>,1,0.0002236
572,dema,<code>dema</code>,1,0.0002236
572,deman,<code>deman</code>,1,0.0002236
572,deofles,<code>deofles</code>,1,0.0002236
572,deoflu,<code>deoflu</code>,1,0.0002236
572,deoflum,<code>deoflum</code>,1,0.0002236
572,deofold&aelig;dum,<code>deofold&amp;ae;dum</code>,1,0.0002236
572,deofolwitgan,<code>deofolwitgan</code>,1,0.0002236
572,deopne,<code>deopne</code>,1,0.0002236
572,deora,<code>deora</code>,1,0.0002236
572,deormode,<code>deormode</code>,1,0.0002236
572,deorum,<code>deorum</code>,1,0.0002236
572,derede,<code>derede</code>,1,0.0002236
572,diran,<code>diran</code>,1,0.0002236
572,dreag,<code>dreag</code>,1,0.0002236
572,dreame,<code>dreame</code>,1,0.0002236
572,dreamleas,<code>dreamleas</code>,1,0.0002236
572,drearung,<code>drearung</code>,1,0.0002236
572,drihtenweard,<code>drihtenweard</code>,1,0.0002236
572,drincan,<code>drincan</code>,1,0.0002236
572,dropena,<code>dropena</code>,1,0.0002236
572,drugon,<code>drugon</code>,1,0.0002236
572,druncne,<code>druncne</code>,1,0.0002236
572,dryge,<code>dryge</code>,1,0.0002236
572,duge&eth;e,<code>duge&amp;d;e</code>,1,0.0002236
572,duge&thorn;um,<code>duge&amp;t;um</code>,1,0.0002236
572,dugo&eth;a,<code>dugo&amp;d;a</code>,1,0.0002236
572,dydon,<code>dydon</code>,1,0.0002236
572,dyglan,<code>dyglan</code>,1,0.0002236
572,dygle,<code>dygle</code>,1,0.0002236
572,e&eth;an,<code>e&amp;d;an</code>,1,0.0002236
572,e&eth;elland,<code>e&amp;d;elland</code>,1,0.0002236
572,e&eth;elweardas,<code>e&amp;d;elweardas</code>,1,0.0002236
572,e&eth;ne,<code>e&amp;d;ne</code>,1,0.0002236
572,ea&eth;medum,<code>ea&amp;d;medum</code>,1,0.0002236
572,ea&eth;ost,<code>ea&amp;d;ost</code>,1,0.0002236
572,eacenne,<code>eacenne</code>,1,0.0002236
572,eacne,<code>eacne</code>,1,0.0002236
572,ead,<code>ead</code>,1,0.0002236
572,eadge,<code>eadge</code>,1,0.0002236
572,eadmodum,<code>eadmodum</code>,1,0.0002236
572,eagum,<code>eagum</code>,1,0.0002236
572,ealdfeonda,<code>ealdfeonda</code>,1,0.0002236
572,ealdfeondum,<code>ealdfeondum</code>,1,0.0002236
572,ealdor,<code>ealdor</code>,1,0.0002236
572,ealdormen,<code>ealdormen</code>,1,0.0002236
572,ealhstede,<code>ealhstede</code>,1,0.0002236
572,eallswa,<code>eallswa</code>,1,0.0002236
572,ealra,<code>ealra</code>,1,0.0002236
572,earce,<code>earce</code>,1,0.0002236
572,eare,<code>eare</code>,1,0.0002236
572,earfo&eth;m&aelig;cg,<code>earfo&amp;d;m&amp;ae;cg</code>,1,0.0002236
572,earfo&eth;si&eth;as,<code>earfo&amp;d;si&amp;d;as</code>,1,0.0002236
572,earme,<code>earme</code>,1,0.0002236
572,earmra,<code>earmra</code>,1,0.0002236
572,earmre,<code>earmre</code>,1,0.0002236
572,earmsceapen,<code>earmsceapen</code>,1,0.0002236
572,eastream,<code>eastream</code>,1,0.0002236
572,eastwegas,<code>eastwegas</code>,1,0.0002236
572,ebreum,<code>ebreum</code>,1,0.0002236
572,eces,<code>eces</code>,1,0.0002236
572,ecgum,<code>ecgum</code>,1,0.0002236
572,edsceafte,<code>edsceafte</code>,1,0.0002236
572,efnde,<code>efnde</code>,1,0.0002236
572,efndon,<code>efndon</code>,1,0.0002236
572,efne,<code>efne</code>,1,0.0002236
572,egesa,<code>egesa</code>,1,0.0002236
572,egesful,<code>egesful</code>,1,0.0002236
572,egeslic,<code>egeslic</code>,1,0.0002236
572,egeslicu,<code>egeslicu</code>,1,0.0002236
572,egle,<code>egle</code>,1,0.0002236
572,egyptum,<code>egyptum</code>,1,0.0002236
572,ehtode,<code>ehtode</code>,1,0.0002236
572,el&eth;eodigum,<code>el&amp;d;eodigum</code>,1,0.0002236
572,ended&aelig;g,<code>ended&amp;ae;g</code>,1,0.0002236
572,endelean,<code>endelean</code>,1,0.0002236
572,englas,<code>englas</code>,1,0.0002236
572,eode,<code>eode</code>,1,0.0002236
572,eodon,<code>eodon</code>,1,0.0002236
572,eor&eth;buendum,<code>eor&amp;d;buendum</code>,1,0.0002236
572,eor&eth;cyninga,<code>eor&amp;d;cyninga</code>,1,0.0002236
572,eor&eth;lic,<code>eor&amp;d;lic</code>,1,0.0002236
572,eowed,<code>eowed</code>,1,0.0002236
572,eower,<code>eower</code>,1,0.0002236
572,esnas,<code>esnas</code>,1,0.0002236
572,est,<code>est</code>,1,0.0002236
572,f&aelig;&eth;m,<code>f&amp;ae;&amp;d;m</code>,1,0.0002236
572,f&aelig;&eth;me,<code>f&amp;ae;&amp;d;me</code>,1,0.0002236
572,f&aelig;&eth;mum,<code>f&amp;ae;&amp;d;mum</code>,1,0.0002236
572,f&aelig;c,<code>f&amp;ae;c</code>,1,0.0002236
572,f&aelig;gre,<code>f&amp;ae;gre</code>,1,0.0002236
572,f&aelig;r,<code>f&amp;ae;r</code>,1,0.0002236
572,f&aelig;rgryre,<code>f&amp;ae;rgryre</code>,1,0.0002236
572,f&aelig;stan,<code>f&amp;ae;stan</code>,1,0.0002236
572,f&aelig;ste,<code>f&amp;ae;ste</code>,1,0.0002236
572,f&aelig;stlicne,<code>f&amp;ae;stlicne</code>,1,0.0002236
572,f&aelig;stna,<code>f&amp;ae;stna</code>,1,0.0002236
572,f&aelig;stne,<code>f&amp;ae;stne</code>,1,0.0002236
572,facne,<code>facne</code>,1,0.0002236
572,fandedon,<code>fandedon</code>,1,0.0002236
572,fea,<code>fea</code>,1,0.0002236
572,feax,<code>feax</code>,1,0.0002236
572,feld,<code>feld</code>,1,0.0002236
572,felda,<code>felda</code>,1,0.0002236
572,feoh,<code>feoh</code>,1,0.0002236
572,feohsceattum,<code>feohsceattum</code>,1,0.0002236
572,feonda,<code>feonda</code>,1,0.0002236
572,feondas,<code>feondas</code>,1,0.0002236
572,feor&eth;a,<code>feor&amp;d;a</code>,1,0.0002236
572,feorum,<code>feorum</code>,1,0.0002236
572,feower,<code>feower</code>,1,0.0002236
572,fleam,<code>fleam</code>,1,0.0002236
572,fleon,<code>fleon</code>,1,0.0002236
572,folcgesi&eth;um,<code>folcgesi&amp;d;um</code>,1,0.0002236
572,folcm&aelig;gen,<code>folcm&amp;ae;gen</code>,1,0.0002236
572,folcum,<code>folcum</code>,1,0.0002236
572,for&eth;,<code>for&amp;d;</code>,1,0.0002236
572,for&eth;am,<code>for&amp;d;am</code>,1,0.0002236
572,for&eth;on,<code>for&amp;d;on</code>,1,0.0002236
572,forbr&aelig;con,<code>forbr&amp;ae;con</code>,1,0.0002236
572,forburnene,<code>forburnene</code>,1,0.0002236
572,foremihtig,<code>foremihtig</code>,1,0.0002236
572,forfangen,<code>forfangen</code>,1,0.0002236
572,forh&aelig;fed,<code>forh&amp;ae;fed</code>,1,0.0002236
572,forht,<code>forht</code>,1,0.0002236
572,forlet,<code>forlet</code>,1,0.0002236
572,foron,<code>foron</code>,1,0.0002236
572,forstas,<code>forstas</code>,1,0.0002236
572,fr&aelig;twa,<code>fr&amp;ae;twa</code>,1,0.0002236
572,fr&aelig;twe,<code>fr&amp;ae;twe</code>,1,0.0002236
572,fraco&eth;,<code>fraco&amp;d;</code>,1,0.0002236
572,frasade,<code>frasade</code>,1,0.0002236
572,freagleawe,<code>freagleawe</code>,1,0.0002236
572,frecnan,<code>frecnan</code>,1,0.0002236
572,fremde,<code>fremde</code>,1,0.0002236
572,fremede,<code>fremede</code>,1,0.0002236
572,freo&eth;o,<code>freo&amp;d;o</code>,1,0.0002236
572,fri&eth;,<code>fri&amp;d;</code>,1,0.0002236
572,fri&eth;es,<code>fri&amp;d;es</code>,1,0.0002236
572,frod,<code>frod</code>,1,0.0002236
572,frofre,<code>frofre</code>,1,0.0002236
572,fruman,<code>fruman</code>,1,0.0002236
572,frumcyn,<code>frumcyn</code>,1,0.0002236
572,frumgaras,<code>frumgaras</code>,1,0.0002236
572,frumsl&aelig;pe,<code>frumsl&amp;ae;pe</code>,1,0.0002236
572,frumspr&aelig;ce,<code>frumspr&amp;ae;ce</code>,1,0.0002236
572,frym&eth;e,<code>frym&amp;d;e</code>,1,0.0002236
572,fuglas,<code>fuglas</code>,1,0.0002236
572,fugolas,<code>fugolas</code>,1,0.0002236
572,funde,<code>funde</code>,1,0.0002236
572,funden,<code>funden</code>,1,0.0002236
572,fundon,<code>fundon</code>,1,0.0002236
572,fur&eth;or,<code>fur&amp;d;or</code>,1,0.0002236
572,fyl,<code>fyl</code>,1,0.0002236
572,fyll,<code>fyll</code>,1,0.0002236
572,fyrenan,<code>fyrenan</code>,1,0.0002236
572,fyrend&aelig;dum,<code>fyrend&amp;ae;dum</code>,1,0.0002236
572,fyrene,<code>fyrene</code>,1,0.0002236
572,fyrenum,<code>fyrenum</code>,1,0.0002236
572,fyrndagum,<code>fyrndagum</code>,1,0.0002236
572,fyrstmearc,<code>fyrstmearc</code>,1,0.0002236
572,g&aelig;delingum,<code>g&amp;ae;delingum</code>,1,0.0002236
572,g&aelig;st,<code>g&amp;ae;st</code>,1,0.0002236
572,gad,<code>gad</code>,1,0.0002236
572,gange,<code>gange</code>,1,0.0002236
572,gastum,<code>gastum</code>,1,0.0002236
572,ge&eth;afian,<code>ge&amp;d;afian</code>,1,0.0002236
572,ge&eth;anc,<code>ge&amp;d;anc</code>,1,0.0002236
572,ge&eth;ances,<code>ge&amp;d;ances</code>,1,0.0002236
572,ge&eth;ancum,<code>ge&amp;d;ancum</code>,1,0.0002236
572,ge&eth;enc,<code>ge&amp;d;enc</code>,1,0.0002236
572,ge&eth;inges,<code>ge&amp;d;inges</code>,1,0.0002236
572,ge&eth;ohtas,<code>ge&amp;d;ohtas</code>,1,0.0002236
572,ge&thorn;anc,<code>ge&amp;t;anc</code>,1,0.0002236
572,ge&thorn;eahte,<code>ge&amp;t;eahte</code>,1,0.0002236
572,ge&thorn;ingu,<code>ge&amp;t;ingu</code>,1,0.0002236
572,gealhmod,<code>gealhmod</code>,1,0.0002236
572,gealp,<code>gealp</code>,1,0.0002236
572,gearo,<code>gearo</code>,1,0.0002236
572,gearu,<code>gearu</code>,1,0.0002236
572,geb&aelig;don,<code>geb&amp;ae;don</code>,1,0.0002236
572,gebead,<code>gebead</code>,1,0.0002236
572,gebearh,<code>gebearh</code>,1,0.0002236
572,gebede,<code>gebede</code>,1,0.0002236
572,gebedu,<code>gebedu</code>,1,0.0002236
572,gebedum,<code>gebedum</code>,1,0.0002236
572,gebletsad,<code>gebletsad</code>,1,0.0002236
572,gebletsige,<code>gebletsige</code>,1,0.0002236
572,geborgen,<code>geborgen</code>,1,0.0002236
572,gecorene,<code>gecorene</code>,1,0.0002236
572,gecy&eth;,<code>gecy&amp;d;</code>,1,0.0002236
572,gecynde,<code>gecynde</code>,1,0.0002236
572,gedon,<code>gedon</code>,1,0.0002236
572,gedriht,<code>gedriht</code>,1,0.0002236
572,gedwolan,<code>gedwolan</code>,1,0.0002236
572,geegled,<code>geegled</code>,1,0.0002236
572,gef&aelig;gon,<code>gef&amp;ae;gon</code>,1,0.0002236
572,geflymed,<code>geflymed</code>,1,0.0002236
572,gefor,<code>gefor</code>,1,0.0002236
572,gefr&aelig;ge,<code>gefr&amp;ae;ge</code>,1,0.0002236
572,gefrecnod,<code>gefrecnod</code>,1,0.0002236
572,gefremede,<code>gefremede</code>,1,0.0002236
572,gefrigen,<code>gefrigen</code>,1,0.0002236
572,gefrunon,<code>gefrunon</code>,1,0.0002236
572,gegleded,<code>gegleded</code>,1,0.0002236
572,gegnunga,<code>gegnunga</code>,1,0.0002236
572,geheolde,<code>geheolde</code>,1,0.0002236
572,gehete,<code>gehete</code>,1,0.0002236
572,gehlodon,<code>gehlodon</code>,1,0.0002236
572,gehogode,<code>gehogode</code>,1,0.0002236
572,gehwilcum,<code>gehwilcum</code>,1,0.0002236
572,gehwone,<code>gehwone</code>,1,0.0002236
572,gehwurfe,<code>gehwurfe</code>,1,0.0002236
572,gehydum,<code>gehydum</code>,1,0.0002236
572,gehygdum,<code>gehygdum</code>,1,0.0002236
572,gehyge,<code>gehyge</code>,1,0.0002236
572,gehyrdon,<code>gehyrdon</code>,1,0.0002236
572,gel&aelig;dde,<code>gel&amp;ae;dde</code>,1,0.0002236
572,gel&aelig;ddon,<code>gel&amp;ae;ddon</code>,1,0.0002236
572,gel&aelig;ste,<code>gel&amp;ae;ste</code>,1,0.0002236
572,geleafan,<code>geleafan</code>,1,0.0002236
572,gelic,<code>gelic</code>,1,0.0002236
572,gelimpan,<code>gelimpan</code>,1,0.0002236
572,gelyfan,<code>gelyfan</code>,1,0.0002236
572,gelyfde,<code>gelyfde</code>,1,0.0002236
572,gelyfest,<code>gelyfest</code>,1,0.0002236
572,gem&aelig;ne,<code>gem&amp;ae;ne</code>,1,0.0002236
572,gem&aelig;ted,<code>gem&amp;ae;ted</code>,1,0.0002236
572,gem&aelig;tte,<code>gem&amp;ae;tte</code>,1,0.0002236
572,gemenged,<code>gemenged</code>,1,0.0002236
572,gemunan,<code>gemunan</code>,1,0.0002236
572,gemynd,<code>gemynd</code>,1,0.0002236
572,gemyndgast,<code>gemyndgast</code>,1,0.0002236
572,gengum,<code>gengum</code>,1,0.0002236
572,genumen,<code>genumen</code>,1,0.0002236
572,geoca,<code>geoca</code>,1,0.0002236
572,geoce,<code>geoce</code>,1,0.0002236
572,geocre,<code>geocre</code>,1,0.0002236
572,geocrostne,<code>geocrostne</code>,1,0.0002236
572,geogo&eth;e,<code>geogo&amp;d;e</code>,1,0.0002236
572,geondsawen,<code>geondsawen</code>,1,0.0002236
572,ger&aelig;dum,<code>ger&amp;ae;dum</code>,1,0.0002236
572,gerefan,<code>gerefan</code>,1,0.0002236
572,gerume,<code>gerume</code>,1,0.0002236
572,gerusalem,<code>gerusalem</code>,1,0.0002236
572,gerysna,<code>gerysna</code>,1,0.0002236
572,ges&aelig;ledne,<code>ges&amp;ae;ledne</code>,1,0.0002236
572,ges&aelig;t,<code>ges&amp;ae;t</code>,1,0.0002236
572,gesamnode,<code>gesamnode</code>,1,0.0002236
572,gesawe,<code>gesawe</code>,1,0.0002236
572,gesawon,<code>gesawon</code>,1,0.0002236
572,gesceafta,<code>gesceafta</code>,1,0.0002236
572,gesceodon,<code>gesceodon</code>,1,0.0002236
572,gese&eth;ed,<code>gese&amp;d;ed</code>,1,0.0002236
572,geseald,<code>geseald</code>,1,0.0002236
572,gesecganne,<code>gesecganne</code>,1,0.0002236
572,geseo,<code>geseo</code>,1,0.0002236
572,geseted,<code>geseted</code>,1,0.0002236
572,gesi&eth;,<code>gesi&amp;d;</code>,1,0.0002236
572,gesigef&aelig;ste,<code>gesigef&amp;ae;ste</code>,1,0.0002236
572,gesloh,<code>gesloh</code>,1,0.0002236
572,gespr&aelig;c,<code>gespr&amp;ae;c</code>,1,0.0002236
572,gestreona,<code>gestreona</code>,1,0.0002236
572,gestrudan,<code>gestrudan</code>,1,0.0002236
572,geswi&eth;de,<code>geswi&amp;d;de</code>,1,0.0002236
572,gesyh&eth;e,<code>gesyh&amp;d;e</code>,1,0.0002236
572,getenge,<code>getenge</code>,1,0.0002236
572,geteod,<code>geteod</code>,1,0.0002236
572,gewand,<code>gewand</code>,1,0.0002236
572,geweald,<code>geweald</code>,1,0.0002236
572,gewemman,<code>gewemman</code>,1,0.0002236
572,gewemmed,<code>gewemmed</code>,1,0.0002236
572,geweor&eth;od,<code>geweor&amp;d;od</code>,1,0.0002236
572,geweox,<code>geweox</code>,1,0.0002236
572,gewindagum,<code>gewindagum</code>,1,0.0002236
572,gewit,<code>gewit</code>,1,0.0002236
572,gewita,<code>gewita</code>,1,0.0002236
572,geworden,<code>geworden</code>,1,0.0002236
572,gewordene,<code>gewordene</code>,1,0.0002236
572,gewur&eth;ad,<code>gewur&amp;d;ad</code>,1,0.0002236
572,gewur&eth;od,<code>gewur&amp;d;od</code>,1,0.0002236
572,gewyrhto,<code>gewyrhto</code>,1,0.0002236
572,gif,<code>gif</code>,1,0.0002236
572,gifen,<code>gifen</code>,1,0.0002236
572,gifena,<code>gifena</code>,1,0.0002236
572,ginge,<code>ginge</code>,1,0.0002236
572,gl&aelig;dmode,<code>gl&amp;ae;dmode</code>,1,0.0002236
572,glade,<code>glade</code>,1,0.0002236
572,gleawmode,<code>gleawmode</code>,1,0.0002236
572,gleawost,<code>gleawost</code>,1,0.0002236
572,gleda,<code>gleda</code>,1,0.0002236
572,gods&aelig;de,<code>gods&amp;ae;de</code>,1,0.0002236
572,godspellode,<code>godspellode</code>,1,0.0002236
572,goldfatu,<code>goldfatu</code>,1,0.0002236
572,goldhord,<code>goldhord</code>,1,0.0002236
572,gr&aelig;s,<code>gr&amp;ae;s</code>,1,0.0002236
572,gramlice,<code>gramlice</code>,1,0.0002236
572,grene,<code>grene</code>,1,0.0002236
572,grimman,<code>grimman</code>,1,0.0002236
572,grimme,<code>grimme</code>,1,0.0002236
572,grimmost,<code>grimmost</code>,1,0.0002236
572,gromra,<code>gromra</code>,1,0.0002236
572,grynde&eth;,<code>grynde&amp;d;</code>,1,0.0002236
572,gulpon,<code>gulpon</code>,1,0.0002236
572,gumrices,<code>gumrices</code>,1,0.0002236
572,gumum,<code>gumum</code>,1,0.0002236
572,gyddedon,<code>gyddedon</code>,1,0.0002236
572,gyddigan,<code>gyddigan</code>,1,0.0002236
572,gyfe,<code>gyfe</code>,1,0.0002236
572,gyfum,<code>gyfum</code>,1,0.0002236
572,gyld,<code>gyld</code>,1,0.0002236
572,gyldan,<code>gyldan</code>,1,0.0002236
572,gylde,<code>gylde</code>,1,0.0002236
572,gyldnan,<code>gyldnan</code>,1,0.0002236
572,h&aelig;&eth;encyninga,<code>h&amp;ae;&amp;d;encyninga</code>,1,0.0002236
572,h&aelig;&eth;endom,<code>h&amp;ae;&amp;d;endom</code>,1,0.0002236
572,h&aelig;&eth;ene,<code>h&amp;ae;&amp;d;ene</code>,1,0.0002236
572,h&aelig;&eth;enra,<code>h&amp;ae;&amp;d;enra</code>,1,0.0002236
572,h&aelig;&eth;enum,<code>h&amp;ae;&amp;d;enum</code>,1,0.0002236
572,h&aelig;&eth;num,<code>h&amp;ae;&amp;d;num</code>,1,0.0002236
572,h&aelig;fdest,<code>h&amp;ae;fdest</code>,1,0.0002236
572,h&aelig;ft,<code>h&amp;ae;ft</code>,1,0.0002236
572,h&aelig;le&eth;um,<code>h&amp;ae;le&amp;d;um</code>,1,0.0002236
572,h&aelig;to,<code>h&amp;ae;to</code>,1,0.0002236
572,habba&eth;,<code>habba&amp;d;</code>,1,0.0002236
572,hale,<code>hale</code>,1,0.0002236
572,halga,<code>halga</code>,1,0.0002236
572,haligra,<code>haligra</code>,1,0.0002236
572,haligu,<code>haligu</code>,1,0.0002236
572,hamsittende,<code>hamsittende</code>,1,0.0002236
572,hat,<code>hat</code>,1,0.0002236
572,hata,<code>hata</code>,1,0.0002236
572,haten,<code>haten</code>,1,0.0002236
572,hatne,<code>hatne</code>,1,0.0002236
572,hatte,<code>hatte</code>,1,0.0002236
572,heahbyrig,<code>heahbyrig</code>,1,0.0002236
572,heahheort,<code>heahheort</code>,1,0.0002236
572,healda&eth;,<code>healda&amp;d;</code>,1,0.0002236
572,heane,<code>heane</code>,1,0.0002236
572,heanne,<code>heanne</code>,1,0.0002236
572,heapum,<code>heapum</code>,1,0.0002236
572,hearan,<code>hearan</code>,1,0.0002236
572,hearm,<code>hearm</code>,1,0.0002236
572,hebbanne,<code>hebbanne</code>,1,0.0002236
572,hebreos,<code>hebreos</code>,1,0.0002236
572,hefonfugolas,<code>hefonfugolas</code>,1,0.0002236
572,hegan,<code>hegan</code>,1,0.0002236
572,heh,<code>heh</code>,1,0.0002236
572,helmum,<code>helmum</code>,1,0.0002236
572,helpe,<code>helpe</code>,1,0.0002236
572,helpend,<code>helpend</code>,1,0.0002236
572,heofenum,<code>heofenum</code>,1,0.0002236
572,heofnum,<code>heofnum</code>,1,0.0002236
572,heofonas,<code>heofonas</code>,1,0.0002236
572,heofonbeorht,<code>heofonbeorht</code>,1,0.0002236
572,heofones,<code>heofones</code>,1,0.0002236
572,heofonheane,<code>heofonheane</code>,1,0.0002236
572,heofontunglum,<code>heofontunglum</code>,1,0.0002236
572,heold,<code>heold</code>,1,0.0002236
572,heolde,<code>heolde</code>,1,0.0002236
572,heorta,<code>heorta</code>,1,0.0002236
572,heorugrimra,<code>heorugrimra</code>,1,0.0002236
572,here,<code>here</code>,1,0.0002236
572,herede,<code>herede</code>,1,0.0002236
572,herega,<code>herega</code>,1,0.0002236
572,herepa&eth;,<code>herepa&amp;d;</code>,1,0.0002236
572,heretyma,<code>heretyma</code>,1,0.0002236
572,herewosan,<code>herewosan</code>,1,0.0002236
572,herga&eth;,<code>herga&amp;d;</code>,1,0.0002236
572,hergas,<code>hergas</code>,1,0.0002236
572,hergende,<code>hergende</code>,1,0.0002236
572,herran,<code>herran</code>,1,0.0002236
572,hete,<code>hete</code>,1,0.0002236
572,heton,<code>heton</code>,1,0.0002236
572,hiera,<code>hiera</code>,1,0.0002236
572,hierusalem,<code>hierusalem</code>,1,0.0002236
572,hige&thorn;ancle,<code>hige&amp;t;ancle</code>,1,0.0002236
572,higecr&aelig;ft,<code>higecr&amp;ae;ft</code>,1,0.0002236
572,hlaford,<code>hlaford</code>,1,0.0002236
572,hleo&eth;or,<code>hleo&amp;d;or</code>,1,0.0002236
572,hleo&eth;orcyme,<code>hleo&amp;d;orcyme</code>,1,0.0002236
572,hleo&eth;rade,<code>hleo&amp;d;rade</code>,1,0.0002236
572,hlifigan,<code>hlifigan</code>,1,0.0002236
572,hlifode,<code>hlifode</code>,1,0.0002236
572,hliga&eth;,<code>hliga&amp;d;</code>,1,0.0002236
572,hluttor,<code>hluttor</code>,1,0.0002236
572,hlypum,<code>hlypum</code>,1,0.0002236
572,hlyst,<code>hlyst</code>,1,0.0002236
572,hofe,<code>hofe</code>,1,0.0002236
572,hogedon,<code>hogedon</code>,1,0.0002236
572,holt,<code>holt</code>,1,0.0002236
572,hordm&aelig;gen,<code>hordm&amp;ae;gen</code>,1,0.0002236
572,hordwearda,<code>hordwearda</code>,1,0.0002236
572,horsce,<code>horsce</code>,1,0.0002236
572,hr&aelig;gle,<code>hr&amp;ae;gle</code>,1,0.0002236
572,hra&eth;e,<code>hra&amp;d;e</code>,1,0.0002236
572,hra&eth;or,<code>hra&amp;d;or</code>,1,0.0002236
572,hre&eth;,<code>hre&amp;d;</code>,1,0.0002236
572,hreddan,<code>hreddan</code>,1,0.0002236
572,hremde,<code>hremde</code>,1,0.0002236
572,hreohmod,<code>hreohmod</code>,1,0.0002236
572,hrofe,<code>hrofe</code>,1,0.0002236
572,hrusan,<code>hrusan</code>,1,0.0002236
572,hryre,<code>hryre</code>,1,0.0002236
572,hu&eth;e,<code>hu&amp;d;e</code>,1,0.0002236
572,hw&aelig;&eth;re,<code>hw&amp;ae;&amp;d;re</code>,1,0.0002236
572,hwa,<code>hwa</code>,1,0.0002236
572,hwalas,<code>hwalas</code>,1,0.0002236
572,hwearf,<code>hwearf</code>,1,0.0002236
572,hwilc,<code>hwilc</code>,1,0.0002236
572,hwurfan,<code>hwurfan</code>,1,0.0002236
572,hwyrft,<code>hwyrft</code>,1,0.0002236
572,hyldelease,<code>hyldelease</code>,1,0.0002236
572,hyldo,<code>hyldo</code>,1,0.0002236
572,hyllas,<code>hyllas</code>,1,0.0002236
572,hyrdon,<code>hyrdon</code>,1,0.0002236
572,hyrra,<code>hyrra</code>,1,0.0002236
572,hyrran,<code>hyrran</code>,1,0.0002236
572,iacobe,<code>iacobe</code>,1,0.0002236
572,ican,<code>ican</code>,1,0.0002236
572,inge&thorn;ancum,<code>inge&amp;t;ancum</code>,1,0.0002236
572,inne,<code>inne</code>,1,0.0002236
572,isaace,<code>isaace</code>,1,0.0002236
572,isen,<code>isen</code>,1,0.0002236
572,iserne,<code>iserne</code>,1,0.0002236
572,isernum,<code>isernum</code>,1,0.0002236
572,israelum,<code>israelum</code>,1,0.0002236
572,israhela,<code>israhela</code>,1,0.0002236
572,iudea,<code>iudea</code>,1,0.0002236
572,l&aelig;g,<code>l&amp;ae;g</code>,1,0.0002236
572,la&eth;,<code>la&amp;d;</code>,1,0.0002236
572,la&eth;searo,<code>la&amp;d;searo</code>,1,0.0002236
572,lacende,<code>lacende</code>,1,0.0002236
572,lagon,<code>lagon</code>,1,0.0002236
572,lagostreamas,<code>lagostreamas</code>,1,0.0002236
572,land,<code>land</code>,1,0.0002236
572,landgesceaft,<code>landgesceaft</code>,1,0.0002236
572,langne,<code>langne</code>,1,0.0002236
572,langung,<code>langung</code>,1,0.0002236
572,larum,<code>larum</code>,1,0.0002236
572,lean,<code>lean</code>,1,0.0002236
572,leng,<code>leng</code>,1,0.0002236
572,lengde,<code>lengde</code>,1,0.0002236
572,leofost,<code>leofost</code>,1,0.0002236
572,leofum,<code>leofum</code>,1,0.0002236
572,leoge&eth;,<code>leoge&amp;d;</code>,1,0.0002236
572,leoht,<code>leoht</code>,1,0.0002236
572,leohtfruma,<code>leohtfruma</code>,1,0.0002236
572,leohtran,<code>leohtran</code>,1,0.0002236
572,leornedon,<code>leornedon</code>,1,0.0002236
572,li&eth;,<code>li&amp;d;</code>,1,0.0002236
572,lif,<code>lif</code>,1,0.0002236
572,lifde,<code>lifde</code>,1,0.0002236
572,life,<code>life</code>,1,0.0002236
572,liffrean,<code>liffrean</code>,1,0.0002236
572,liffruman,<code>liffruman</code>,1,0.0002236
572,lifgean,<code>lifgean</code>,1,0.0002236
572,lifigea&eth;,<code>lifigea&amp;d;</code>,1,0.0002236
572,lifigen,<code>lifigen</code>,1,0.0002236
572,lifigende,<code>lifigende</code>,1,0.0002236
572,lifwelan,<code>lifwelan</code>,1,0.0002236
572,ligetu,<code>ligetu</code>,1,0.0002236
572,ligeword,<code>ligeword</code>,1,0.0002236
572,ligges,<code>ligges</code>,1,0.0002236
572,lignest,<code>lignest</code>,1,0.0002236
572,lisse,<code>lisse</code>,1,0.0002236
572,locia&eth;,<code>locia&amp;d;</code>,1,0.0002236
572,locode,<code>locode</code>,1,0.0002236
572,lof,<code>lof</code>,1,0.0002236
572,lofia&eth;,<code>lofia&amp;d;</code>,1,0.0002236
572,lufen,<code>lufen</code>,1,0.0002236
572,lufia&eth;,<code>lufia&amp;d;</code>,1,0.0002236
572,lust,<code>lust</code>,1,0.0002236
572,lyfte,<code>lyfte</code>,1,0.0002236
572,lyftlacende,<code>lyftlacende</code>,1,0.0002236
572,lyhte,<code>lyhte</code>,1,0.0002236
572,lytel,<code>lytel</code>,1,0.0002236
572,lytle,<code>lytle</code>,1,0.0002236
572,m&aelig;,<code>m&amp;ae;</code>,1,0.0002236
572,m&aelig;cgum,<code>m&amp;ae;cgum</code>,1,0.0002236
572,m&aelig;ge,<code>m&amp;ae;ge</code>,1,0.0002236
572,m&aelig;gen&thorn;reat,<code>m&amp;ae;gen&amp;t;reat</code>,1,0.0002236
572,m&aelig;gene,<code>m&amp;ae;gene</code>,1,0.0002236
572,m&aelig;genes,<code>m&amp;ae;genes</code>,1,0.0002236
572,m&aelig;genscipe,<code>m&amp;ae;genscipe</code>,1,0.0002236
572,m&aelig;lmete,<code>m&amp;ae;lmete</code>,1,0.0002236
572,m&aelig;nieo,<code>m&amp;ae;nieo</code>,1,0.0002236
572,m&aelig;rost,<code>m&amp;ae;rost</code>,1,0.0002236
572,m&aelig;st,<code>m&amp;ae;st</code>,1,0.0002236
572,m&aelig;tinge,<code>m&amp;ae;tinge</code>,1,0.0002236
572,m&aelig;tra,<code>m&amp;ae;tra</code>,1,0.0002236
572,ma,<code>ma</code>,1,0.0002236
572,magon,<code>magon</code>,1,0.0002236
572,manbealwes,<code>manbealwes</code>,1,0.0002236
572,mancynnes,<code>mancynnes</code>,1,0.0002236
572,mandreame,<code>mandreame</code>,1,0.0002236
572,mandrihten,<code>mandrihten</code>,1,0.0002236
572,mandrihtne,<code>mandrihtne</code>,1,0.0002236
572,mane,<code>mane</code>,1,0.0002236
572,manig,<code>manig</code>,1,0.0002236
572,manlican,<code>manlican</code>,1,0.0002236
572,manna,<code>manna</code>,1,0.0002236
572,mara,<code>mara</code>,1,0.0002236
572,mare,<code>mare</code>,1,0.0002236
572,me&eth;elstede,<code>me&amp;d;elstede</code>,1,0.0002236
572,me&eth;le,<code>me&amp;d;le</code>,1,0.0002236
572,meaht,<code>meaht</code>,1,0.0002236
572,meda,<code>meda</code>,1,0.0002236
572,medugal,<code>medugal</code>,1,0.0002236
572,medum,<code>medum</code>,1,0.0002236
572,meld,<code>meld</code>,1,0.0002236
572,menigo,<code>menigo</code>,1,0.0002236
572,merestreamas,<code>merestreamas</code>,1,0.0002236
572,meted,<code>meted</code>,1,0.0002236
572,micelne,<code>micelne</code>,1,0.0002236
572,miclan,<code>miclan</code>,1,0.0002236
572,middangeardes,<code>middangeardes</code>,1,0.0002236
572,migtigra,<code>migtigra</code>,1,0.0002236
572,mihtigran,<code>mihtigran</code>,1,0.0002236
572,miltse,<code>miltse</code>,1,0.0002236
572,miltsum,<code>miltsum</code>,1,0.0002236
572,minra,<code>minra</code>,1,0.0002236
572,minsode,<code>minsode</code>,1,0.0002236
572,mirce,<code>mirce</code>,1,0.0002236
572,modge&eth;anc,<code>modge&amp;d;anc</code>,1,0.0002236
572,modge&thorn;ances,<code>modge&amp;t;ances</code>,1,0.0002236
572,modhwatan,<code>modhwatan</code>,1,0.0002236
572,modsefan,<code>modsefan</code>,1,0.0002236
572,moldan,<code>moldan</code>,1,0.0002236
572,mona,<code>mona</code>,1,0.0002236
572,monig,<code>monig</code>,1,0.0002236
572,monige,<code>monige</code>,1,0.0002236
572,mor&eth;re,<code>mor&amp;d;re</code>,1,0.0002236
572,mores,<code>mores</code>,1,0.0002236
572,moste,<code>moste</code>,1,0.0002236
572,moston,<code>moston</code>,1,0.0002236
572,moyses,<code>moyses</code>,1,0.0002236
572,myndga&eth;,<code>myndga&amp;d;</code>,1,0.0002236
572,n&aelig;nig,<code>n&amp;ae;nig</code>,1,0.0002236
572,n&aelig;ron,<code>n&amp;ae;ron</code>,1,0.0002236
572,na,<code>na</code>,1,0.0002236
572,nacod,<code>nacod</code>,1,0.0002236
572,nalles,<code>nalles</code>,1,0.0002236
572,nama,<code>nama</code>,1,0.0002236
572,name,<code>name</code>,1,0.0002236
572,neata,<code>neata</code>,1,0.0002236
572,neh,<code>neh</code>,1,0.0002236
572,nehstum,<code>nehstum</code>,1,0.0002236
572,neod,<code>neod</code>,1,0.0002236
572,nerede,<code>nerede</code>,1,0.0002236
572,nergenne,<code>nergenne</code>,1,0.0002236
572,nerigende,<code>nerigende</code>,1,0.0002236
572,ni&eth;a,<code>ni&amp;d;a</code>,1,0.0002236
572,ni&eth;as,<code>ni&amp;d;as</code>,1,0.0002236
572,ni&eth;wracum,<code>ni&amp;d;wracum</code>,1,0.0002236
572,niht,<code>niht</code>,1,0.0002236
572,nor&eth;an,<code>nor&amp;d;an</code>,1,0.0002236
572,ny&eth;or,<code>ny&amp;d;or</code>,1,0.0002236
572,nyd,<code>nyd</code>,1,0.0002236
572,nydde,<code>nydde</code>,1,0.0002236
572,nyde,<code>nyde</code>,1,0.0002236
572,nydgenga,<code>nydgenga</code>,1,0.0002236
572,o&eth;&thorn;ringan,<code>o&amp;d;&amp;t;ringan</code>,1,0.0002236
572,o&eth;er,<code>o&amp;d;er</code>,1,0.0002236
572,o&eth;stod,<code>o&amp;d;stod</code>,1,0.0002236
572,oferf&aelig;&eth;mde,<code>oferf&amp;ae;&amp;d;mde</code>,1,0.0002236
572,oferfaren,<code>oferfaren</code>,1,0.0002236
572,oferhogedon,<code>oferhogedon</code>,1,0.0002236
572,oferhygd,<code>oferhygd</code>,1,0.0002236
572,oferhygde,<code>oferhygde</code>,1,0.0002236
572,oferhygdum,<code>oferhygdum</code>,1,0.0002236
572,ofermedlan,<code>ofermedlan</code>,1,0.0002236
572,ofestum,<code>ofestum</code>,1,0.0002236
572,ofnes,<code>ofnes</code>,1,0.0002236
572,ofstlice,<code>ofstlice</code>,1,0.0002236
572,oftor,<code>oftor</code>,1,0.0002236
572,oncw&aelig;&eth;,<code>oncw&amp;ae;&amp;d;</code>,1,0.0002236
572,onegdon,<code>onegdon</code>,1,0.0002236
572,onfenge,<code>onfenge</code>,1,0.0002236
572,ongeald,<code>ongeald</code>,1,0.0002236
572,onginnan,<code>onginnan</code>,1,0.0002236
572,ongunnon,<code>ongunnon</code>,1,0.0002236
572,ongyt,<code>ongyt</code>,1,0.0002236
572,onh&aelig;tan,<code>onh&amp;ae;tan</code>,1,0.0002236
572,onh&aelig;ted,<code>onh&amp;ae;ted</code>,1,0.0002236
572,onhicga&eth;,<code>onhicga&amp;d;</code>,1,0.0002236
572,onhnigon,<code>onhnigon</code>,1,0.0002236
572,onhwearf,<code>onhwearf</code>,1,0.0002236
572,onhweorfe&eth;,<code>onhweorfe&amp;d;</code>,1,0.0002236
572,onlah,<code>onlah</code>,1,0.0002236
572,onm&aelig;lde,<code>onm&amp;ae;lde</code>,1,0.0002236
572,onsende,<code>onsende</code>,1,0.0002236
572,onsended,<code>onsended</code>,1,0.0002236
572,onsoce,<code>onsoce</code>,1,0.0002236
572,onsocon,<code>onsocon</code>,1,0.0002236
572,onsteallan,<code>onsteallan</code>,1,0.0002236
572,ontreowde,<code>ontreowde</code>,1,0.0002236
572,or,<code>or</code>,1,0.0002236
572,ord,<code>ord</code>,1,0.0002236
572,ordfruma,<code>ordfruma</code>,1,0.0002236
572,orl&aelig;g,<code>orl&amp;ae;g</code>,1,0.0002236
572,orlegra,<code>orlegra</code>,1,0.0002236
572,owihtes,<code>owihtes</code>,1,0.0002236
572,persum,<code>persum</code>,1,0.0002236
572,r&aelig;das,<code>r&amp;ae;das</code>,1,0.0002236
572,r&aelig;des,<code>r&amp;ae;des</code>,1,0.0002236
572,r&aelig;df&aelig;st,<code>r&amp;ae;df&amp;ae;st</code>,1,0.0002236
572,r&aelig;dleas,<code>r&amp;ae;dleas</code>,1,0.0002236
572,r&aelig;rde,<code>r&amp;ae;rde</code>,1,0.0002236
572,re&eth;emod,<code>re&amp;d;emod</code>,1,0.0002236
572,readan,<code>readan</code>,1,0.0002236
572,reccend,<code>reccend</code>,1,0.0002236
572,receda,<code>receda</code>,1,0.0002236
572,regna,<code>regna</code>,1,0.0002236
572,rehte,<code>rehte</code>,1,0.0002236
572,reordberend,<code>reordberend</code>,1,0.0002236
572,rest,<code>rest</code>,1,0.0002236
572,restende,<code>restende</code>,1,0.0002236
572,rica,<code>rica</code>,1,0.0002236
572,riht,<code>riht</code>,1,0.0002236
572,rihte,<code>rihte</code>,1,0.0002236
572,rihtne,<code>rihtne</code>,1,0.0002236
572,rodera,<code>rodera</code>,1,0.0002236
572,rodora,<code>rodora</code>,1,0.0002236
572,rodorbeorhtan,<code>rodorbeorhtan</code>,1,0.0002236
572,rodore,<code>rodore</code>,1,0.0002236
572,rohton,<code>rohton</code>,1,0.0002236
572,rume,<code>rume</code>,1,0.0002236
572,runcr&aelig;ftige,<code>runcr&amp;ae;ftige</code>,1,0.0002236
572,ryne,<code>ryne</code>,1,0.0002236
572,s&aelig;faro&eth;a,<code>s&amp;ae;faro&amp;d;a</code>,1,0.0002236
572,s&aelig;t,<code>s&amp;ae;t</code>,1,0.0002236
572,s&aelig;w&aelig;gas,<code>s&amp;ae;w&amp;ae;gas</code>,1,0.0002236
572,salem,<code>salem</code>,1,0.0002236
572,salomanes,<code>salomanes</code>,1,0.0002236
572,salomones,<code>salomones</code>,1,0.0002236
572,samnode,<code>samnode</code>,1,0.0002236
572,sand,<code>sand</code>,1,0.0002236
572,sawla,<code>sawla</code>,1,0.0002236
572,sawle,<code>sawle</code>,1,0.0002236
572,sceal,<code>sceal</code>,1,0.0002236
572,sceatas,<code>sceatas</code>,1,0.0002236
572,sceod,<code>sceod</code>,1,0.0002236
572,scima,<code>scima</code>,1,0.0002236
572,scine&eth;,<code>scine&amp;d;</code>,1,0.0002236
572,scufan,<code>scufan</code>,1,0.0002236
572,scyde,<code>scyde</code>,1,0.0002236
572,scyle,<code>scyle</code>,1,0.0002236
572,scyrede,<code>scyrede</code>,1,0.0002236
572,sealte,<code>sealte</code>,1,0.0002236
572,sealtne,<code>sealtne</code>,1,0.0002236
572,searwum,<code>searwum</code>,1,0.0002236
572,secge,<code>secge</code>,1,0.0002236
572,sel,<code>sel</code>,1,0.0002236
572,sele,<code>sele</code>,1,0.0002236
572,sellende,<code>sellende</code>,1,0.0002236
572,sende&eth;,<code>sende&amp;d;</code>,1,0.0002236
572,sended,<code>sended</code>,1,0.0002236
572,sendon,<code>sendon</code>,1,0.0002236
572,seofan,<code>seofan</code>,1,0.0002236
572,seolfes,<code>seolfes</code>,1,0.0002236
572,seolfre,<code>seolfre</code>,1,0.0002236
572,seon,<code>seon</code>,1,0.0002236
572,septon,<code>septon</code>,1,0.0002236
572,settend,<code>settend</code>,1,0.0002236
572,si&eth;edon,<code>si&amp;d;edon</code>,1,0.0002236
572,si&eth;f&aelig;t,<code>si&amp;d;f&amp;ae;t</code>,1,0.0002236
572,si&eth;ian,<code>si&amp;d;ian</code>,1,0.0002236
572,sien,<code>sien</code>,1,0.0002236
572,sigora,<code>sigora</code>,1,0.0002236
572,sin,<code>sin</code>,1,0.0002236
572,since,<code>since</code>,1,0.0002236
572,sines,<code>sines</code>,1,0.0002236
572,sinne,<code>sinne</code>,1,0.0002236
572,sloh,<code>sloh</code>,1,0.0002236
572,snawas,<code>snawas</code>,1,0.0002236
572,snyttro,<code>snyttro</code>,1,0.0002236
572,so&eth;an,<code>so&amp;d;an</code>,1,0.0002236
572,so&eth;cwidum,<code>so&amp;d;cwidum</code>,1,0.0002236
572,so&eth;f&aelig;stra,<code>so&amp;d;f&amp;ae;stra</code>,1,0.0002236
572,sohton,<code>sohton</code>,1,0.0002236
572,sona,<code>sona</code>,1,0.0002236
572,sorge,<code>sorge</code>,1,0.0002236
572,sorh,<code>sorh</code>,1,0.0002236
572,spel,<code>spel</code>,1,0.0002236
572,spowende,<code>spowende</code>,1,0.0002236
572,spr&aelig;c,<code>spr&amp;ae;c</code>,1,0.0002236
572,spreca&eth;,<code>spreca&amp;d;</code>,1,0.0002236
572,stanhli&eth;um,<code>stanhli&amp;d;um</code>,1,0.0002236
572,starude,<code>starude</code>,1,0.0002236
572,stigan,<code>stigan</code>,1,0.0002236
572,stode,<code>stode</code>,1,0.0002236
572,stodon,<code>stodon</code>,1,0.0002236
572,strudon,<code>strudon</code>,1,0.0002236
572,su&eth;an,<code>su&amp;d;an</code>,1,0.0002236
572,sum,<code>sum</code>,1,0.0002236
572,sumera,<code>sumera</code>,1,0.0002236
572,sumeres,<code>sumeres</code>,1,0.0002236
572,sumor,<code>sumor</code>,1,0.0002236
572,sundor,<code>sundor</code>,1,0.0002236
572,sundorgife,<code>sundorgife</code>,1,0.0002236
572,sungon,<code>sungon</code>,1,0.0002236
572,sunna,<code>sunna</code>,1,0.0002236
572,sunnan,<code>sunnan</code>,1,0.0002236
572,sunne,<code>sunne</code>,1,0.0002236
572,sunu,<code>sunu</code>,1,0.0002236
572,sw&aelig;f,<code>sw&amp;ae;f</code>,1,0.0002236
572,swefnede,<code>swefnede</code>,1,0.0002236
572,sweg,<code>sweg</code>,1,0.0002236
572,swelta&eth;,<code>swelta&amp;d;</code>,1,0.0002236
572,swi&eth;,<code>swi&amp;d;</code>,1,0.0002236
572,swi&eth;an,<code>swi&amp;d;an</code>,1,0.0002236
572,swi&eth;rian,<code>swi&amp;d;rian</code>,1,0.0002236
572,swi&eth;rode,<code>swi&amp;d;rode</code>,1,0.0002236
572,swigode,<code>swigode</code>,1,0.0002236
572,swilce,<code>swilce</code>,1,0.0002236
572,swutol,<code>swutol</code>,1,0.0002236
572,syle,<code>syle</code>,1,0.0002236
572,sylf,<code>sylf</code>,1,0.0002236
572,sylle,<code>sylle</code>,1,0.0002236
572,symble,<code>symble</code>,1,0.0002236
572,syndon,<code>syndon</code>,1,0.0002236
572,t&aelig;hte,<code>t&amp;ae;hte</code>,1,0.0002236
572,tacna,<code>tacna</code>,1,0.0002236
572,tempel,<code>tempel</code>,1,0.0002236
572,templ,<code>templ</code>,1,0.0002236
572,teode,<code>teode</code>,1,0.0002236
572,teonfullum,<code>teonfullum</code>,1,0.0002236
572,teso,<code>teso</code>,1,0.0002236
572,tid,<code>tid</code>,1,0.0002236
572,tida,<code>tida</code>,1,0.0002236
572,tide,<code>tide</code>,1,0.0002236
572,tirum,<code>tirum</code>,1,0.0002236
572,todrifen,<code>todrifen</code>,1,0.0002236
572,todw&aelig;sced,<code>todw&amp;ae;sced</code>,1,0.0002236
572,toferan,<code>toferan</code>,1,0.0002236
572,tohworfene,<code>tohworfene</code>,1,0.0002236
572,torhtan,<code>torhtan</code>,1,0.0002236
572,tosceaf,<code>tosceaf</code>,1,0.0002236
572,toswende,<code>toswende</code>,1,0.0002236
572,tosweop,<code>tosweop</code>,1,0.0002236
572,towrecene,<code>towrecene</code>,1,0.0002236
572,treddedon,<code>treddedon</code>,1,0.0002236
572,treowum,<code>treowum</code>,1,0.0002236
572,trymede,<code>trymede</code>,1,0.0002236
572,tunglu,<code>tunglu</code>,1,0.0002236
572,unceapunga,<code>unceapunga</code>,1,0.0002236
572,ungelic,<code>ungelic</code>,1,0.0002236
572,ungescead,<code>ungescead</code>,1,0.0002236
572,unhold,<code>unhold</code>,1,0.0002236
572,unlytel,<code>unlytel</code>,1,0.0002236
572,unr&aelig;d,<code>unr&amp;ae;d</code>,1,0.0002236
572,unrihtdom,<code>unrihtdom</code>,1,0.0002236
572,unrihtum,<code>unrihtum</code>,1,0.0002236
572,unscyndne,<code>unscyndne</code>,1,0.0002236
572,unwaclice,<code>unwaclice</code>,1,0.0002236
572,upcyme,<code>upcyme</code>,1,0.0002236
572,uppe,<code>uppe</code>,1,0.0002236
572,utan,<code>utan</code>,1,0.0002236
572,w&aelig;da,<code>w&amp;ae;da</code>,1,0.0002236
572,w&aelig;de,<code>w&amp;ae;de</code>,1,0.0002236
572,w&aelig;fran,<code>w&amp;ae;fran</code>,1,0.0002236
572,w&aelig;g,<code>w&amp;ae;g</code>,1,0.0002236
572,w&aelig;lhreow,<code>w&amp;ae;lhreow</code>,1,0.0002236
572,w&aelig;lni&eth;,<code>w&amp;ae;lni&amp;d;</code>,1,0.0002236
572,w&aelig;pna,<code>w&amp;ae;pna</code>,1,0.0002236
572,w&aelig;rf&aelig;ste,<code>w&amp;ae;rf&amp;ae;ste</code>,1,0.0002236
572,w&aelig;rgenga,<code>w&amp;ae;rgenga</code>,1,0.0002236
572,w&aelig;ter,<code>w&amp;ae;ter</code>,1,0.0002236
572,w&aelig;terscipe,<code>w&amp;ae;terscipe</code>,1,0.0002236
572,w&aelig;tersprync,<code>w&amp;ae;tersprync</code>,1,0.0002236
572,wage,<code>wage</code>,1,0.0002236
572,wall,<code>wall</code>,1,0.0002236
572,wandode,<code>wandode</code>,1,0.0002236
572,wast,<code>wast</code>,1,0.0002236
572,wealdan,<code>wealdan</code>,1,0.0002236
572,wealla,<code>wealla</code>,1,0.0002236
572,wealle,<code>wealle</code>,1,0.0002236
572,weallum,<code>weallum</code>,1,0.0002236
572,weardas,<code>weardas</code>,1,0.0002236
572,weardode,<code>weardode</code>,1,0.0002236
572,wearmlic,<code>wearmlic</code>,1,0.0002236
572,wece&eth;,<code>wece&amp;d;</code>,1,0.0002236
572,wecga&eth;,<code>wecga&amp;d;</code>,1,0.0002236
572,weder,<code>weder</code>,1,0.0002236
572,wedera,<code>wedera</code>,1,0.0002236
572,wedere,<code>wedere</code>,1,0.0002236
572,weg,<code>weg</code>,1,0.0002236
572,wela,<code>wela</code>,1,0.0002236
572,wendan,<code>wendan</code>,1,0.0002236
572,wende,<code>wende</code>,1,0.0002236
572,weoh,<code>weoh</code>,1,0.0002236
572,weold,<code>weold</code>,1,0.0002236
572,weorc,<code>weorc</code>,1,0.0002236
572,weorc&thorn;eowum,<code>weorc&amp;t;eowum</code>,1,0.0002236
572,weorca,<code>weorca</code>,1,0.0002236
572,weorcum,<code>weorcum</code>,1,0.0002236
572,wer&eth;eode,<code>wer&amp;d;eode</code>,1,0.0002236
572,weredes,<code>weredes</code>,1,0.0002236
572,werigra,<code>werigra</code>,1,0.0002236
572,weroda,<code>weroda</code>,1,0.0002236
572,werode,<code>werode</code>,1,0.0002236
572,werodes,<code>werodes</code>,1,0.0002236
572,werudes,<code>werudes</code>,1,0.0002236
572,wes,<code>wes</code>,1,0.0002236
572,wi&eth;erbreca,<code>wi&amp;d;erbreca</code>,1,0.0002236
572,wiccungdom,<code>wiccungdom</code>,1,0.0002236
572,widan,<code>widan</code>,1,0.0002236
572,wideferh&eth;,<code>wideferh&amp;d;</code>,1,0.0002236
572,widne,<code>widne</code>,1,0.0002236
572,widost,<code>widost</code>,1,0.0002236
572,wigan,<code>wigan</code>,1,0.0002236
572,wigena,<code>wigena</code>,1,0.0002236
572,wiges,<code>wiges</code>,1,0.0002236
572,wihgyld,<code>wihgyld</code>,1,0.0002236
572,wiht,<code>wiht</code>,1,0.0002236
572,wildan,<code>wildan</code>,1,0.0002236
572,wilddeor,<code>wilddeor</code>,1,0.0002236
572,wilddeora,<code>wilddeora</code>,1,0.0002236
572,wilddeorum,<code>wilddeorum</code>,1,0.0002236
572,wildra,<code>wildra</code>,1,0.0002236
572,willa,<code>willa</code>,1,0.0002236
572,willa&eth;,<code>willa&amp;d;</code>,1,0.0002236
572,willan,<code>willan</code>,1,0.0002236
572,wille,<code>wille</code>,1,0.0002236
572,wilnedan,<code>wilnedan</code>,1,0.0002236
572,wilnian,<code>wilnian</code>,1,0.0002236
572,win&thorn;ege,<code>win&amp;t;ege</code>,1,0.0002236
572,winburge,<code>winburge</code>,1,0.0002236
572,winburh,<code>winburh</code>,1,0.0002236
572,winde,<code>winde</code>,1,0.0002236
572,windig,<code>windig</code>,1,0.0002236
572,windruncen,<code>windruncen</code>,1,0.0002236
572,wine,<code>wine</code>,1,0.0002236
572,wineleasne,<code>wineleasne</code>,1,0.0002236
572,wingal,<code>wingal</code>,1,0.0002236
572,winterbiter,<code>winterbiter</code>,1,0.0002236
572,wintra,<code>wintra</code>,1,0.0002236
572,wis,<code>wis</code>,1,0.0002236
572,wisde,<code>wisde</code>,1,0.0002236
572,wise,<code>wise</code>,1,0.0002236
572,wislice,<code>wislice</code>,1,0.0002236
572,wisne,<code>wisne</code>,1,0.0002236
572,witegena,<code>witegena</code>,1,0.0002236
572,witga,<code>witga</code>,1,0.0002236
572,witgan,<code>witgan</code>,1,0.0002236
572,witgode,<code>witgode</code>,1,0.0002236
572,witgum,<code>witgum</code>,1,0.0002236
572,witiga&eth;,<code>witiga&amp;d;</code>,1,0.0002236
572,witigdom,<code>witigdom</code>,1,0.0002236
572,witod,<code>witod</code>,1,0.0002236
572,wlancan,<code>wlancan</code>,1,0.0002236
572,wlitescyne,<code>wlitescyne</code>,1,0.0002236
572,wlitiga,<code>wlitiga</code>,1,0.0002236
572,wod,<code>wod</code>,1,0.0002236
572,wodan,<code>wodan</code>,1,0.0002236
572,wolcenfaru,<code>wolcenfaru</code>,1,0.0002236
572,wolden,<code>wolden</code>,1,0.0002236
572,wom,<code>wom</code>,1,0.0002236
572,woman,<code>woman</code>,1,0.0002236
572,womma,<code>womma</code>,1,0.0002236
572,wommas,<code>wommas</code>,1,0.0002236
572,worce,<code>worce</code>,1,0.0002236
572,wordcwide,<code>wordcwide</code>,1,0.0002236
572,worde,<code>worde</code>,1,0.0002236
572,worden,<code>worden</code>,1,0.0002236
572,wordgleaw,<code>wordgleaw</code>,1,0.0002236
572,world,<code>world</code>,1,0.0002236
572,worlde,<code>worlde</code>,1,0.0002236
572,woruld,<code>woruld</code>,1,0.0002236
572,woruldcr&aelig;fta,<code>woruldcr&amp;ae;fta</code>,1,0.0002236
572,woruldgesceafta,<code>woruldgesceafta</code>,1,0.0002236
572,woruldlife,<code>woruldlife</code>,1,0.0002236
572,woruldrice,<code>woruldrice</code>,1,0.0002236
572,woruldspedum,<code>woruldspedum</code>,1,0.0002236
572,wr&aelig;c,<code>wr&amp;ae;c</code>,1,0.0002236
572,wr&aelig;cca,<code>wr&amp;ae;cca</code>,1,0.0002236
572,wr&aelig;clic,<code>wr&amp;ae;clic</code>,1,0.0002236
572,wr&aelig;stran,<code>wr&amp;ae;stran</code>,1,0.0002236
572,wrace,<code>wrace</code>,1,0.0002236
572,wrat,<code>wrat</code>,1,0.0002236
572,wrece&eth;,<code>wrece&amp;d;</code>,1,0.0002236
572,writan,<code>writan</code>,1,0.0002236
572,wroht,<code>wroht</code>,1,0.0002236
572,wudu,<code>wudu</code>,1,0.0002236
572,wudubeames,<code>wudubeames</code>,1,0.0002236
572,wuldorf&aelig;st,<code>wuldorf&amp;ae;st</code>,1,0.0002236
572,wuldorhaman,<code>wuldorhaman</code>,1,0.0002236
572,wunast,<code>wunast</code>,1,0.0002236
572,wunden,<code>wunden</code>,1,0.0002236
572,wundorlic,<code>wundorlic</code>,1,0.0002236
572,wundra,<code>wundra</code>,1,0.0002236
572,wundre,<code>wundre</code>,1,0.0002236
572,wunia&eth;,<code>wunia&amp;d;</code>,1,0.0002236
572,wunode,<code>wunode</code>,1,0.0002236
572,wur&eth;igean,<code>wur&amp;d;igean</code>,1,0.0002236
572,wur&eth;myndum,<code>wur&amp;d;myndum</code>,1,0.0002236
572,wurde,<code>wurde</code>,1,0.0002236
572,wurdon,<code>wurdon</code>,1,0.0002236
572,wurpon,<code>wurpon</code>,1,0.0002236
572,wylla,<code>wylla</code>,1,0.0002236
572,wynsum,<code>wynsum</code>,1,0.0002236
572,wyrcean,<code>wyrcean</code>,1,0.0002236
572,wyrtruma,<code>wyrtruma</code>,1,0.0002236
572,wyrtum,<code>wyrtum</code>,1,0.0002236
572,y&eth;a,<code>y&amp;d;a</code>,1,0.0002236
572,yfel,<code>yfel</code>,1,0.0002236
572,ylda,<code>ylda</code>,1,0.0002236
572,yldran,<code>yldran</code>,1,0.0002236
572,yldum,<code>yldum</code>,1,0.0002236
572,ymbe,<code>ymbe</code>,1,0.0002236
572,ywed,<code>ywed</code>,1,0.0002236
