A_Poetry,A01,A01.004_Sat_T00040.txt,1586,1022,4385
RANK,HTML WORD,RAW WORD,COUNT,RELATIVE FREQUENCY
1,and,<code>and</code>,132,0.0301026
2,&thorn;&aelig;t,<code>&amp;t;&amp;ae;t</code>,112,0.0255416
3,on,<code>on</code>,81,0.0184721
4,&thorn;a,<code>&amp;t;a</code>,78,0.0177879
5,in,<code>in</code>,67,0.0152794
5,to,<code>to</code>,67,0.0152794
7,he,<code>he</code>,58,0.0132269
8,ic,<code>ic</code>,55,0.0125428
9,mid,<code>mid</code>,47,0.0107184
10,him,<code>him</code>,40,0.0091220
11,ne,<code>ne</code>,39,0.0088940
12,&thorn;&aelig;r,<code>&amp;t;&amp;ae;r</code>,37,0.0084379
12,is,<code>is</code>,37,0.0084379
14,se,<code>se</code>,36,0.0082098
15,we,<code>we</code>,34,0.0077537
16,w&aelig;s,<code>w&amp;ae;s</code>,32,0.0072976
17,drihten,<code>drihten</code>,31,0.0070696
17,nu,<code>nu</code>,31,0.0070696
19,swa,<code>swa</code>,28,0.0063854
20,ham,<code>ham</code>,27,0.0061574
21,&aelig;r,<code>&amp;ae;r</code>,25,0.0057013
21,&thorn;e,<code>&amp;t;e</code>,25,0.0057013
21,&thorn;onne,<code>&amp;t;onne</code>,25,0.0057013
24,wuldres,<code>wuldres</code>,24,0.0054732
25,god,<code>god</code>,23,0.0052452
25,his,<code>his</code>,23,0.0052452
25,us,<code>us</code>,23,0.0052452
28,up,<code>up</code>,21,0.0047891
29,&eth;e,<code>&amp;d;e</code>,20,0.0045610
29,engla,<code>engla</code>,20,0.0045610
29,helle,<code>helle</code>,20,0.0045610
29,of,<code>of</code>,20,0.0045610
33,&thorn;&aelig;s,<code>&amp;t;&amp;ae;s</code>,19,0.0043330
33,godes,<code>godes</code>,19,0.0043330
35,&thorn;urh,<code>&amp;t;urh</code>,18,0.0041049
36,for,<code>for</code>,17,0.0038769
36,heo,<code>heo</code>,17,0.0038769
38,&aelig;fre,<code>&amp;ae;fre</code>,15,0.0034208
38,&thorn;am,<code>&amp;t;am</code>,15,0.0034208
38,&thorn;u,<code>&amp;t;u</code>,15,0.0034208
41,me,<code>me</code>,14,0.0031927
42,&thorn;one,<code>&amp;t;one</code>,13,0.0029647
42,ealle,<code>ealle</code>,13,0.0029647
42,ece,<code>ece</code>,13,0.0029647
42,geond,<code>geond</code>,13,0.0029647
42,hie,<code>hie</code>,13,0.0029647
47,seolfa,<code>seolfa</code>,12,0.0027366
47,uppe,<code>uppe</code>,12,0.0027366
47,wordum,<code>wordum</code>,12,0.0027366
47,ymb,<code>ymb</code>,12,0.0027366
51,agan,<code>agan</code>,11,0.0025086
51,leoht,<code>leoht</code>,11,0.0025086
51,sceal,<code>sceal</code>,11,0.0025086
54,ah,<code>ah</code>,10,0.0022805
54,eala,<code>eala</code>,10,0.0022805
54,eor&eth;an,<code>eor&amp;d;an</code>,10,0.0022805
54,heofonum,<code>heofonum</code>,10,0.0022805
54,hu,<code>hu</code>,10,0.0022805
54,sunu,<code>sunu</code>,10,0.0022805
54,wolde,<code>wolde</code>,10,0.0022805
61,dream,<code>dream</code>,9,0.0020525
61,eft,<code>eft</code>,9,0.0020525
61,meotod,<code>meotod</code>,9,0.0020525
61,mihte,<code>mihte</code>,9,0.0020525
61,moton,<code>moton</code>,9,0.0020525
61,waldend,<code>waldend</code>,9,0.0020525
67,&eth;a,<code>&amp;d;a</code>,8,0.0018244
67,&eth;u,<code>&amp;d;u</code>,8,0.0018244
67,&thorn;is,<code>&amp;t;is</code>,8,0.0018244
67,bearn,<code>bearn</code>,8,0.0018244
67,com,<code>com</code>,8,0.0018244
67,eall,<code>eall</code>,8,0.0018244
67,englum,<code>englum</code>,8,0.0018244
67,mot,<code>mot</code>,8,0.0018244
67,rice,<code>rice</code>,8,0.0018244
67,seo,<code>seo</code>,8,0.0018244
67,wunian,<code>wunian</code>,8,0.0018244
78,&eth;&aelig;s,<code>&amp;d;&amp;ae;s</code>,7,0.0015964
78,bi&eth;,<code>bi&amp;d;</code>,7,0.0015964
78,cyning,<code>cyning</code>,7,0.0015964
78,foldan,<code>foldan</code>,7,0.0015964
78,h&aelig;fdon,<code>h&amp;ae;fdon</code>,7,0.0015964
78,h&aelig;lend,<code>h&amp;ae;lend</code>,7,0.0015964
78,heran,<code>heran</code>,7,0.0015964
78,hwilum,<code>hwilum</code>,7,0.0015964
78,m&aelig;g,<code>m&amp;ae;g</code>,7,0.0015964
78,miht,<code>miht</code>,7,0.0015964
78,ofer,<code>ofer</code>,7,0.0015964
78,seo&eth;&eth;an,<code>seo&amp;d;&amp;d;an</code>,7,0.0015964
78,wi&eth;,<code>wi&amp;d;</code>,7,0.0015964
91,&thorn;eoden,<code>&amp;t;eoden</code>,6,0.0013683
91,ac,<code>ac</code>,6,0.0013683
91,atole,<code>atole</code>,6,0.0013683
91,becom,<code>becom</code>,6,0.0013683
91,drihtne,<code>drihtne</code>,6,0.0013683
91,eow,<code>eow</code>,6,0.0013683
91,fah,<code>fah</code>,6,0.0013683
91,feond,<code>feond</code>,6,0.0013683
91,for&eth;,<code>for&amp;d;</code>,6,0.0013683
91,h&aelig;fde,<code>h&amp;ae;fde</code>,6,0.0013683
91,h&aelig;ftum,<code>h&amp;ae;ftum</code>,6,0.0013683
91,habban,<code>habban</code>,6,0.0013683
91,hate,<code>hate</code>,6,0.0013683
91,her,<code>her</code>,6,0.0013683
91,hine,<code>hine</code>,6,0.0013683
91,hw&aelig;t,<code>hw&amp;ae;t</code>,6,0.0013683
91,meotodes,<code>meotodes</code>,6,0.0013683
91,sceolon,<code>sceolon</code>,6,0.0013683
91,wide,<code>wide</code>,6,0.0013683
91,wites,<code>wites</code>,6,0.0013683
91,witum,<code>witum</code>,6,0.0013683
91,wuldre,<code>wuldre</code>,6,0.0013683
91,wynnum,<code>wynnum</code>,6,0.0013683
114,&aelig;hte,<code>&amp;ae;hte</code>,5,0.0011403
114,&eth;&aelig;r,<code>&amp;d;&amp;ae;r</code>,5,0.0011403
114,&eth;es,<code>&amp;d;es</code>,5,0.0011403
114,&thorn;&aelig;m,<code>&amp;t;&amp;ae;m</code>,5,0.0011403
114,&thorn;es,<code>&amp;t;es</code>,5,0.0011403
114,&thorn;ider,<code>&amp;t;ider</code>,5,0.0011403
114,a,<code>a</code>,5,0.0011403
114,atol,<code>atol</code>,5,0.0011403
114,atolan,<code>atolan</code>,5,0.0011403
114,clom,<code>clom</code>,5,0.0011403
114,dreamas,<code>dreamas</code>,5,0.0011403
114,e&eth;le,<code>e&amp;d;le</code>,5,0.0011403
114,eadige,<code>eadige</code>,5,0.0011403
114,ealra,<code>ealra</code>,5,0.0011403
114,earm,<code>earm</code>,5,0.0011403
114,ecan,<code>ecan</code>,5,0.0011403
114,ecne,<code>ecne</code>,5,0.0011403
114,gast,<code>gast</code>,5,0.0011403
114,gastas,<code>gastas</code>,5,0.0011403
114,gewald,<code>gewald</code>,5,0.0011403
114,gif,<code>gif</code>,5,0.0011403
114,gingran,<code>gingran</code>,5,0.0011403
114,grund,<code>grund</code>,5,0.0011403
114,h&aelig;lendes,<code>h&amp;ae;lendes</code>,5,0.0011403
114,habba&eth;,<code>habba&amp;d;</code>,5,0.0011403
114,halgan,<code>halgan</code>,5,0.0011403
114,halig,<code>halig</code>,5,0.0011403
114,handum,<code>handum</code>,5,0.0011403
114,heofnum,<code>heofnum</code>,5,0.0011403
114,heora,<code>heora</code>,5,0.0011403
114,hi,<code>hi</code>,5,0.0011403
114,hit,<code>hit</code>,5,0.0011403
114,hond,<code>hond</code>,5,0.0011403
114,hondum,<code>hondum</code>,5,0.0011403
114,moten,<code>moten</code>,5,0.0011403
114,oft,<code>oft</code>,5,0.0011403
114,on&aelig;led,<code>on&amp;ae;led</code>,5,0.0011403
114,sceoldon,<code>sceoldon</code>,5,0.0011403
114,ut,<code>ut</code>,5,0.0011403
114,w&aelig;re,<code>w&amp;ae;re</code>,5,0.0011403
114,w&aelig;ron,<code>w&amp;ae;ron</code>,5,0.0011403
114,wean,<code>wean</code>,5,0.0011403
114,wile,<code>wile</code>,5,0.0011403
114,wit,<code>wit</code>,5,0.0011403
114,witu,<code>witu</code>,5,0.0011403
114,worulde,<code>worulde</code>,5,0.0011403
160,&aelig;&eth;ele,<code>&amp;ae;&amp;d;ele</code>,4,0.0009122
160,&aelig;rest,<code>&amp;ae;rest</code>,4,0.0009122
160,&aelig;t,<code>&amp;ae;t</code>,4,0.0009122
160,&eth;one,<code>&amp;d;one</code>,4,0.0009122
160,&eth;onne,<code>&amp;d;onne</code>,4,0.0009122
160,&thorn;&aelig;re,<code>&amp;t;&amp;ae;re</code>,4,0.0009122
160,&thorn;us,<code>&amp;t;us</code>,4,0.0009122
160,&thorn;usendm&aelig;lum,<code>&amp;t;usendm&amp;ae;lum</code>,4,0.0009122
160,alles,<code>alles</code>,4,0.0009122
160,ana,<code>ana</code>,4,0.0009122
160,andsacan,<code>andsacan</code>,4,0.0009122
160,aras,<code>aras</code>,4,0.0009122
160,attre,<code>attre</code>,4,0.0009122
160,awyrgda,<code>awyrgda</code>,4,0.0009122
160,beorhte,<code>beorhte</code>,4,0.0009122
160,bl&aelig;d,<code>bl&amp;ae;d</code>,4,0.0009122
160,crist,<code>crist</code>,4,0.0009122
160,daga,<code>daga</code>,4,0.0009122
160,deman,<code>deman</code>,4,0.0009122
160,drihtnes,<code>drihtnes</code>,4,0.0009122
160,dyne,<code>dyne</code>,4,0.0009122
160,eagum,<code>eagum</code>,4,0.0009122
160,earde,<code>earde</code>,4,0.0009122
160,egsan,<code>egsan</code>,4,0.0009122
160,ende,<code>ende</code>,4,0.0009122
160,eom,<code>eom</code>,4,0.0009122
160,f&aelig;der,<code>f&amp;ae;der</code>,4,0.0009122
160,for&thorn;on,<code>for&amp;t;on</code>,4,0.0009122
160,freodrihten,<code>freodrihten</code>,4,0.0009122
160,gastes,<code>gastes</code>,4,0.0009122
160,gebunden,<code>gebunden</code>,4,0.0009122
160,gemunan,<code>gemunan</code>,4,0.0009122
160,gesawon,<code>gesawon</code>,4,0.0009122
160,gesette,<code>gesette</code>,4,0.0009122
160,geworden,<code>geworden</code>,4,0.0009122
160,grunde,<code>grunde</code>,4,0.0009122
160,gyt,<code>gyt</code>,4,0.0009122
160,h&aelig;le&eth;a,<code>h&amp;ae;le&amp;d;a</code>,4,0.0009122
160,halige,<code>halige</code>,4,0.0009122
160,haligne,<code>haligne</code>,4,0.0009122
160,heriga&eth;,<code>heriga&amp;d;</code>,4,0.0009122
160,het,<code>het</code>,4,0.0009122
160,hweorfan,<code>hweorfan</code>,4,0.0009122
160,iu,<code>iu</code>,4,0.0009122
160,leas,<code>leas</code>,4,0.0009122
160,lif,<code>lif</code>,4,0.0009122
160,mancynnes,<code>mancynnes</code>,4,0.0009122
160,men,<code>men</code>,4,0.0009122
160,menego,<code>menego</code>,4,0.0009122
160,meotode,<code>meotode</code>,4,0.0009122
160,middangeard,<code>middangeard</code>,4,0.0009122
160,mode,<code>mode</code>,4,0.0009122
160,moste,<code>moste</code>,4,0.0009122
160,nalles,<code>nalles</code>,4,0.0009122
160,nym&thorn;e,<code>nym&amp;t;e</code>,4,0.0009122
160,ordfruma,<code>ordfruma</code>,4,0.0009122
160,scina&eth;,<code>scina&amp;d;</code>,4,0.0009122
160,scr&aelig;f,<code>scr&amp;ae;f</code>,4,0.0009122
160,secgan,<code>secgan</code>,4,0.0009122
160,selde,<code>selde</code>,4,0.0009122
160,seolf,<code>seolf</code>,4,0.0009122
160,stefne,<code>stefne</code>,4,0.0009122
160,sweg,<code>sweg</code>,4,0.0009122
160,swi&eth;ran,<code>swi&amp;d;ran</code>,4,0.0009122
160,ufan,<code>ufan</code>,4,0.0009122
160,waldendes,<code>waldendes</code>,4,0.0009122
160,weard,<code>weard</code>,4,0.0009122
160,weoroda,<code>weoroda</code>,4,0.0009122
160,wille,<code>wille</code>,4,0.0009122
160,wite,<code>wite</code>,4,0.0009122
160,wlite,<code>wlite</code>,4,0.0009122
160,word,<code>word</code>,4,0.0009122
232,&aelig;tsomne,<code>&amp;ae;tsomne</code>,3,0.0006842
232,&eth;&aelig;m,<code>&amp;d;&amp;ae;m</code>,3,0.0006842
232,&eth;urh,<code>&amp;d;urh</code>,3,0.0006842
232,&thorn;ence&eth;,<code>&amp;t;ence&amp;d;</code>,3,0.0006842
232,&thorn;reat,<code>&amp;t;reat</code>,3,0.0006842
232,&thorn;rym,<code>&amp;t;rym</code>,3,0.0006842
232,&thorn;usenda,<code>&amp;t;usenda</code>,3,0.0006842
232,adam,<code>adam</code>,3,0.0006842
232,adrifan,<code>adrifan</code>,3,0.0006842
232,aldor,<code>aldor</code>,3,0.0006842
232,aldre,<code>aldre</code>,3,0.0006842
232,alwihta,<code>alwihta</code>,3,0.0006842
232,astah,<code>astah</code>,3,0.0006842
232,atola,<code>atola</code>,3,0.0006842
232,bearme,<code>bearme</code>,3,0.0006842
232,beman,<code>beman</code>,3,0.0006842
232,beo&eth;,<code>beo&amp;d;</code>,3,0.0006842
232,bled,<code>bled</code>,3,0.0006842
232,burga,<code>burga</code>,3,0.0006842
232,burh,<code>burh</code>,3,0.0006842
232,buton,<code>buton</code>,3,0.0006842
232,cestre,<code>cestre</code>,3,0.0006842
232,cr&aelig;ft,<code>cr&amp;ae;ft</code>,3,0.0006842
232,cweman,<code>cweman</code>,3,0.0006842
232,cynn,<code>cynn</code>,3,0.0006842
232,deofla,<code>deofla</code>,3,0.0006842
232,duru,<code>duru</code>,3,0.0006842
232,dyde,<code>dyde</code>,3,0.0006842
232,eart,<code>eart</code>,3,0.0006842
232,eca,<code>eca</code>,3,0.0006842
232,egsa,<code>egsa</code>,3,0.0006842
232,englas,<code>englas</code>,3,0.0006842
232,eor&thorn;an,<code>eor&amp;t;an</code>,3,0.0006842
232,f&aelig;ger,<code>f&amp;ae;ger</code>,3,0.0006842
232,feowertig,<code>feowertig</code>,3,0.0006842
232,fram,<code>fram</code>,3,0.0006842
232,ful,<code>ful</code>,3,0.0006842
232,fyre,<code>fyre</code>,3,0.0006842
232,galileam,<code>galileam</code>,3,0.0006842
232,ge,<code>ge</code>,3,0.0006842
232,ge&thorn;ohtas,<code>ge&amp;t;ohtas</code>,3,0.0006842
232,ge&thorn;ohte,<code>ge&amp;t;ohte</code>,3,0.0006842
232,gecw&aelig;&eth;,<code>gecw&amp;ae;&amp;d;</code>,3,0.0006842
232,geheran,<code>geheran</code>,3,0.0006842
232,gelamp,<code>gelamp</code>,3,0.0006842
232,gelomp,<code>gelomp</code>,3,0.0006842
232,gewear&eth;,<code>gewear&amp;d;</code>,3,0.0006842
232,gode,<code>gode</code>,3,0.0006842
232,gongan,<code>gongan</code>,3,0.0006842
232,grundas,<code>grundas</code>,3,0.0006842
232,h&aelig;ftas,<code>h&amp;ae;ftas</code>,3,0.0006842
232,h&aelig;lende,<code>h&amp;ae;lende</code>,3,0.0006842
232,hat,<code>hat</code>,3,0.0006842
232,heap,<code>heap</code>,3,0.0006842
232,helm,<code>helm</code>,3,0.0006842
232,helpe,<code>helpe</code>,3,0.0006842
232,heofencyninge,<code>heofencyninge</code>,3,0.0006842
232,heofon,<code>heofon</code>,3,0.0006842
232,heofona,<code>heofona</code>,3,0.0006842
232,hired,<code>hired</code>,3,0.0006842
232,hnigan,<code>hnigan</code>,3,0.0006842
232,la,<code>la</code>,3,0.0006842
232,leoman,<code>leoman</code>,3,0.0006842
232,m&aelig;gen,<code>m&amp;ae;gen</code>,3,0.0006842
232,m&aelig;nego,<code>m&amp;ae;nego</code>,3,0.0006842
232,m&aelig;ran,<code>m&amp;ae;ran</code>,3,0.0006842
232,mihtum,<code>mihtum</code>,3,0.0006842
232,minre,<code>minre</code>,3,0.0006842
232,moncynnes,<code>moncynnes</code>,3,0.0006842
232,monna,<code>monna</code>,3,0.0006842
232,neowlan,<code>neowlan</code>,3,0.0006842
232,ni&eth;,<code>ni&amp;d;</code>,3,0.0006842
232,nis,<code>nis</code>,3,0.0006842
232,no,<code>no</code>,3,0.0006842
232,o&eth;&eth;&aelig;t,<code>o&amp;d;&amp;d;&amp;ae;t</code>,3,0.0006842
232,o&eth;re,<code>o&amp;d;re</code>,3,0.0006842
232,oferhygdum,<code>oferhygdum</code>,3,0.0006842
232,rices,<code>rices</code>,3,0.0006842
232,riht,<code>riht</code>,3,0.0006842
232,s&aelig;de,<code>s&amp;ae;de</code>,3,0.0006842
232,satanus,<code>satanus</code>,3,0.0006842
232,sawla,<code>sawla</code>,3,0.0006842
232,scyppend,<code>scyppend</code>,3,0.0006842
232,seld,<code>seld</code>,3,0.0006842
232,sele,<code>sele</code>,3,0.0006842
232,stod,<code>stod</code>,3,0.0006842
232,sume,<code>sume</code>,3,0.0006842
232,susle,<code>susle</code>,3,0.0006842
232,swearte,<code>swearte</code>,3,0.0006842
232,swegle,<code>swegle</code>,3,0.0006842
232,swegles,<code>swegles</code>,3,0.0006842
232,swylce,<code>swylce</code>,3,0.0006842
232,sylfa,<code>sylfa</code>,3,0.0006842
232,teala,<code>teala</code>,3,0.0006842
232,twa,<code>twa</code>,3,0.0006842
232,under,<code>under</code>,3,0.0006842
232,uton,<code>uton</code>,3,0.0006842
232,wear&eth;,<code>wear&amp;d;</code>,3,0.0006842
232,werigan,<code>werigan</code>,3,0.0006842
232,werige,<code>werige</code>,3,0.0006842
232,wintra,<code>wintra</code>,3,0.0006842
232,woldon,<code>woldon</code>,3,0.0006842
232,woruld,<code>woruld</code>,3,0.0006842
232,wuldorcyning,<code>wuldorcyning</code>,3,0.0006842
232,wyrcan,<code>wyrcan</code>,3,0.0006842
337,&aelig;fter,<code>&amp;ae;fter</code>,2,0.0004561
337,&aelig;ghw&aelig;r,<code>&amp;ae;ghw&amp;ae;r</code>,2,0.0004561
337,&aelig;gl&aelig;ca,<code>&amp;ae;gl&amp;ae;ca</code>,2,0.0004561
337,&aelig;rror,<code>&amp;ae;rror</code>,2,0.0004561
337,&eth;eos,<code>&amp;d;eos</code>,2,0.0004561
337,&eth;issum,<code>&amp;d;issum</code>,2,0.0004561
337,&eth;uhte,<code>&amp;d;uhte</code>,2,0.0004561
337,&thorn;anon,<code>&amp;t;anon</code>,2,0.0004561
337,&thorn;as,<code>&amp;t;as</code>,2,0.0004561
337,&thorn;eah,<code>&amp;t;eah</code>,2,0.0004561
337,&thorn;egen,<code>&amp;t;egen</code>,2,0.0004561
337,&thorn;egnas,<code>&amp;t;egnas</code>,2,0.0004561
337,&thorn;eos,<code>&amp;t;eos</code>,2,0.0004561
337,&thorn;reatas,<code>&amp;t;reatas</code>,2,0.0004561
337,&thorn;reo,<code>&amp;t;reo</code>,2,0.0004561
337,&thorn;rowian,<code>&amp;t;rowian</code>,2,0.0004561
337,&thorn;uhte,<code>&amp;t;uhte</code>,2,0.0004561
337,agen,<code>agen</code>,2,0.0004561
337,ahtest,<code>ahtest</code>,2,0.0004561
337,alefan,<code>alefan</code>,2,0.0004561
337,alle,<code>alle</code>,2,0.0004561
337,alne,<code>alne</code>,2,0.0004561
337,alra,<code>alra</code>,2,0.0004561
337,amet,<code>amet</code>,2,0.0004561
337,andswarode,<code>andswarode</code>,2,0.0004561
337,anum,<code>anum</code>,2,0.0004561
337,anwaldan,<code>anwaldan</code>,2,0.0004561
337,asette,<code>asette</code>,2,0.0004561
337,astag,<code>astag</code>,2,0.0004561
337,aworpen,<code>aworpen</code>,2,0.0004561
337,b&aelig;d,<code>b&amp;ae;d</code>,2,0.0004561
337,be,<code>be</code>,2,0.0004561
337,bealowes,<code>bealowes</code>,2,0.0004561
337,beame,<code>beame</code>,2,0.0004561
337,bearnum,<code>bearnum</code>,2,0.0004561
337,bed&aelig;lde,<code>bed&amp;ae;lde</code>,2,0.0004561
337,bef&aelig;&eth;me&eth;,<code>bef&amp;ae;&amp;d;me&amp;d;</code>,2,0.0004561
337,beforan,<code>beforan</code>,2,0.0004561
337,bendum,<code>bendum</code>,2,0.0004561
337,beoran,<code>beoran</code>,2,0.0004561
337,beorhtan,<code>beorhtan</code>,2,0.0004561
337,beornende,<code>beornende</code>,2,0.0004561
337,bidan,<code>bidan</code>,2,0.0004561
337,bl&aelig;da,<code>bl&amp;ae;da</code>,2,0.0004561
337,bli&eth;e,<code>bli&amp;d;e</code>,2,0.0004561
337,brade,<code>brade</code>,2,0.0004561
337,bringan,<code>bringan</code>,2,0.0004561
337,butan,<code>butan</code>,2,0.0004561
337,clene,<code>clene</code>,2,0.0004561
337,cleopa&eth;,<code>cleopa&amp;d;</code>,2,0.0004561
337,criste,<code>criste</code>,2,0.0004561
337,cu&eth;,<code>cu&amp;d;</code>,2,0.0004561
337,cuma&eth;,<code>cuma&amp;d;</code>,2,0.0004561
337,cunne,<code>cunne</code>,2,0.0004561
337,cw&aelig;&eth;,<code>cw&amp;ae;&amp;d;</code>,2,0.0004561
337,cyn,<code>cyn</code>,2,0.0004561
337,d&aelig;dum,<code>d&amp;ae;dum</code>,2,0.0004561
337,d&aelig;g,<code>d&amp;ae;g</code>,2,0.0004561
337,dea&eth;,<code>dea&amp;d;</code>,2,0.0004561
337,dea&eth;es,<code>dea&amp;d;es</code>,2,0.0004561
337,deop,<code>deop</code>,2,0.0004561
337,deopne,<code>deopne</code>,2,0.0004561
337,deora,<code>deora</code>,2,0.0004561
337,deoran,<code>deoran</code>,2,0.0004561
337,dimman,<code>dimman</code>,2,0.0004561
337,dogra,<code>dogra</code>,2,0.0004561
337,domas,<code>domas</code>,2,0.0004561
337,dracan,<code>dracan</code>,2,0.0004561
337,dreames,<code>dreames</code>,2,0.0004561
337,dreamum,<code>dreamum</code>,2,0.0004561
337,dreogan,<code>dreogan</code>,2,0.0004561
337,drugon,<code>drugon</code>,2,0.0004561
337,dryhtene,<code>dryhtene</code>,2,0.0004561
337,dugu&eth;e,<code>dugu&amp;d;e</code>,2,0.0004561
337,dydon,<code>dydon</code>,2,0.0004561
337,eadigan,<code>eadigan</code>,2,0.0004561
337,eadigne,<code>eadigne</code>,2,0.0004561
337,ealdor,<code>ealdor</code>,2,0.0004561
337,ealles,<code>ealles</code>,2,0.0004561
337,eallum,<code>eallum</code>,2,0.0004561
337,eard,<code>eard</code>,2,0.0004561
337,earme,<code>earme</code>,2,0.0004561
337,edwit,<code>edwit</code>,2,0.0004561
337,eorre,<code>eorre</code>,2,0.0004561
337,f&aelig;gere,<code>f&amp;ae;gere</code>,2,0.0004561
337,f&aelig;h&eth;e,<code>f&amp;ae;h&amp;d;e</code>,2,0.0004561
337,f&aelig;ste,<code>f&amp;ae;ste</code>,2,0.0004561
337,faran,<code>faran</code>,2,0.0004561
337,fela,<code>fela</code>,2,0.0004561
337,feola,<code>feola</code>,2,0.0004561
337,feollon,<code>feollon</code>,2,0.0004561
337,feste,<code>feste</code>,2,0.0004561
337,flor,<code>flor</code>,2,0.0004561
337,for&eth;on,<code>for&amp;d;on</code>,2,0.0004561
337,forgeald,<code>forgeald</code>,2,0.0004561
337,fur&eth;or,<code>fur&amp;d;or</code>,2,0.0004561
337,fyr,<code>fyr</code>,2,0.0004561
337,ge&thorn;olian,<code>ge&amp;t;olian</code>,2,0.0004561
337,ge&thorn;rowode,<code>ge&amp;t;rowode</code>,2,0.0004561
337,gefr&aelig;tewod,<code>gefr&amp;ae;tewod</code>,2,0.0004561
337,gehered,<code>gehered</code>,2,0.0004561
337,gehwylc,<code>gehwylc</code>,2,0.0004561
337,gehycgan,<code>gehycgan</code>,2,0.0004561
337,gel&aelig;dde,<code>gel&amp;ae;dde</code>,2,0.0004561
337,gemunde,<code>gemunde</code>,2,0.0004561
337,genemned,<code>genemned</code>,2,0.0004561
337,genip,<code>genip</code>,2,0.0004561
337,genom,<code>genom</code>,2,0.0004561
337,georne,<code>georne</code>,2,0.0004561
337,ges&aelig;t,<code>ges&amp;ae;t</code>,2,0.0004561
337,gescefta,<code>gescefta</code>,2,0.0004561
337,gesene,<code>gesene</code>,2,0.0004561
337,gestod,<code>gestod</code>,2,0.0004561
337,gife,<code>gife</code>,2,0.0004561
337,gifre,<code>gifre</code>,2,0.0004561
337,git,<code>git</code>,2,0.0004561
337,goda,<code>goda</code>,2,0.0004561
337,gryre,<code>gryre</code>,2,0.0004561
337,h&aelig;bbe,<code>h&amp;ae;bbe</code>,2,0.0004561
337,had,<code>had</code>,2,0.0004561
337,hafa&eth;,<code>hafa&amp;d;</code>,2,0.0004561
337,hafast,<code>hafast</code>,2,0.0004561
337,haten,<code>haten</code>,2,0.0004561
337,hatne,<code>hatne</code>,2,0.0004561
337,hean,<code>hean</code>,2,0.0004561
337,hebbe,<code>hebbe</code>,2,0.0004561
337,hehseld,<code>hehseld</code>,2,0.0004561
337,hellegrund,<code>hellegrund</code>,2,0.0004561
337,helpan,<code>helpan</code>,2,0.0004561
337,heofonrice,<code>heofonrice</code>,2,0.0004561
337,heonon,<code>heonon</code>,2,0.0004561
337,hider,<code>hider</code>,2,0.0004561
337,hihte,<code>hihte</code>,2,0.0004561
337,hlud,<code>hlud</code>,2,0.0004561
337,huru,<code>huru</code>,2,0.0004561
337,hw&aelig;r,<code>hw&amp;ae;r</code>,2,0.0004561
337,hwearf,<code>hwearf</code>,2,0.0004561
337,hyhte,<code>hyhte</code>,2,0.0004561
337,hylle,<code>hylle</code>,2,0.0004561
337,inc,<code>inc</code>,2,0.0004561
337,inneweard,<code>inneweard</code>,2,0.0004561
337,la&eth;e,<code>la&amp;d;e</code>,2,0.0004561
337,land,<code>land</code>,2,0.0004561
337,lea&eth;a&eth;,<code>lea&amp;d;a&amp;d;</code>,2,0.0004561
337,leohte,<code>leohte</code>,2,0.0004561
337,let,<code>let</code>,2,0.0004561
337,licgan,<code>licgan</code>,2,0.0004561
337,liht,<code>liht</code>,2,0.0004561
337,m&aelig;ge,<code>m&amp;ae;ge</code>,2,0.0004561
337,ma,<code>ma</code>,2,0.0004561
337,man,<code>man</code>,2,0.0004561
337,micelne,<code>micelne</code>,2,0.0004561
337,middaneard,<code>middaneard</code>,2,0.0004561
337,minum,<code>minum</code>,2,0.0004561
337,moston,<code>moston</code>,2,0.0004561
337,n&aelig;ddran,<code>n&amp;ae;ddran</code>,2,0.0004561
337,n&aelig;s,<code>n&amp;ae;s</code>,2,0.0004561
337,nearwe,<code>nearwe</code>,2,0.0004561
337,neowle,<code>neowle</code>,2,0.0004561
337,nessas,<code>nessas</code>,2,0.0004561
337,ni&eth;er,<code>ni&amp;d;er</code>,2,0.0004561
337,niht,<code>niht</code>,2,0.0004561
337,ongan,<code>ongan</code>,2,0.0004561
337,ontyned,<code>ontyned</code>,2,0.0004561
337,onwald,<code>onwald</code>,2,0.0004561
337,reste,<code>reste</code>,2,0.0004561
337,rim,<code>rim</code>,2,0.0004561
337,rodera,<code>rodera</code>,2,0.0004561
337,s&aelig;,<code>s&amp;ae;</code>,2,0.0004561
337,s&aelig;don,<code>s&amp;ae;don</code>,2,0.0004561
337,sanctas,<code>sanctas</code>,2,0.0004561
337,sang,<code>sang</code>,2,0.0004561
337,sawle,<code>sawle</code>,2,0.0004561
337,sawlum,<code>sawlum</code>,2,0.0004561
337,sceatas,<code>sceatas</code>,2,0.0004561
337,sceolun,<code>sceolun</code>,2,0.0004561
337,scine&eth;,<code>scine&amp;d;</code>,2,0.0004561
337,scref,<code>scref</code>,2,0.0004561
337,segdest,<code>segdest</code>,2,0.0004561
337,seolfe,<code>seolfe</code>,2,0.0004561
337,seolfes,<code>seolfes</code>,2,0.0004561
337,seolua,<code>seolua</code>,2,0.0004561
337,seondon,<code>seondon</code>,2,0.0004561
337,sid,<code>sid</code>,2,0.0004561
337,sidan,<code>sidan</code>,2,0.0004561
337,simon,<code>simon</code>,2,0.0004561
337,site&eth;,<code>site&amp;d;</code>,2,0.0004561
337,snytero,<code>snytero</code>,2,0.0004561
337,so&eth;e,<code>so&amp;d;e</code>,2,0.0004561
337,sona,<code>sona</code>,2,0.0004561
337,song,<code>song</code>,2,0.0004561
337,sped,<code>sped</code>,2,0.0004561
337,spr&aelig;c,<code>spr&amp;ae;c</code>,2,0.0004561
337,stanas,<code>stanas</code>,2,0.0004561
337,stonda&eth;,<code>stonda&amp;d;</code>,2,0.0004561
337,strang,<code>strang</code>,2,0.0004561
337,streng&eth;o,<code>streng&amp;d;o</code>,2,0.0004561
337,strong,<code>strong</code>,2,0.0004561
337,stronglic,<code>stronglic</code>,2,0.0004561
337,sunnan,<code>sunnan</code>,2,0.0004561
337,susel,<code>susel</code>,2,0.0004561
337,swarte,<code>swarte</code>,2,0.0004561
337,torht,<code>torht</code>,2,0.0004561
337,twelf,<code>twelf</code>,2,0.0004561
337,uhtan,<code>uhtan</code>,2,0.0004561
337,unc,<code>unc</code>,2,0.0004561
337,ure,<code>ure</code>,2,0.0004561
337,uta,<code>uta</code>,2,0.0004561
337,utan,<code>utan</code>,2,0.0004561
337,wat,<code>wat</code>,2,0.0004561
337,wenan,<code>wenan</code>,2,0.0004561
337,wene,<code>wene</code>,2,0.0004561
337,weorcum,<code>weorcum</code>,2,0.0004561
337,weregan,<code>weregan</code>,2,0.0004561
337,werig,<code>werig</code>,2,0.0004561
337,windsele,<code>windsele</code>,2,0.0004561
337,wlitige,<code>wlitige</code>,2,0.0004561
337,wom,<code>wom</code>,2,0.0004561
337,wra&eth;,<code>wra&amp;d;</code>,2,0.0004561
337,wreclastas,<code>wreclastas</code>,2,0.0004561
337,wuldorcyninge,<code>wuldorcyninge</code>,2,0.0004561
337,wuna&eth;,<code>wuna&amp;d;</code>,2,0.0004561
337,wynne,<code>wynne</code>,2,0.0004561
337,wyrhta,<code>wyrhta</code>,2,0.0004561
337,wyrmas,<code>wyrmas</code>,2,0.0004561
337,wyrse,<code>wyrse</code>,2,0.0004561
337,ymbfangen,<code>ymbfangen</code>,2,0.0004561
337,ymbutan,<code>ymbutan</code>,2,0.0004561
565,&aelig;&eth;el,<code>&amp;ae;&amp;d;el</code>,1,0.0002281
565,&aelig;&thorn;elan,<code>&amp;ae;&amp;t;elan</code>,1,0.0002281
565,&aelig;can,<code>&amp;ae;can</code>,1,0.0002281
565,&aelig;ce,<code>&amp;ae;ce</code>,1,0.0002281
565,&aelig;ghw&aelig;m,<code>&amp;ae;ghw&amp;ae;m</code>,1,0.0002281
565,&aelig;ghwylc,<code>&amp;ae;ghwylc</code>,1,0.0002281
565,&aelig;ghwylces,<code>&amp;ae;ghwylces</code>,1,0.0002281
565,&aelig;ghwylcum,<code>&amp;ae;ghwylcum</code>,1,0.0002281
565,&aelig;gl&#275;ce,<code>&amp;ae;gl&amp;e;ce</code>,1,0.0002281
565,&aelig;glecan,<code>&amp;ae;glecan</code>,1,0.0002281
565,&aelig;lmihtig,<code>&amp;ae;lmihtig</code>,1,0.0002281
565,&aelig;lmihtiga,<code>&amp;ae;lmihtiga</code>,1,0.0002281
565,&aelig;ne,<code>&amp;ae;ne</code>,1,0.0002281
565,&aelig;ngel,<code>&amp;ae;ngel</code>,1,0.0002281
565,&aelig;ngla,<code>&amp;ae;ngla</code>,1,0.0002281
565,&aelig;nglum,<code>&amp;ae;nglum</code>,1,0.0002281
565,&aelig;nigum,<code>&amp;ae;nigum</code>,1,0.0002281
565,&aelig;nne,<code>&amp;ae;nne</code>,1,0.0002281
565,&aelig;pla,<code>&amp;ae;pla</code>,1,0.0002281
565,&aelig;ten,<code>&amp;ae;ten</code>,1,0.0002281
565,&aelig;ton,<code>&amp;ae;ton</code>,1,0.0002281
565,&eth;&aelig;re,<code>&amp;d;&amp;ae;re</code>,1,0.0002281
565,&eth;&aelig;t,<code>&amp;d;&amp;ae;t</code>,1,0.0002281
565,&eth;am,<code>&amp;d;am</code>,1,0.0002281
565,&eth;earle,<code>&amp;d;earle</code>,1,0.0002281
565,&eth;ec,<code>&amp;d;ec</code>,1,0.0002281
565,&eth;eossum,<code>&amp;d;eossum</code>,1,0.0002281
565,&eth;eostr&aelig;,<code>&amp;d;eostr&amp;ae;</code>,1,0.0002281
565,&eth;in,<code>&amp;d;in</code>,1,0.0002281
565,&eth;inne,<code>&amp;d;inne</code>,1,0.0002281
565,&eth;inum,<code>&amp;d;inum</code>,1,0.0002281
565,&eth;is,<code>&amp;d;is</code>,1,0.0002281
565,&eth;ragum,<code>&amp;d;ragum</code>,1,0.0002281
565,&eth;reat,<code>&amp;d;reat</code>,1,0.0002281
565,&eth;rowade,<code>&amp;d;rowade</code>,1,0.0002281
565,&eth;rym,<code>&amp;d;rym</code>,1,0.0002281
565,&eth;urfon,<code>&amp;d;urfon</code>,1,0.0002281
565,&eth;y,<code>&amp;d;y</code>,1,0.0002281
565,&thorn;&aelig;h,<code>&amp;t;&amp;ae;h</code>,1,0.0002281
565,&thorn;&aelig;tte,<code>&amp;t;&amp;ae;tte</code>,1,0.0002281
565,&thorn;an,<code>&amp;t;an</code>,1,0.0002281
565,&thorn;anc,<code>&amp;t;anc</code>,1,0.0002281
565,&thorn;anceden,<code>&amp;t;anceden</code>,1,0.0002281
565,&thorn;earle,<code>&amp;t;earle</code>,1,0.0002281
565,&thorn;ec,<code>&amp;t;ec</code>,1,0.0002281
565,&thorn;enca&eth;,<code>&amp;t;enca&amp;d;</code>,1,0.0002281
565,&thorn;eodne,<code>&amp;t;eodne</code>,1,0.0002281
565,&thorn;igdon,<code>&amp;t;igdon</code>,1,0.0002281
565,&thorn;in,<code>&amp;t;in</code>,1,0.0002281
565,&thorn;ines,<code>&amp;t;ines</code>,1,0.0002281
565,&thorn;inga,<code>&amp;t;inga</code>,1,0.0002281
565,&thorn;inga&eth;,<code>&amp;t;inga&amp;d;</code>,1,0.0002281
565,&thorn;ingade,<code>&amp;t;ingade</code>,1,0.0002281
565,&thorn;isse,<code>&amp;t;isse</code>,1,0.0002281
565,&thorn;issum,<code>&amp;t;issum</code>,1,0.0002281
565,&thorn;onan,<code>&amp;t;onan</code>,1,0.0002281
565,&thorn;onon,<code>&amp;t;onon</code>,1,0.0002281
565,&thorn;orhdraf,<code>&amp;t;orhdraf</code>,1,0.0002281
565,&thorn;reate,<code>&amp;t;reate</code>,1,0.0002281
565,&thorn;ritig,<code>&amp;t;ritig</code>,1,0.0002281
565,&thorn;rowode,<code>&amp;t;rowode</code>,1,0.0002281
565,&thorn;usend,<code>&amp;t;usend</code>,1,0.0002281
565,&thorn;ysne,<code>&amp;t;ysne</code>,1,0.0002281
565,&thorn;yssum,<code>&amp;t;yssum</code>,1,0.0002281
565,ab&aelig;lige,<code>ab&amp;ae;lige</code>,1,0.0002281
565,abealh,<code>abealh</code>,1,0.0002281
565,abeode,<code>abeode</code>,1,0.0002281
565,abrahames,<code>abrahames</code>,1,0.0002281
565,ad,<code>ad</code>,1,0.0002281
565,adames,<code>adames</code>,1,0.0002281
565,adraf,<code>adraf</code>,1,0.0002281
565,adreogan,<code>adreogan</code>,1,0.0002281
565,adw&aelig;scan,<code>adw&amp;ae;scan</code>,1,0.0002281
565,afirde,<code>afirde</code>,1,0.0002281
565,afirre,<code>afirre</code>,1,0.0002281
565,afylled,<code>afylled</code>,1,0.0002281
565,afyrde,<code>afyrde</code>,1,0.0002281
565,afyrhte,<code>afyrhte</code>,1,0.0002281
565,agangen,<code>agangen</code>,1,0.0002281
565,ageat,<code>ageat</code>,1,0.0002281
565,agend,<code>agend</code>,1,0.0002281
565,agl&aelig;ca,<code>agl&amp;ae;ca</code>,1,0.0002281
565,agon,<code>agon</code>,1,0.0002281
565,agongene,<code>agongene</code>,1,0.0002281
565,ahefe&eth;,<code>ahefe&amp;d;</code>,1,0.0002281
565,ahof,<code>ahof</code>,1,0.0002281
565,ahte,<code>ahte</code>,1,0.0002281
565,ahton,<code>ahton</code>,1,0.0002281
565,al&aelig;ded,<code>al&amp;ae;ded</code>,1,0.0002281
565,alda,<code>alda</code>,1,0.0002281
565,aldor&eth;&aelig;gn,<code>aldor&amp;d;&amp;ae;gn</code>,1,0.0002281
565,am&aelig;te,<code>am&amp;ae;te</code>,1,0.0002281
565,amen,<code>amen</code>,1,0.0002281
565,ameten,<code>ameten</code>,1,0.0002281
565,ametene,<code>ametene</code>,1,0.0002281
565,an,<code>an</code>,1,0.0002281
565,andfeng,<code>andfeng</code>,1,0.0002281
565,andleofan,<code>andleofan</code>,1,0.0002281
565,andsaca,<code>andsaca</code>,1,0.0002281
565,andsweradan,<code>andsweradan</code>,1,0.0002281
565,andwlitan,<code>andwlitan</code>,1,0.0002281
565,anforl&aelig;ten,<code>anforl&amp;ae;ten</code>,1,0.0002281
565,anmedlan,<code>anmedlan</code>,1,0.0002281
565,anra,<code>anra</code>,1,0.0002281
565,apostolas,<code>apostolas</code>,1,0.0002281
565,ara,<code>ara</code>,1,0.0002281
565,ariman,<code>ariman</code>,1,0.0002281
565,arisa&eth;,<code>arisa&amp;d;</code>,1,0.0002281
565,asceaden,<code>asceaden</code>,1,0.0002281
565,aseald,<code>aseald</code>,1,0.0002281
565,asecgan,<code>asecgan</code>,1,0.0002281
565,asetta&eth;,<code>asetta&amp;d;</code>,1,0.0002281
565,astiga&eth;,<code>astiga&amp;d;</code>,1,0.0002281
565,atre,<code>atre</code>,1,0.0002281
565,aw&aelig;rgdan,<code>aw&amp;ae;rgdan</code>,1,0.0002281
565,awa,<code>awa</code>,1,0.0002281
565,awriten,<code>awriten</code>,1,0.0002281
565,awyrgde,<code>awyrgde</code>,1,0.0002281
565,b&aelig;&eth;e,<code>b&amp;ae;&amp;d;e</code>,1,0.0002281
565,b&aelig;ce,<code>b&amp;ae;ce</code>,1,0.0002281
565,b&aelig;cling,<code>b&amp;ae;cling</code>,1,0.0002281
565,b&aelig;ron,<code>b&amp;ae;ron</code>,1,0.0002281
565,b&aelig;ttran,<code>b&amp;ae;ttran</code>,1,0.0002281
565,balewa,<code>balewa</code>,1,0.0002281
565,balewe,<code>balewe</code>,1,0.0002281
565,bam,<code>bam</code>,1,0.0002281
565,ban,<code>ban</code>,1,0.0002281
565,beala,<code>beala</code>,1,0.0002281
565,bealo,<code>bealo</code>,1,0.0002281
565,bearna,<code>bearna</code>,1,0.0002281
565,bebohte,<code>bebohte</code>,1,0.0002281
565,becwom,<code>becwom</code>,1,0.0002281
565,bed&aelig;led,<code>bed&amp;ae;led</code>,1,0.0002281
565,bedelde,<code>bedelde</code>,1,0.0002281
565,bedeled,<code>bedeled</code>,1,0.0002281
565,bedraf,<code>bedraf</code>,1,0.0002281
565,bef&aelig;&eth;man,<code>bef&amp;ae;&amp;d;man</code>,1,0.0002281
565,begde,<code>begde</code>,1,0.0002281
565,begeton,<code>begeton</code>,1,0.0002281
565,begnornende,<code>begnornende</code>,1,0.0002281
565,behofa&eth;,<code>behofa&amp;d;</code>,1,0.0002281
565,ben&aelig;man,<code>ben&amp;ae;man</code>,1,0.0002281
565,bend,<code>bend</code>,1,0.0002281
565,benemed,<code>benemed</code>,1,0.0002281
565,beo,<code>beo</code>,1,0.0002281
565,beofigende,<code>beofigende</code>,1,0.0002281
565,beorh,<code>beorh</code>,1,0.0002281
565,beornas,<code>beornas</code>,1,0.0002281
565,beorne&eth;,<code>beorne&amp;d;</code>,1,0.0002281
565,bescyrede,<code>bescyrede</code>,1,0.0002281
565,betolden,<code>betolden</code>,1,0.0002281
565,bewunden,<code>bewunden</code>,1,0.0002281
565,biddan,<code>biddan</code>,1,0.0002281
565,bilewitne,<code>bilewitne</code>,1,0.0002281
565,biteran,<code>biteran</code>,1,0.0002281
565,bitere,<code>bitere</code>,1,0.0002281
565,bitres,<code>bitres</code>,1,0.0002281
565,blac,<code>blac</code>,1,0.0002281
565,blacan,<code>blacan</code>,1,0.0002281
565,blace,<code>blace</code>,1,0.0002281
565,blawan,<code>blawan</code>,1,0.0002281
565,blis,<code>blis</code>,1,0.0002281
565,blod,<code>blod</code>,1,0.0002281
565,blostman,<code>blostman</code>,1,0.0002281
565,bold,<code>bold</code>,1,0.0002281
565,bolda,<code>bolda</code>,1,0.0002281
565,bolde,<code>bolde</code>,1,0.0002281
565,botme,<code>botme</code>,1,0.0002281
565,br&aelig;c,<code>br&amp;ae;c</code>,1,0.0002281
565,breostum,<code>breostum</code>,1,0.0002281
565,breotone,<code>breotone</code>,1,0.0002281
565,bringa&eth;,<code>bringa&amp;d;</code>,1,0.0002281
565,brohte,<code>brohte</code>,1,0.0002281
565,brohton,<code>brohton</code>,1,0.0002281
565,brucan,<code>brucan</code>,1,0.0002281
565,brynewelme,<code>brynewelme</code>,1,0.0002281
565,brytan,<code>brytan</code>,1,0.0002281
565,brytta,<code>brytta</code>,1,0.0002281
565,burgum,<code>burgum</code>,1,0.0002281
565,burhleoda,<code>burhleoda</code>,1,0.0002281
565,burhstyde,<code>burhstyde</code>,1,0.0002281
565,burhweallas,<code>burhweallas</code>,1,0.0002281
565,byrhtestan,<code>byrhtestan</code>,1,0.0002281
565,byrhtne,<code>byrhtne</code>,1,0.0002281
565,byrhtword,<code>byrhtword</code>,1,0.0002281
565,byrig,<code>byrig</code>,1,0.0002281
565,bysne,<code>bysne</code>,1,0.0002281
565,caldan,<code>caldan</code>,1,0.0002281
565,can,<code>can</code>,1,0.0002281
565,carcern,<code>carcern</code>,1,0.0002281
565,carcernes,<code>carcernes</code>,1,0.0002281
565,ceald,<code>ceald</code>,1,0.0002281
565,cearum,<code>cearum</code>,1,0.0002281
565,ceosan,<code>ceosan</code>,1,0.0002281
565,cer,<code>cer</code>,1,0.0002281
565,cerran,<code>cerran</code>,1,0.0002281
565,clomma,<code>clomma</code>,1,0.0002281
565,con,<code>con</code>,1,0.0002281
565,costode,<code>costode</code>,1,0.0002281
565,cr&aelig;ftig,<code>cr&amp;ae;ftig</code>,1,0.0002281
565,cu&eth;e,<code>cu&amp;d;e</code>,1,0.0002281
565,cu&eth;re,<code>cu&amp;d;re</code>,1,0.0002281
565,cw&aelig;don,<code>cw&amp;ae;don</code>,1,0.0002281
565,cwanedon,<code>cwanedon</code>,1,0.0002281
565,cwe&eth;an,<code>cwe&amp;d;an</code>,1,0.0002281
565,cwe&thorn;a&eth;,<code>cwe&amp;t;a&amp;d;</code>,1,0.0002281
565,cwealm,<code>cwealm</code>,1,0.0002281
565,cwema&eth;,<code>cwema&amp;d;</code>,1,0.0002281
565,cwi&eth;de,<code>cwi&amp;d;de</code>,1,0.0002281
565,cwidum,<code>cwidum</code>,1,0.0002281
565,cy&thorn;an,<code>cy&amp;t;an</code>,1,0.0002281
565,cyle,<code>cyle</code>,1,0.0002281
565,cyme&eth;,<code>cyme&amp;d;</code>,1,0.0002281
565,cynestol,<code>cynestol</code>,1,0.0002281
565,cynincg,<code>cynincg</code>,1,0.0002281
565,cyninga,<code>cyninga</code>,1,0.0002281
565,cyninge,<code>cyninge</code>,1,0.0002281
565,cyrre,<code>cyrre</code>,1,0.0002281
565,d&aelig;d,<code>d&amp;ae;d</code>,1,0.0002281
565,d&aelig;da,<code>d&amp;ae;da</code>,1,0.0002281
565,d&aelig;ges,<code>d&amp;ae;ges</code>,1,0.0002281
565,d&aelig;gred,<code>d&amp;ae;gred</code>,1,0.0002281
565,d&aelig;grede,<code>d&amp;ae;grede</code>,1,0.0002281
565,d&aelig;le&eth;,<code>d&amp;ae;le&amp;d;</code>,1,0.0002281
565,d&aelig;les,<code>d&amp;ae;les</code>,1,0.0002281
565,dagum,<code>dagum</code>,1,0.0002281
565,dea&eth;e,<code>dea&amp;d;e</code>,1,0.0002281
565,deade,<code>deade</code>,1,0.0002281
565,deah,<code>deah</code>,1,0.0002281
565,deofles,<code>deofles</code>,1,0.0002281
565,deopan,<code>deopan</code>,1,0.0002281
565,deorce,<code>deorce</code>,1,0.0002281
565,deorcne,<code>deorcne</code>,1,0.0002281
565,deore,<code>deore</code>,1,0.0002281
565,didimus,<code>didimus</code>,1,0.0002281
565,dimme,<code>dimme</code>,1,0.0002281
565,dimne,<code>dimne</code>,1,0.0002281
565,dinna,<code>dinna</code>,1,0.0002281
565,dohtor,<code>dohtor</code>,1,0.0002281
565,dom,<code>dom</code>,1,0.0002281
565,domd&aelig;ge,<code>domd&amp;ae;ge</code>,1,0.0002281
565,dome,<code>dome</code>,1,0.0002281
565,domlease,<code>domlease</code>,1,0.0002281
565,dreama,<code>dreama</code>,1,0.0002281
565,dreorga,<code>dreorga</code>,1,0.0002281
565,dreorig,<code>dreorig</code>,1,0.0002281
565,driht,<code>driht</code>,1,0.0002281
565,drihtenes,<code>drihtenes</code>,1,0.0002281
565,dropena,<code>dropena</code>,1,0.0002281
565,dryhtnes,<code>dryhtnes</code>,1,0.0002281
565,dugu&eth;a,<code>dugu&amp;d;a</code>,1,0.0002281
565,dugu&eth;um,<code>dugu&amp;d;um</code>,1,0.0002281
565,dune,<code>dune</code>,1,0.0002281
565,duste,<code>duste</code>,1,0.0002281
565,e&eth;el,<code>e&amp;d;el</code>,1,0.0002281
565,e&eth;les,<code>e&amp;d;les</code>,1,0.0002281
565,e&eth;m,<code>e&amp;d;m</code>,1,0.0002281
565,eac,<code>eac</code>,1,0.0002281
565,eadig,<code>eadig</code>,1,0.0002281
565,eadiges,<code>eadiges</code>,1,0.0002281
565,eadigra,<code>eadigra</code>,1,0.0002281
565,ealdre,<code>ealdre</code>,1,0.0002281
565,eallbeorhte,<code>eallbeorhte</code>,1,0.0002281
565,eam,<code>eam</code>,1,0.0002281
565,eaples,<code>eaples</code>,1,0.0002281
565,earda,<code>earda</code>,1,0.0002281
565,earda&eth;,<code>earda&amp;d;</code>,1,0.0002281
565,eardiga&eth;,<code>eardiga&amp;d;</code>,1,0.0002281
565,earfo&eth;o,<code>earfo&amp;d;o</code>,1,0.0002281
565,earmlic,<code>earmlic</code>,1,0.0002281
565,earttu,<code>earttu</code>,1,0.0002281
565,earum,<code>earum</code>,1,0.0002281
565,ec,<code>ec</code>,1,0.0002281
565,edcerres,<code>edcerres</code>,1,0.0002281
565,efe,<code>efe</code>,1,0.0002281
565,egeslic,<code>egeslic</code>,1,0.0002281
565,egum,<code>egum</code>,1,0.0002281
565,eisegan,<code>eisegan</code>,1,0.0002281
565,encgel,<code>encgel</code>,1,0.0002281
565,encgelcyn,<code>encgelcyn</code>,1,0.0002281
565,enderim,<code>enderim</code>,1,0.0002281
565,endest&aelig;f,<code>endest&amp;ae;f</code>,1,0.0002281
565,eode,<code>eode</code>,1,0.0002281
565,eor&eth;buendum,<code>eor&amp;d;buendum</code>,1,0.0002281
565,eorlas,<code>eorlas</code>,1,0.0002281
565,eower,<code>eower</code>,1,0.0002281
565,esle,<code>esle</code>,1,0.0002281
565,f&aelig;deres,<code>f&amp;ae;deres</code>,1,0.0002281
565,f&aelig;gen,<code>f&amp;ae;gen</code>,1,0.0002281
565,f&aelig;gerne,<code>f&amp;ae;gerne</code>,1,0.0002281
565,f&aelig;gre,<code>f&amp;ae;gre</code>,1,0.0002281
565,f&aelig;mnan,<code>f&amp;ae;mnan</code>,1,0.0002281
565,f&aelig;re&eth;,<code>f&amp;ae;re&amp;d;</code>,1,0.0002281
565,f&aelig;stenne,<code>f&amp;ae;stenne</code>,1,0.0002281
565,f&aelig;stlic,<code>f&amp;ae;stlic</code>,1,0.0002281
565,f&aelig;stum,<code>f&amp;ae;stum</code>,1,0.0002281
565,facnum,<code>facnum</code>,1,0.0002281
565,fagum,<code>fagum</code>,1,0.0002281
565,fe&eth;a,<code>fe&amp;d;a</code>,1,0.0002281
565,fe&eth;an,<code>fe&amp;d;an</code>,1,0.0002281
565,fe&thorn;an,<code>fe&amp;t;an</code>,1,0.0002281
565,feolo,<code>feolo</code>,1,0.0002281
565,feonda,<code>feonda</code>,1,0.0002281
565,feondas,<code>feondas</code>,1,0.0002281
565,feondum,<code>feondum</code>,1,0.0002281
565,feor,<code>feor</code>,1,0.0002281
565,fera&eth;,<code>fera&amp;d;</code>,1,0.0002281
565,feran,<code>feran</code>,1,0.0002281
565,ferde,<code>ferde</code>,1,0.0002281
565,fere&eth;,<code>fere&amp;d;</code>,1,0.0002281
565,finit,<code>finit</code>,1,0.0002281
565,firenfulle,<code>firenfulle</code>,1,0.0002281
565,firenum,<code>firenum</code>,1,0.0002281
565,firna,<code>firna</code>,1,0.0002281
565,firne,<code>firne</code>,1,0.0002281
565,firnedon,<code>firnedon</code>,1,0.0002281
565,firnum,<code>firnum</code>,1,0.0002281
565,fleah,<code>fleah</code>,1,0.0002281
565,fleogan,<code>fleogan</code>,1,0.0002281
565,flora,<code>flora</code>,1,0.0002281
565,floras,<code>floras</code>,1,0.0002281
565,flyge,<code>flyge</code>,1,0.0002281
565,flyhte,<code>flyhte</code>,1,0.0002281
565,foh,<code>foh</code>,1,0.0002281
565,folc,<code>folc</code>,1,0.0002281
565,folcum,<code>folcum</code>,1,0.0002281
565,folde,<code>folde</code>,1,0.0002281
565,folga&eth;,<code>folga&amp;d;</code>,1,0.0002281
565,folgad,<code>folgad</code>,1,0.0002281
565,folmum,<code>folmum</code>,1,0.0002281
565,for&thorn;an,<code>for&amp;t;an</code>,1,0.0002281
565,forbegde,<code>forbegde</code>,1,0.0002281
565,forbr&aelig;c,<code>forbr&amp;ae;c</code>,1,0.0002281
565,forgeaf,<code>forgeaf</code>,1,0.0002281
565,forgeaton,<code>forgeaton</code>,1,0.0002281
565,forht,<code>forht</code>,1,0.0002281
565,forl&aelig;te&eth;,<code>forl&amp;ae;te&amp;d;</code>,1,0.0002281
565,forlet,<code>forlet</code>,1,0.0002281
565,forleton,<code>forleton</code>,1,0.0002281
565,forscepene,<code>forscepene</code>,1,0.0002281
565,forscrifen,<code>forscrifen</code>,1,0.0002281
565,forwar&eth;,<code>forwar&amp;d;</code>,1,0.0002281
565,forworhtan,<code>forworhtan</code>,1,0.0002281
565,forwundod,<code>forwundod</code>,1,0.0002281
565,forwurdon,<code>forwurdon</code>,1,0.0002281
565,fotum,<code>fotum</code>,1,0.0002281
565,frecne,<code>frecne</code>,1,0.0002281
565,frefergendum,<code>frefergendum</code>,1,0.0002281
565,freobearn,<code>freobearn</code>,1,0.0002281
565,fri&eth;e,<code>fri&amp;d;e</code>,1,0.0002281
565,from,<code>from</code>,1,0.0002281
565,fruma,<code>fruma</code>,1,0.0002281
565,frumbearn,<code>frumbearn</code>,1,0.0002281
565,full,<code>full</code>,1,0.0002281
565,fulwihtes,<code>fulwihtes</code>,1,0.0002281
565,fyrclommum,<code>fyrclommum</code>,1,0.0002281
565,fyrde,<code>fyrde</code>,1,0.0002281
565,fyrleoma,<code>fyrleoma</code>,1,0.0002281
565,fyrlocan,<code>fyrlocan</code>,1,0.0002281
565,fyrndagum,<code>fyrndagum</code>,1,0.0002281
565,fyrnum,<code>fyrnum</code>,1,0.0002281
565,ga&eth;,<code>ga&amp;d;</code>,1,0.0002281
565,galgan,<code>galgan</code>,1,0.0002281
565,galgum,<code>galgum</code>,1,0.0002281
565,gang,<code>gang</code>,1,0.0002281
565,garum,<code>garum</code>,1,0.0002281
565,gasta,<code>gasta</code>,1,0.0002281
565,gastlice,<code>gastlice</code>,1,0.0002281
565,ge&thorn;eah,<code>ge&amp;t;eah</code>,1,0.0002281
565,ge&thorn;enca&eth;,<code>ge&amp;t;enca&amp;d;</code>,1,0.0002281
565,ge&thorn;encan,<code>ge&amp;t;encan</code>,1,0.0002281
565,ge&thorn;eode,<code>ge&amp;t;eode</code>,1,0.0002281
565,ge&thorn;ingod,<code>ge&amp;t;ingod</code>,1,0.0002281
565,ge&thorn;olia&eth;,<code>ge&amp;t;olia&amp;d;</code>,1,0.0002281
565,geara,<code>geara</code>,1,0.0002281
565,geardagum,<code>geardagum</code>,1,0.0002281
565,gearo,<code>gearo</code>,1,0.0002281
565,gearwian,<code>gearwian</code>,1,0.0002281
565,geat,<code>geat</code>,1,0.0002281
565,gebad,<code>gebad</code>,1,0.0002281
565,gebeged,<code>gebeged</code>,1,0.0002281
565,gebidan,<code>gebidan</code>,1,0.0002281
565,gebletsode,<code>gebletsode</code>,1,0.0002281
565,geblonden,<code>geblonden</code>,1,0.0002281
565,gecwemra,<code>gecwemra</code>,1,0.0002281
565,gecy&eth;ed,<code>gecy&amp;d;ed</code>,1,0.0002281
565,gecydde,<code>gecydde</code>,1,0.0002281
565,gedeaf,<code>gedeaf</code>,1,0.0002281
565,gedelde,<code>gedelde</code>,1,0.0002281
565,gedufan,<code>gedufan</code>,1,0.0002281
565,gef&aelig;rde,<code>gef&amp;ae;rde</code>,1,0.0002281
565,gef&aelig;stnod,<code>gef&amp;ae;stnod</code>,1,0.0002281
565,gefatian,<code>gefatian</code>,1,0.0002281
565,gefean,<code>gefean</code>,1,0.0002281
565,gefelde,<code>gefelde</code>,1,0.0002281
565,gefeol,<code>gefeol</code>,1,0.0002281
565,gefered,<code>gefered</code>,1,0.0002281
565,geferian,<code>geferian</code>,1,0.0002281
565,gefestnade,<code>gefestnade</code>,1,0.0002281
565,geflemed,<code>geflemed</code>,1,0.0002281
565,gefregen,<code>gefregen</code>,1,0.0002281
565,gefregn,<code>gefregn</code>,1,0.0002281
565,gefylled,<code>gefylled</code>,1,0.0002281
565,geglidan,<code>geglidan</code>,1,0.0002281
565,geheaw,<code>geheaw</code>,1,0.0002281
565,gehened,<code>gehened</code>,1,0.0002281
565,geheold,<code>geheold</code>,1,0.0002281
565,geherdon,<code>geherdon</code>,1,0.0002281
565,gehere,<code>gehere</code>,1,0.0002281
565,gehicgan,<code>gehicgan</code>,1,0.0002281
565,gehreaw,<code>gehreaw</code>,1,0.0002281
565,gehreowan,<code>gehreowan</code>,1,0.0002281
565,gehrinan,<code>gehrinan</code>,1,0.0002281
565,gehw&aelig;m,<code>gehw&amp;ae;m</code>,1,0.0002281
565,gehwelcne,<code>gehwelcne</code>,1,0.0002281
565,gehwilcne,<code>gehwilcne</code>,1,0.0002281
565,gehwylce,<code>gehwylce</code>,1,0.0002281
565,gehydan,<code>gehydan</code>,1,0.0002281
565,gehygd,<code>gehygd</code>,1,0.0002281
565,gel&aelig;dan,<code>gel&amp;ae;dan</code>,1,0.0002281
565,gel&aelig;ddest,<code>gel&amp;ae;ddest</code>,1,0.0002281
565,gel&aelig;rd&aelig;st,<code>gel&amp;ae;rd&amp;ae;st</code>,1,0.0002281
565,gel&aelig;rde,<code>gel&amp;ae;rde</code>,1,0.0002281
565,geledde,<code>geledde</code>,1,0.0002281
565,gelefa&eth;,<code>gelefa&amp;d;</code>,1,0.0002281
565,gelefan,<code>gelefan</code>,1,0.0002281
565,gelefde,<code>gelefde</code>,1,0.0002281
565,gelegdon,<code>gelegdon</code>,1,0.0002281
565,gelice,<code>gelice</code>,1,0.0002281
565,gelicost,<code>gelicost</code>,1,0.0002281
565,gelihtan,<code>gelihtan</code>,1,0.0002281
565,gelutian,<code>gelutian</code>,1,0.0002281
565,gelyfdon,<code>gelyfdon</code>,1,0.0002281
565,gemearcodes,<code>gemearcodes</code>,1,0.0002281
565,gemet,<code>gemet</code>,1,0.0002281
565,gemettes,<code>gemettes</code>,1,0.0002281
565,genipe,<code>genipe</code>,1,0.0002281
565,geofene,<code>geofene</code>,1,0.0002281
565,geomre,<code>geomre</code>,1,0.0002281
565,geondwlitan,<code>geondwlitan</code>,1,0.0002281
565,geornor,<code>geornor</code>,1,0.0002281
565,ger&aelig;can,<code>ger&amp;ae;can</code>,1,0.0002281
565,gereaw,<code>gereaw</code>,1,0.0002281
565,gerimes,<code>gerimes</code>,1,0.0002281
565,ges&aelig;lige,<code>ges&amp;ae;lige</code>,1,0.0002281
565,gesalde,<code>gesalde</code>,1,0.0002281
565,gesawun,<code>gesawun</code>,1,0.0002281
565,gesc&aelig;ft,<code>gesc&amp;ae;ft</code>,1,0.0002281
565,gesceadan,<code>gesceadan</code>,1,0.0002281
565,gesceaft,<code>gesceaft</code>,1,0.0002281
565,gesceafta,<code>gesceafta</code>,1,0.0002281
565,gesceawia&eth;,<code>gesceawia&amp;d;</code>,1,0.0002281
565,gesceft,<code>gesceft</code>,1,0.0002281
565,geseah,<code>geseah</code>,1,0.0002281
565,gesecan,<code>gesecan</code>,1,0.0002281
565,gesece&eth;,<code>gesece&amp;d;</code>,1,0.0002281
565,gesegna&eth;,<code>gesegna&amp;d;</code>,1,0.0002281
565,gesegon,<code>gesegon</code>,1,0.0002281
565,geselle,<code>geselle</code>,1,0.0002281
565,gesena&eth;,<code>gesena&amp;d;</code>,1,0.0002281
565,geseotu,<code>geseotu</code>,1,0.0002281
565,geseted,<code>geseted</code>,1,0.0002281
565,gestiga&eth;,<code>gestiga&amp;d;</code>,1,0.0002281
565,gestreonan,<code>gestreonan</code>,1,0.0002281
565,geswi&eth;de,<code>geswi&amp;d;de</code>,1,0.0002281
565,get,<code>get</code>,1,0.0002281
565,getenge,<code>getenge</code>,1,0.0002281
565,gewalde,<code>gewalde</code>,1,0.0002281
565,gewealde,<code>gewealde</code>,1,0.0002281
565,gewinn,<code>gewinn</code>,1,0.0002281
565,gewit,<code>gewit</code>,1,0.0002281
565,geworhte,<code>geworhte</code>,1,0.0002281
565,gewunade,<code>gewunade</code>,1,0.0002281
565,gewundod,<code>gewundod</code>,1,0.0002281
565,gewunian,<code>gewunian</code>,1,0.0002281
565,gewunnon,<code>gewunnon</code>,1,0.0002281
565,gewur&eth;ad,<code>gewur&amp;d;ad</code>,1,0.0002281
565,gewyrca&eth;,<code>gewyrca&amp;d;</code>,1,0.0002281
565,gimmum,<code>gimmum</code>,1,0.0002281
565,giunga,<code>giunga</code>,1,0.0002281
565,gleaw,<code>gleaw</code>,1,0.0002281
565,gnornedon,<code>gnornedon</code>,1,0.0002281
565,gnornende,<code>gnornende</code>,1,0.0002281
565,gnornian,<code>gnornian</code>,1,0.0002281
565,gnornungc,<code>gnornungc</code>,1,0.0002281
565,gong,<code>gong</code>,1,0.0002281
565,gr&aelig;dige,<code>gr&amp;ae;dige</code>,1,0.0002281
565,gr&aelig;fhus,<code>gr&amp;ae;fhus</code>,1,0.0002281
565,gredige,<code>gredige</code>,1,0.0002281
565,grene,<code>grene</code>,1,0.0002281
565,grim,<code>grim</code>,1,0.0002281
565,grimme,<code>grimme</code>,1,0.0002281
565,grip,<code>grip</code>,1,0.0002281
565,gripan,<code>gripan</code>,1,0.0002281
565,gristbitungc,<code>gristbitungc</code>,1,0.0002281
565,grundes,<code>grundes</code>,1,0.0002281
565,gryndes,<code>gryndes</code>,1,0.0002281
565,gylden,<code>gylden</code>,1,0.0002281
565,gylp,<code>gylp</code>,1,0.0002281
565,h&aelig;&thorn;ene,<code>h&amp;ae;&amp;t;ene</code>,1,0.0002281
565,h&aelig;&thorn;enre,<code>h&amp;ae;&amp;t;enre</code>,1,0.0002281
565,h&aelig;fdan,<code>h&amp;ae;fdan</code>,1,0.0002281
565,h&aelig;le&thorn;a,<code>h&amp;ae;le&amp;t;a</code>,1,0.0002281
565,h&aelig;lo,<code>h&amp;ae;lo</code>,1,0.0002281
565,h&aelig;r,<code>h&amp;ae;r</code>,1,0.0002281
565,h&#275;fde,<code>h&amp;e;fde</code>,1,0.0002281
565,hafustu,<code>hafustu</code>,1,0.0002281
565,halde&eth;,<code>halde&amp;d;</code>,1,0.0002281
565,halgum,<code>halgum</code>,1,0.0002281
565,haligum,<code>haligum</code>,1,0.0002281
565,halsige,<code>halsige</code>,1,0.0002281
565,hames,<code>hames</code>,1,0.0002281
565,hand&thorn;egen,<code>hand&amp;t;egen</code>,1,0.0002281
565,handa,<code>handa</code>,1,0.0002281
565,handgeweorc,<code>handgeweorc</code>,1,0.0002281
565,hate&eth;,<code>hate&amp;d;</code>,1,0.0002281
565,heafod,<code>heafod</code>,1,0.0002281
565,heahgetimbrad,<code>heahgetimbrad</code>,1,0.0002281
565,healfe,<code>healfe</code>,1,0.0002281
565,heanne,<code>heanne</code>,1,0.0002281
565,hefde,<code>hefde</code>,1,0.0002281
565,hefdon,<code>hefdon</code>,1,0.0002281
565,heh,<code>heh</code>,1,0.0002281
565,hehenglas,<code>hehenglas</code>,1,0.0002281
565,hehf&aelig;der,<code>hehf&amp;ae;der</code>,1,0.0002281
565,hehselda,<code>hehselda</code>,1,0.0002281
565,hehselde,<code>hehselde</code>,1,0.0002281
565,hehsetl,<code>hehsetl</code>,1,0.0002281
565,hehstan,<code>hehstan</code>,1,0.0002281
565,hel,<code>hel</code>,1,0.0002281
565,hele&eth;,<code>hele&amp;d;</code>,1,0.0002281
565,helende,<code>helende</code>,1,0.0002281
565,helendes,<code>helendes</code>,1,0.0002281
565,helheo&eth;o,<code>helheo&amp;d;o</code>,1,0.0002281
565,hell,<code>hell</code>,1,0.0002281
565,helleduru,<code>helleduru</code>,1,0.0002281
565,hellescealcas,<code>hellescealcas</code>,1,0.0002281
565,hellwarum,<code>hellwarum</code>,1,0.0002281
565,help,<code>help</code>,1,0.0002281
565,helwarum,<code>helwarum</code>,1,0.0002281
565,hen&eth;o,<code>hen&amp;d;o</code>,1,0.0002281
565,heofen&thorn;reatas,<code>heofen&amp;t;reatas</code>,1,0.0002281
565,heofendema,<code>heofendema</code>,1,0.0002281
565,heofenrice,<code>heofenrice</code>,1,0.0002281
565,heofenrices,<code>heofenrices</code>,1,0.0002281
565,heofna,<code>heofna</code>,1,0.0002281
565,heofnes,<code>heofnes</code>,1,0.0002281
565,heofones,<code>heofones</code>,1,0.0002281
565,heolstres,<code>heolstres</code>,1,0.0002281
565,heonan,<code>heonan</code>,1,0.0002281
565,heorte,<code>heorte</code>,1,0.0002281
565,heow,<code>heow</code>,1,0.0002281
565,herde,<code>herde</code>,1,0.0002281
565,herm,<code>herm</code>,1,0.0002281
565,hig,<code>hig</code>,1,0.0002281
565,hihtlicran,<code>hihtlicran</code>,1,0.0002281
565,hinsi&eth;gryre,<code>hinsi&amp;d;gryre</code>,1,0.0002281
565,hirede,<code>hirede</code>,1,0.0002281
565,hlafas,<code>hlafas</code>,1,0.0002281
565,hleonade,<code>hleonade</code>,1,0.0002281
565,hluddre,<code>hluddre</code>,1,0.0002281
565,hlude,<code>hlude</code>,1,0.0002281
565,hnigon,<code>hnigon</code>,1,0.0002281
565,hof,<code>hof</code>,1,0.0002281
565,hofan,<code>hofan</code>,1,0.0002281
565,hofon,<code>hofon</code>,1,0.0002281
565,hogade,<code>hogade</code>,1,0.0002281
565,holdlice,<code>holdlice</code>,1,0.0002281
565,holm,<code>holm</code>,1,0.0002281
565,hra&eth;e,<code>hra&amp;d;e</code>,1,0.0002281
565,hream,<code>hream</code>,1,0.0002281
565,hrefnan,<code>hrefnan</code>,1,0.0002281
565,hreopan,<code>hreopan</code>,1,0.0002281
565,hund,<code>hund</code>,1,0.0002281
565,hungre,<code>hungre</code>,1,0.0002281
565,hus,<code>hus</code>,1,0.0002281
565,hw&aelig;&eth;er,<code>hw&amp;ae;&amp;d;er</code>,1,0.0002281
565,hwa,<code>hwa</code>,1,0.0002281
565,hwearfedon,<code>hwearfedon</code>,1,0.0002281
565,hwile,<code>hwile</code>,1,0.0002281
565,hwite,<code>hwite</code>,1,0.0002281
565,hwonne,<code>hwonne</code>,1,0.0002281
565,hworfon,<code>hworfon</code>,1,0.0002281
565,hwyrftum,<code>hwyrftum</code>,1,0.0002281
565,hycgan,<code>hycgan</code>,1,0.0002281
565,hyht,<code>hyht</code>,1,0.0002281
565,hyhtlicra,<code>hyhtlicra</code>,1,0.0002281
565,hyhtwillan,<code>hyhtwillan</code>,1,0.0002281
565,hyllegryre,<code>hyllegryre</code>,1,0.0002281
565,hym,<code>hym</code>,1,0.0002281
565,hyn&eth;o,<code>hyn&amp;d;o</code>,1,0.0002281
565,idel,<code>idel</code>,1,0.0002281
565,ii,<code>ii</code>,1,0.0002281
565,ilce,<code>ilce</code>,1,0.0002281
565,indraf,<code>indraf</code>,1,0.0002281
565,innon,<code>innon</code>,1,0.0002281
565,irne,<code>irne</code>,1,0.0002281
565,iud&aelig;dum,<code>iud&amp;ae;dum</code>,1,0.0002281
565,iudas,<code>iudas</code>,1,0.0002281
565,l&aelig;cedom,<code>l&amp;ae;cedom</code>,1,0.0002281
565,l&aelig;dan,<code>l&amp;ae;dan</code>,1,0.0002281
565,l&aelig;dde,<code>l&amp;ae;dde</code>,1,0.0002281
565,l&aelig;ddest,<code>l&amp;ae;ddest</code>,1,0.0002281
565,l&aelig;de&eth;,<code>l&amp;ae;de&amp;d;</code>,1,0.0002281
565,l&aelig;g,<code>l&amp;ae;g</code>,1,0.0002281
565,l&aelig;hte,<code>l&amp;ae;hte</code>,1,0.0002281
565,l&aelig;ran,<code>l&amp;ae;ran</code>,1,0.0002281
565,l&aelig;te,<code>l&amp;ae;te</code>,1,0.0002281
565,la&eth;an,<code>la&amp;d;an</code>,1,0.0002281
565,la&eth;ne,<code>la&amp;d;ne</code>,1,0.0002281
565,la&thorn;an,<code>la&amp;t;an</code>,1,0.0002281
565,lange,<code>lange</code>,1,0.0002281
565,langsumne,<code>langsumne</code>,1,0.0002281
565,leahtras,<code>leahtras</code>,1,0.0002281
565,leahtrum,<code>leahtrum</code>,1,0.0002281
565,lean,<code>lean</code>,1,0.0002281
565,lease,<code>lease</code>,1,0.0002281
565,leasungum,<code>leasungum</code>,1,0.0002281
565,lengust,<code>lengust</code>,1,0.0002281
565,leofne,<code>leofne</code>,1,0.0002281
565,leohta,<code>leohta</code>,1,0.0002281
565,leohtberende,<code>leohtberende</code>,1,0.0002281
565,leohtne,<code>leohtne</code>,1,0.0002281
565,leomu,<code>leomu</code>,1,0.0002281
565,liber,<code>liber</code>,1,0.0002281
565,lifigend,<code>lifigend</code>,1,0.0002281
565,lifigende,<code>lifigende</code>,1,0.0002281
565,lifigendra,<code>lifigendra</code>,1,0.0002281
565,lifigendum,<code>lifigendum</code>,1,0.0002281
565,lige,<code>lige</code>,1,0.0002281
565,lihte,<code>lihte</code>,1,0.0002281
565,limw&aelig;stmum,<code>limw&amp;ae;stmum</code>,1,0.0002281
565,listum,<code>listum</code>,1,0.0002281
565,loca,<code>loca</code>,1,0.0002281
565,locade,<code>locade</code>,1,0.0002281
565,locen,<code>locen</code>,1,0.0002281
565,locian,<code>locian</code>,1,0.0002281
565,lofsonga,<code>lofsonga</code>,1,0.0002281
565,lond,<code>lond</code>,1,0.0002281
565,londbuende,<code>londbuende</code>,1,0.0002281
565,lucifer,<code>lucifer</code>,1,0.0002281
565,ly&eth;re,<code>ly&amp;d;re</code>,1,0.0002281
565,lyft,<code>lyft</code>,1,0.0002281
565,lyge,<code>lyge</code>,1,0.0002281
565,lyhte&eth;,<code>lyhte&amp;d;</code>,1,0.0002281
565,m&aelig;g&eth;e,<code>m&amp;ae;g&amp;d;e</code>,1,0.0002281
565,m&aelig;g&eth;um,<code>m&amp;ae;g&amp;d;um</code>,1,0.0002281
565,m&aelig;gencr&aelig;ft,<code>m&amp;ae;gencr&amp;ae;ft</code>,1,0.0002281
565,m&aelig;gne,<code>m&amp;ae;gne</code>,1,0.0002281
565,m&aelig;gon,<code>m&amp;ae;gon</code>,1,0.0002281
565,m&aelig;la,<code>m&amp;ae;la</code>,1,0.0002281
565,m&aelig;les,<code>m&amp;ae;les</code>,1,0.0002281
565,m&aelig;nan,<code>m&amp;ae;nan</code>,1,0.0002281
565,m&aelig;ndon,<code>m&amp;ae;ndon</code>,1,0.0002281
565,m&aelig;ra,<code>m&amp;ae;ra</code>,1,0.0002281
565,m&aelig;re,<code>m&amp;ae;re</code>,1,0.0002281
565,m&aelig;st,<code>m&amp;ae;st</code>,1,0.0002281
565,m&aelig;ste,<code>m&amp;ae;ste</code>,1,0.0002281
565,m&aelig;t,<code>m&amp;ae;t</code>,1,0.0002281
565,magon,<code>magon</code>,1,0.0002281
565,mancynne,<code>mancynne</code>,1,0.0002281
565,manna,<code>manna</code>,1,0.0002281
565,mannum,<code>mannum</code>,1,0.0002281
565,mare,<code>mare</code>,1,0.0002281
565,marian,<code>marian</code>,1,0.0002281
565,martiras,<code>martiras</code>,1,0.0002281
565,mearc,<code>mearc</code>,1,0.0002281
565,mecga,<code>mecga</code>,1,0.0002281
565,mencga&eth;,<code>mencga&amp;d;</code>,1,0.0002281
565,menio,<code>menio</code>,1,0.0002281
565,merced,<code>merced</code>,1,0.0002281
565,metod,<code>metod</code>,1,0.0002281
565,micclan,<code>micclan</code>,1,0.0002281
565,miccle,<code>miccle</code>,1,0.0002281
565,micel,<code>micel</code>,1,0.0002281
565,miclan,<code>miclan</code>,1,0.0002281
565,micle,<code>micle</code>,1,0.0002281
565,miclum,<code>miclum</code>,1,0.0002281
565,mihta,<code>mihta</code>,1,0.0002281
565,mihten,<code>mihten</code>,1,0.0002281
565,mihtiga,<code>mihtiga</code>,1,0.0002281
565,mihton,<code>mihton</code>,1,0.0002281
565,mila,<code>mila</code>,1,0.0002281
565,mildsa,<code>mildsa</code>,1,0.0002281
565,miltse,<code>miltse</code>,1,0.0002281
565,milum,<code>milum</code>,1,0.0002281
565,min,<code>min</code>,1,0.0002281
565,mine,<code>mine</code>,1,0.0002281
565,minnan,<code>minnan</code>,1,0.0002281
565,moldan,<code>moldan</code>,1,0.0002281
565,monan,<code>monan</code>,1,0.0002281
565,monegum,<code>monegum</code>,1,0.0002281
565,monige,<code>monige</code>,1,0.0002281
565,monnum,<code>monnum</code>,1,0.0002281
565,mor&eth;er,<code>mor&amp;d;er</code>,1,0.0002281
565,mor&eth;ur,<code>mor&amp;d;ur</code>,1,0.0002281
565,morgen,<code>morgen</code>,1,0.0002281
565,mosten,<code>mosten</code>,1,0.0002281
565,mote,<code>mote</code>,1,0.0002281
565,myntest,<code>myntest</code>,1,0.0002281
565,n&aelig;nig,<code>n&amp;ae;nig</code>,1,0.0002281
565,n&aelig;nigne,<code>n&amp;ae;nigne</code>,1,0.0002281
565,n&aelig;re,<code>n&amp;ae;re</code>,1,0.0002281
565,n&aelig;ssum,<code>n&amp;ae;ssum</code>,1,0.0002281
565,na,<code>na</code>,1,0.0002281
565,nabba&eth;,<code>nabba&amp;d;</code>,1,0.0002281
565,nacode,<code>nacode</code>,1,0.0002281
565,nagan,<code>nagan</code>,1,0.0002281
565,nales,<code>nales</code>,1,0.0002281
565,nama,<code>nama</code>,1,0.0002281
565,namon,<code>namon</code>,1,0.0002281
565,nan,<code>nan</code>,1,0.0002281
565,nedran,<code>nedran</code>,1,0.0002281
565,neh,<code>neh</code>,1,0.0002281
565,nemdon,<code>nemdon</code>,1,0.0002281
565,neoman,<code>neoman</code>,1,0.0002281
565,neorxnawonge,<code>neorxnawonge</code>,1,0.0002281
565,neosan,<code>neosan</code>,1,0.0002281
565,nergende,<code>nergende</code>,1,0.0002281
565,nergendes,<code>nergendes</code>,1,0.0002281
565,nergendne,<code>nergendne</code>,1,0.0002281
565,ni&eth;&aelig;r,<code>ni&amp;d;&amp;ae;r</code>,1,0.0002281
565,ni&eth;&aelig;s,<code>ni&amp;d;&amp;ae;s</code>,1,0.0002281
565,ni&eth;synnum,<code>ni&amp;d;synnum</code>,1,0.0002281
565,nihtes,<code>nihtes</code>,1,0.0002281
565,nim&eth;e,<code>nim&amp;d;e</code>,1,0.0002281
565,niwe,<code>niwe</code>,1,0.0002281
565,nold&aelig;s,<code>nold&amp;ae;s</code>,1,0.0002281
565,nyle,<code>nyle</code>,1,0.0002281
565,nym&eth;e,<code>nym&amp;d;e</code>,1,0.0002281
565,o&eth;er,<code>o&amp;d;er</code>,1,0.0002281
565,o&eth;f&aelig;sted,<code>o&amp;d;f&amp;ae;sted</code>,1,0.0002281
565,o&eth;rum,<code>o&amp;d;rum</code>,1,0.0002281
565,of&thorn;uhte,<code>of&amp;t;uhte</code>,1,0.0002281
565,oferfohten,<code>oferfohten</code>,1,0.0002281
565,ofergymdon,<code>ofergymdon</code>,1,0.0002281
565,oferhigdum,<code>oferhigdum</code>,1,0.0002281
565,oferhycgan,<code>oferhycgan</code>,1,0.0002281
565,oferhycgen,<code>oferhycgen</code>,1,0.0002281
565,oferhyda,<code>oferhyda</code>,1,0.0002281
565,oferhydes,<code>oferhydes</code>,1,0.0002281
565,oferwunnen,<code>oferwunnen</code>,1,0.0002281
565,ofostum,<code>ofostum</code>,1,0.0002281
565,oncnawan,<code>oncnawan</code>,1,0.0002281
565,ondetan,<code>ondetan</code>,1,0.0002281
565,onfeng,<code>onfeng</code>,1,0.0002281
565,ongean,<code>ongean</code>,1,0.0002281
565,ongeotan,<code>ongeotan</code>,1,0.0002281
565,ongeton,<code>ongeton</code>,1,0.0002281
565,ongin,<code>ongin</code>,1,0.0002281
565,onginnen,<code>onginnen</code>,1,0.0002281
565,ongunnon,<code>ongunnon</code>,1,0.0002281
565,onlucan,<code>onlucan</code>,1,0.0002281
565,onm&aelig;dlan,<code>onm&amp;ae;dlan</code>,1,0.0002281
565,onseon,<code>onseon</code>,1,0.0002281
565,onstalde,<code>onstalde</code>,1,0.0002281
565,onstaldon,<code>onstaldon</code>,1,0.0002281
565,onstyrian,<code>onstyrian</code>,1,0.0002281
565,onwecna&eth;,<code>onwecna&amp;d;</code>,1,0.0002281
565,onwoce,<code>onwoce</code>,1,0.0002281
565,onwocon,<code>onwocon</code>,1,0.0002281
565,open,<code>open</code>,1,0.0002281
565,or&eth;onc,<code>or&amp;d;onc</code>,1,0.0002281
565,ord,<code>ord</code>,1,0.0002281
565,ordfruman,<code>ordfruman</code>,1,0.0002281
565,petre,<code>petre</code>,1,0.0002281
565,petrus,<code>petrus</code>,1,0.0002281
565,r&aelig;d,<code>r&amp;ae;d</code>,1,0.0002281
565,r&aelig;dboran,<code>r&amp;ae;dboran</code>,1,0.0002281
565,r&aelig;gnas,<code>r&amp;ae;gnas</code>,1,0.0002281
565,r&aelig;hte,<code>r&amp;ae;hte</code>,1,0.0002281
565,ran,<code>ran</code>,1,0.0002281
565,re&eth;e,<code>re&amp;d;e</code>,1,0.0002281
565,re&eth;re,<code>re&amp;d;re</code>,1,0.0002281
565,reordade,<code>reordade</code>,1,0.0002281
565,reordadon,<code>reordadon</code>,1,0.0002281
565,reorde,<code>reorde</code>,1,0.0002281
565,reordende,<code>reordende</code>,1,0.0002281
565,reordian,<code>reordian</code>,1,0.0002281
565,ricene,<code>ricene</code>,1,0.0002281
565,rodora,<code>rodora</code>,1,0.0002281
565,sange,<code>sange</code>,1,0.0002281
565,saran,<code>saran</code>,1,0.0002281
565,satan,<code>satan</code>,1,0.0002281
565,scacan,<code>scacan</code>,1,0.0002281
565,sce&eth;&eth;an,<code>sce&amp;d;&amp;d;an</code>,1,0.0002281
565,scea&eth;an,<code>scea&amp;d;an</code>,1,0.0002281
565,scea&eth;ana,<code>scea&amp;d;ana</code>,1,0.0002281
565,scea&eth;ena,<code>scea&amp;d;ena</code>,1,0.0002281
565,sceaf,<code>sceaf</code>,1,0.0002281
565,scealdon,<code>scealdon</code>,1,0.0002281
565,sceale,<code>sceale</code>,1,0.0002281
565,sceawian,<code>sceawian</code>,1,0.0002281
565,sceawodon,<code>sceawodon</code>,1,0.0002281
565,scedes,<code>scedes</code>,1,0.0002281
565,sceldbyrig,<code>sceldbyrig</code>,1,0.0002281
565,sceoldan,<code>sceoldan</code>,1,0.0002281
565,sceolde,<code>sceolde</code>,1,0.0002281
565,sceolden,<code>sceolden</code>,1,0.0002281
565,sceppend,<code>sceppend</code>,1,0.0002281
565,sceppendes,<code>sceppendes</code>,1,0.0002281
565,scima,<code>scima</code>,1,0.0002281
565,sciman,<code>sciman</code>,1,0.0002281
565,scine,<code>scine</code>,1,0.0002281
565,scinnan,<code>scinnan</code>,1,0.0002281
565,sciran,<code>sciran</code>,1,0.0002281
565,scri&thorn;a&eth;,<code>scri&amp;t;a&amp;d;</code>,1,0.0002281
565,scufa&eth;,<code>scufa&amp;d;</code>,1,0.0002281
565,scuran,<code>scuran</code>,1,0.0002281
565,scuwan,<code>scuwan</code>,1,0.0002281
565,scyldige,<code>scyldige</code>,1,0.0002281
565,scypend,<code>scypend</code>,1,0.0002281
565,se&eth;e,<code>se&amp;d;e</code>,1,0.0002281
565,sealde,<code>sealde</code>,1,0.0002281
565,seca&eth;,<code>seca&amp;d;</code>,1,0.0002281
565,secgas,<code>secgas</code>,1,0.0002281
565,selfa,<code>selfa</code>,1,0.0002281
565,selfe,<code>selfe</code>,1,0.0002281
565,selrum,<code>selrum</code>,1,0.0002281
565,seolfres,<code>seolfres</code>,1,0.0002281
565,seon,<code>seon</code>,1,0.0002281
565,serede,<code>serede</code>,1,0.0002281
565,seredon,<code>seredon</code>,1,0.0002281
565,settan,<code>settan</code>,1,0.0002281
565,sette,<code>sette</code>,1,0.0002281
565,si&eth;as,<code>si&amp;d;as</code>,1,0.0002281
565,si&eth;e,<code>si&amp;d;e</code>,1,0.0002281
565,sibbe,<code>sibbe</code>,1,0.0002281
565,sic,<code>sic</code>,1,0.0002281
565,sigetorht,<code>sigetorht</code>,1,0.0002281
565,sigora,<code>sigora</code>,1,0.0002281
565,sigores,<code>sigores</code>,1,0.0002281
565,sinc,<code>sinc</code>,1,0.0002281
565,sind,<code>sind</code>,1,0.0002281
565,singa&eth;,<code>singa&amp;d;</code>,1,0.0002281
565,sinne,<code>sinne</code>,1,0.0002281
565,sit,<code>sit</code>,1,0.0002281
565,sitta&eth;,<code>sitta&amp;d;</code>,1,0.0002281
565,sittan,<code>sittan</code>,1,0.0002281
565,six,<code>six</code>,1,0.0002281
565,snotor,<code>snotor</code>,1,0.0002281
565,snotre,<code>snotre</code>,1,0.0002281
565,so&eth;,<code>so&amp;d;</code>,1,0.0002281
565,so&eth;an,<code>so&amp;d;an</code>,1,0.0002281
565,so&eth;cwidum,<code>so&amp;d;cwidum</code>,1,0.0002281
565,so&eth;f&aelig;stan,<code>so&amp;d;f&amp;ae;stan</code>,1,0.0002281
565,so&eth;f&aelig;ste,<code>so&amp;d;f&amp;ae;ste</code>,1,0.0002281
565,some,<code>some</code>,1,0.0002281
565,sorga,<code>sorga</code>,1,0.0002281
565,sorge,<code>sorge</code>,1,0.0002281
565,sorgum,<code>sorgum</code>,1,0.0002281
565,sorhful,<code>sorhful</code>,1,0.0002281
565,sorhgcearig,<code>sorhgcearig</code>,1,0.0002281
565,spearcade,<code>spearcade</code>,1,0.0002281
565,spearcum,<code>spearcum</code>,1,0.0002281
565,spellunge,<code>spellunge</code>,1,0.0002281
565,spreocan,<code>spreocan</code>,1,0.0002281
565,st&aelig;le&eth;,<code>st&amp;ae;le&amp;d;</code>,1,0.0002281
565,sta&eth;eledon,<code>sta&amp;d;eledon</code>,1,0.0002281
565,sta&eth;elode,<code>sta&amp;d;elode</code>,1,0.0002281
565,sta&eth;elodon,<code>sta&amp;d;elodon</code>,1,0.0002281
565,stan,<code>stan</code>,1,0.0002281
565,standa&eth;,<code>standa&amp;d;</code>,1,0.0002281
565,starian,<code>starian</code>,1,0.0002281
565,stefnum,<code>stefnum</code>,1,0.0002281
565,stences,<code>stences</code>,1,0.0002281
565,steppan,<code>steppan</code>,1,0.0002281
565,sti&eth;mod,<code>sti&amp;d;mod</code>,1,0.0002281
565,sticedon,<code>sticedon</code>,1,0.0002281
565,storm,<code>storm</code>,1,0.0002281
565,str&aelig;te,<code>str&amp;ae;te</code>,1,0.0002281
565,stream,<code>stream</code>,1,0.0002281
565,sum,<code>sum</code>,1,0.0002281
565,sumum,<code>sumum</code>,1,0.0002281
565,susl,<code>susl</code>,1,0.0002281
565,suslbonan,<code>suslbonan</code>,1,0.0002281
565,sutol,<code>sutol</code>,1,0.0002281
565,sw&aelig;g,<code>sw&amp;ae;g</code>,1,0.0002281
565,sw&aelig;gles,<code>sw&amp;ae;gles</code>,1,0.0002281
565,swarta,<code>swarta</code>,1,0.0002281
565,swat,<code>swat</code>,1,0.0002281
565,swegl,<code>swegl</code>,1,0.0002281
565,swelc,<code>swelc</code>,1,0.0002281
565,swi&eth;,<code>swi&amp;d;</code>,1,0.0002281
565,syle&eth;,<code>syle&amp;d;</code>,1,0.0002281
565,sylf,<code>sylf</code>,1,0.0002281
565,sylfne,<code>sylfne</code>,1,0.0002281
565,symle,<code>symle</code>,1,0.0002281
565,synd,<code>synd</code>,1,0.0002281
565,syndon,<code>syndon</code>,1,0.0002281
565,synfulle,<code>synfulle</code>,1,0.0002281
565,syngodon,<code>syngodon</code>,1,0.0002281
565,synne,<code>synne</code>,1,0.0002281
565,synnum,<code>synnum</code>,1,0.0002281
565,t&aelig;ce&eth;,<code>t&amp;ae;ce&amp;d;</code>,1,0.0002281
565,tacen,<code>tacen</code>,1,0.0002281
565,tanas,<code>tanas</code>,1,0.0002281
565,telgum,<code>telgum</code>,1,0.0002281
565,tene,<code>tene</code>,1,0.0002281
565,teonan,<code>teonan</code>,1,0.0002281
565,tida,<code>tida</code>,1,0.0002281
565,tidum,<code>tidum</code>,1,0.0002281
565,tifre,<code>tifre</code>,1,0.0002281
565,tile,<code>tile</code>,1,0.0002281
565,tintregan,<code>tintregan</code>,1,0.0002281
565,tir,<code>tir</code>,1,0.0002281
565,to&eth;a,<code>to&amp;d;a</code>,1,0.0002281
565,togegnes,<code>togegnes</code>,1,0.0002281
565,togenes,<code>togenes</code>,1,0.0002281
565,torhta,<code>torhta</code>,1,0.0002281
565,torhtne,<code>torhtne</code>,1,0.0002281
565,toweorpan,<code>toweorpan</code>,1,0.0002281
565,towerpan,<code>towerpan</code>,1,0.0002281
565,treo,<code>treo</code>,1,0.0002281
565,treow,<code>treow</code>,1,0.0002281
565,trumlicne,<code>trumlicne</code>,1,0.0002281
565,trumne,<code>trumne</code>,1,0.0002281
565,tudor,<code>tudor</code>,1,0.0002281
565,uncl&aelig;ne,<code>uncl&amp;ae;ne</code>,1,0.0002281
565,und&#275;r,<code>und&amp;e;r</code>,1,0.0002281
565,underne,<code>underne</code>,1,0.0002281
565,ungeara,<code>ungeara</code>,1,0.0002281
565,ungelice,<code>ungelice</code>,1,0.0002281
565,unrim,<code>unrim</code>,1,0.0002281
565,unsibbe,<code>unsibbe</code>,1,0.0002281
565,upheofen,<code>upheofen</code>,1,0.0002281
565,upheofon,<code>upheofon</code>,1,0.0002281
565,uplicne,<code>uplicne</code>,1,0.0002281
565,upp,<code>upp</code>,1,0.0002281
565,urnon,<code>urnon</code>,1,0.0002281
565,usic,<code>usic</code>,1,0.0002281
565,w&aelig;lm,<code>w&amp;ae;lm</code>,1,0.0002281
565,w&aelig;rg&eth;u,<code>w&amp;ae;rg&amp;d;u</code>,1,0.0002281
565,w&aelig;stmas,<code>w&amp;ae;stmas</code>,1,0.0002281
565,w&aelig;ter,<code>w&amp;ae;ter</code>,1,0.0002281
565,wa,<code>wa</code>,1,0.0002281
565,wadan,<code>wadan</code>,1,0.0002281
565,walica,<code>walica</code>,1,0.0002281
565,wast,<code>wast</code>,1,0.0002281
565,wealdend,<code>wealdend</code>,1,0.0002281
565,wealdendes,<code>wealdendes</code>,1,0.0002281
565,weallas,<code>weallas</code>,1,0.0002281
565,wel,<code>wel</code>,1,0.0002281
565,welme,<code>welme</code>,1,0.0002281
565,wena&eth;,<code>wena&amp;d;</code>,1,0.0002281
565,wendes,<code>wendes</code>,1,0.0002281
565,wendest,<code>wendest</code>,1,0.0002281
565,weol,<code>weol</code>,1,0.0002281
565,weold,<code>weold</code>,1,0.0002281
565,weor&eth;mynt,<code>weor&amp;d;mynt</code>,1,0.0002281
565,weorc,<code>weorc</code>,1,0.0002281
565,weornodon,<code>weornodon</code>,1,0.0002281
565,weorulde,<code>weorulde</code>,1,0.0002281
565,weotod,<code>weotod</code>,1,0.0002281
565,wera,<code>wera</code>,1,0.0002281
565,wercum,<code>wercum</code>,1,0.0002281
565,werega,<code>werega</code>,1,0.0002281
565,wergu,<code>wergu</code>,1,0.0002281
565,weroda,<code>weroda</code>,1,0.0002281
565,weron,<code>weron</code>,1,0.0002281
565,werud,<code>werud</code>,1,0.0002281
565,wes,<code>wes</code>,1,0.0002281
565,wi&eth;habban,<code>wi&amp;d;habban</code>,1,0.0002281
565,wid,<code>wid</code>,1,0.0002281
565,widor,<code>widor</code>,1,0.0002281
565,wif,<code>wif</code>,1,0.0002281
565,wiht,<code>wiht</code>,1,0.0002281
565,wihta,<code>wihta</code>,1,0.0002281
565,wilcuman,<code>wilcuman</code>,1,0.0002281
565,willa&eth;,<code>willa&amp;d;</code>,1,0.0002281
565,willan,<code>willan</code>,1,0.0002281
565,windiga,<code>windiga</code>,1,0.0002281
565,winna&eth;,<code>winna&amp;d;</code>,1,0.0002281
565,winsele,<code>winsele</code>,1,0.0002281
565,wirse,<code>wirse</code>,1,0.0002281
565,wita,<code>wita</code>,1,0.0002281
565,witegan,<code>witegan</code>,1,0.0002281
565,witegena,<code>witegena</code>,1,0.0002281
565,witegum,<code>witegum</code>,1,0.0002281
565,witehus,<code>witehus</code>,1,0.0002281
565,witescr&aelig;f,<code>witescr&amp;ae;f</code>,1,0.0002281
565,witigan,<code>witigan</code>,1,0.0002281
565,wlitan,<code>wlitan</code>,1,0.0002281
565,wlitig,<code>wlitig</code>,1,0.0002281
565,wloncra,<code>wloncra</code>,1,0.0002281
565,wolcn,<code>wolcn</code>,1,0.0002281
565,wolcna,<code>wolcna</code>,1,0.0002281
565,wolcnum,<code>wolcnum</code>,1,0.0002281
565,womcwidum,<code>womcwidum</code>,1,0.0002281
565,wommum,<code>wommum</code>,1,0.0002281
565,wonna,<code>wonna</code>,1,0.0002281
565,wop,<code>wop</code>,1,0.0002281
565,wordcwedas,<code>wordcwedas</code>,1,0.0002281
565,worde,<code>worde</code>,1,0.0002281
565,worn,<code>worn</code>,1,0.0002281
565,worulda,<code>worulda</code>,1,0.0002281
565,wr&aelig;clastas,<code>wr&amp;ae;clastas</code>,1,0.0002281
565,wra&eth;e,<code>wra&amp;d;e</code>,1,0.0002281
565,wrace,<code>wrace</code>,1,0.0002281
565,wracu,<code>wracu</code>,1,0.0002281
565,wrece,<code>wrece</code>,1,0.0002281
565,wrice&eth;,<code>wrice&amp;d;</code>,1,0.0002281
565,wrohte,<code>wrohte</code>,1,0.0002281
565,wuldor,<code>wuldor</code>,1,0.0002281
565,wundra,<code>wundra</code>,1,0.0002281
565,wunia&eth;,<code>wunia&amp;d;</code>,1,0.0002281
565,wunne,<code>wunne</code>,1,0.0002281
565,wunodon,<code>wunodon</code>,1,0.0002281
565,wyn,<code>wyn</code>,1,0.0002281
565,wynsum,<code>wynsum</code>,1,0.0002281
565,wynsume,<code>wynsume</code>,1,0.0002281
565,wyrma,<code>wyrma</code>,1,0.0002281
565,wyrsa,<code>wyrsa</code>,1,0.0002281
565,wyrte,<code>wyrte</code>,1,0.0002281
565,yfele,<code>yfele</code>,1,0.0002281
565,yfeles,<code>yfeles</code>,1,0.0002281
565,yfle,<code>yfle</code>,1,0.0002281
565,ymbflugon,<code>ymbflugon</code>,1,0.0002281
565,ymbhalde&eth;,<code>ymbhalde&amp;d;</code>,1,0.0002281
565,ymbhwyrft,<code>ymbhwyrft</code>,1,0.0002281
565,ymblyt,<code>ymblyt</code>,1,0.0002281
565,yrreweorces,<code>yrreweorces</code>,1,0.0002281
