B_Prose,B01,B01.003.009_AELS__Agatha__T03090.txt,761,533,1825
RANK,HTML WORD,RAW WORD,COUNT,RELATIVE FREQUENCY
1,and,<code>and</code>,83,0.0454795
2,to,<code>to</code>,45,0.0246575
3,&thorn;&aelig;t,<code>&amp;t;&amp;ae;t</code>,42,0.0230137
4,on,<code>on</code>,40,0.0219178
5,&thorn;a,<code>&amp;t;a</code>,38,0.0208219
6,swa,<code>swa</code>,34,0.0186301
7,&thorn;am,<code>&amp;t;am</code>,30,0.0164384
8,cw&aelig;&eth;,<code>cw&amp;ae;&amp;d;</code>,29,0.0158904
9,&thorn;e,<code>&amp;t;e</code>,28,0.0153425
10,hi,<code>hi</code>,26,0.0142466
11,agathes,<code>agathes</code>,24,0.0131507
11,mid,<code>mid</code>,24,0.0131507
13,&eth;u,<code>&amp;d;u</code>,22,0.0120548
13,ic,<code>ic</code>,22,0.0120548
15,&eth;a,<code>&amp;d;a</code>,21,0.0115068
15,se,<code>se</code>,21,0.0115068
17,heo,<code>heo</code>,17,0.0093151
18,&thorn;u,<code>&amp;t;u</code>,15,0.0082192
18,het,<code>het</code>,15,0.0082192
20,hire,<code>hire</code>,14,0.0076712
21,&eth;am,<code>&amp;d;am</code>,13,0.0071233
21,him,<code>him</code>,13,0.0071233
21,his,<code>his</code>,13,0.0071233
21,me,<code>me</code>,13,0.0071233
21,ne,<code>ne</code>,13,0.0071233
26,&eth;e,<code>&amp;d;e</code>,12,0.0065753
26,quintianus,<code>quintianus</code>,12,0.0065753
28,he,<code>he</code>,11,0.0060274
29,&thorn;&aelig;re,<code>&amp;t;&amp;ae;re</code>,10,0.0054795
30,gif,<code>gif</code>,9,0.0049315
30,seo,<code>seo</code>,9,0.0049315
32,&thorn;&aelig;s,<code>&amp;t;&amp;ae;s</code>,8,0.0043836
32,andwyrde,<code>andwyrde</code>,8,0.0043836
32,for,<code>for</code>,8,0.0043836
32,min,<code>min</code>,8,0.0043836
36,&thorn;urh,<code>&amp;t;urh</code>,7,0.0038356
36,crist,<code>crist</code>,7,0.0038356
36,cwearterne,<code>cwearterne</code>,7,0.0038356
36,hw&aelig;t,<code>hw&amp;ae;t</code>,7,0.0038356
36,is,<code>is</code>,7,0.0038356
36,witum,<code>witum</code>,7,0.0038356
42,&aelig;fre,<code>&amp;ae;fre</code>,6,0.0032877
42,ac,<code>ac</code>,6,0.0032877
42,cristes,<code>cristes</code>,6,0.0032877
42,godes,<code>godes</code>,6,0.0032877
42,godum,<code>godum</code>,6,0.0032877
42,m&aelig;den,<code>m&amp;ae;den</code>,6,0.0032877
42,nu,<code>nu</code>,6,0.0032877
49,agathen,<code>agathen</code>,5,0.0027397
49,be,<code>be</code>,5,0.0027397
49,beo,<code>beo</code>,5,0.0027397
49,dema,<code>dema</code>,5,0.0027397
49,ealle,<code>ealle</code>,5,0.0027397
49,fram,<code>fram</code>,5,0.0027397
49,halgan,<code>halgan</code>,5,0.0027397
49,hine,<code>hine</code>,5,0.0027397
49,of,<code>of</code>,5,0.0027397
49,w&aelig;s,<code>w&amp;ae;s</code>,5,0.0027397
59,&eth;&aelig;re,<code>&amp;d;&amp;ae;re</code>,4,0.0021918
59,&thorn;inum,<code>&amp;t;inum</code>,4,0.0021918
59,&thorn;one,<code>&amp;t;one</code>,4,0.0021918
59,arleasan,<code>arleasan</code>,4,0.0021918
59,beon,<code>beon</code>,4,0.0021918
59,com,<code>com</code>,4,0.0021918
59,drihten,<code>drihten</code>,4,0.0021918
59,eac,<code>eac</code>,4,0.0021918
59,fela,<code>fela</code>,4,0.0021918
59,hu,<code>hu</code>,4,0.0021918
59,hwi,<code>hwi</code>,4,0.0021918
59,hyre,<code>hyre</code>,4,0.0021918
59,magon,<code>magon</code>,4,0.0021918
59,mihte,<code>mihte</code>,4,0.0021918
59,mod,<code>mod</code>,4,0.0021918
59,naman,<code>naman</code>,4,0.0021918
59,wear&eth;,<code>wear&amp;d;</code>,4,0.0021918
76,&aelig;fter,<code>&amp;ae;fter</code>,3,0.0016438
76,&aelig;t,<code>&amp;ae;t</code>,3,0.0016438
76,&thorn;eah,<code>&amp;t;eah</code>,3,0.0016438
76,&thorn;in,<code>&amp;t;in</code>,3,0.0016438
76,&thorn;ine,<code>&amp;t;ine</code>,3,0.0016438
76,&thorn;us,<code>&amp;t;us</code>,3,0.0016438
76,an,<code>an</code>,3,0.0016438
76,befran,<code>befran</code>,3,0.0016438
76,binnan,<code>binnan</code>,3,0.0016438
76,breost,<code>breost</code>,3,0.0016438
76,breoste,<code>breoste</code>,3,0.0016438
76,eall,<code>eall</code>,3,0.0016438
76,eom,<code>eom</code>,3,0.0016438
76,ferde,<code>ferde</code>,3,0.0016438
76,for&eth;an,<code>for&amp;d;an</code>,3,0.0016438
76,fyr,<code>fyr</code>,3,0.0016438
76,gast,<code>gast</code>,3,0.0016438
76,gelicnysse,<code>gelicnysse</code>,3,0.0016438
76,gode,<code>gode</code>,3,0.0016438
76,hencgene,<code>hencgene</code>,3,0.0016438
76,hit,<code>hit</code>,3,0.0016438
76,life,<code>life</code>,3,0.0016438
76,mann,<code>mann</code>,3,0.0016438
76,mine,<code>mine</code>,3,0.0016438
76,minne,<code>minne</code>,3,0.0016438
76,mycel,<code>mycel</code>,3,0.0016438
76,o&eth;&eth;e,<code>o&amp;d;&amp;d;e</code>,3,0.0016438
76,sceolde,<code>sceolde</code>,3,0.0016438
76,sona,<code>sona</code>,3,0.0016438
76,sum,<code>sum</code>,3,0.0016438
76,swylce,<code>swylce</code>,3,0.0016438
76,w&aelig;lhreowlice,<code>w&amp;ae;lhreowlice</code>,3,0.0016438
76,wita,<code>wita</code>,3,0.0016438
76,ylcan,<code>ylcan</code>,3,0.0016438
110,&aelig;&eth;elborennys,<code>&amp;ae;&amp;d;elborennys</code>,2,0.0010959
110,&aelig;tstod,<code>&amp;ae;tstod</code>,2,0.0010959
110,&aelig;twindan,<code>&amp;ae;twindan</code>,2,0.0010959
110,&eth;inum,<code>&amp;d;inum</code>,2,0.0010959
110,&eth;rowigenne,<code>&amp;d;rowigenne</code>,2,0.0010959
110,&thorn;&aelig;r,<code>&amp;t;&amp;ae;r</code>,2,0.0010959
110,&thorn;&aelig;ra,<code>&amp;t;&amp;ae;ra</code>,2,0.0010959
110,&thorn;as,<code>&amp;t;as</code>,2,0.0010959
110,&thorn;eawas,<code>&amp;t;eawas</code>,2,0.0010959
110,&thorn;inre,<code>&amp;t;inre</code>,2,0.0010959
110,&thorn;ryh,<code>&amp;t;ryh</code>,2,0.0010959
110,&thorn;ysum,<code>&amp;t;ysum</code>,2,0.0010959
110,affrodosia,<code>affrodosia</code>,2,0.0010959
110,anum,<code>anum</code>,2,0.0010959
110,apostol,<code>apostol</code>,2,0.0010959
110,arleasa,<code>arleasa</code>,2,0.0010959
110,arn,<code>arn</code>,2,0.0010959
110,awende,<code>awende</code>,2,0.0010959
110,beo&eth;,<code>beo&amp;d;</code>,2,0.0010959
110,bet&aelig;hte,<code>bet&amp;ae;hte</code>,2,0.0010959
110,blindum,<code>blindum</code>,2,0.0010959
110,burhwaru,<code>burhwaru</code>,2,0.0010959
110,byrgene,<code>byrgene</code>,2,0.0010959
110,criste,<code>criste</code>,2,0.0010959
110,cwealmb&aelig;ran,<code>cwealmb&amp;ae;ran</code>,2,0.0010959
110,d&aelig;ge,<code>d&amp;ae;ge</code>,2,0.0010959
110,deman,<code>deman</code>,2,0.0010959
110,deofles,<code>deofles</code>,2,0.0010959
110,dohtra,<code>dohtra</code>,2,0.0010959
110,eadige,<code>eadige</code>,2,0.0010959
110,eala,<code>eala</code>,2,0.0010959
110,ecum,<code>ecum</code>,2,0.0010959
110,efne,<code>efne</code>,2,0.0010959
110,encgel,<code>encgel</code>,2,0.0010959
110,englisc,<code>englisc</code>,2,0.0010959
110,eode,<code>eode</code>,2,0.0010959
110,eor&eth;styrung,<code>eor&amp;d;styrung</code>,2,0.0010959
110,eower,<code>eower</code>,2,0.0010959
110,ethna,<code>ethna</code>,2,0.0010959
110,femnan,<code>femnan</code>,2,0.0010959
110,forl&aelig;te,<code>forl&amp;ae;te</code>,2,0.0010959
110,forseo,<code>forseo</code>,2,0.0010959
110,fotum,<code>fotum</code>,2,0.0010959
110,fule,<code>fule</code>,2,0.0010959
110,fyre,<code>fyre</code>,2,0.0010959
110,ge,<code>ge</code>,2,0.0010959
110,gebede,<code>gebede</code>,2,0.0010959
110,gebringan,<code>gebringan</code>,2,0.0010959
110,geciged,<code>geciged</code>,2,0.0010959
110,gecure,<code>gecure</code>,2,0.0010959
110,geegsode,<code>geegsode</code>,2,0.0010959
110,gefeccan,<code>gefeccan</code>,2,0.0010959
110,geh&aelig;l&eth;,<code>geh&amp;ae;l&amp;d;</code>,2,0.0010959
110,geh&aelig;lde,<code>geh&amp;ae;lde</code>,2,0.0010959
110,gehlyde,<code>gehlyde</code>,2,0.0010959
110,gel&aelig;dan,<code>gel&amp;ae;dan</code>,2,0.0010959
110,geond,<code>geond</code>,2,0.0010959
110,gewilnode,<code>gewilnode</code>,2,0.0010959
110,gewisce,<code>gewisce</code>,2,0.0010959
110,git,<code>git</code>,2,0.0010959
110,god,<code>god</code>,2,0.0010959
110,goda,<code>goda</code>,2,0.0010959
110,godas,<code>godas</code>,2,0.0010959
110,gramlice,<code>gramlice</code>,2,0.0010959
110,h&aelig;bbe,<code>h&amp;ae;bbe</code>,2,0.0010959
110,h&aelig;fde,<code>h&amp;ae;fde</code>,2,0.0010959
110,h&aelig;lende,<code>h&amp;ae;lende</code>,2,0.0010959
110,handum,<code>handum</code>,2,0.0010959
110,heofonum,<code>heofonum</code>,2,0.0010959
110,hors,<code>hors</code>,2,0.0010959
110,hwa,<code>hwa</code>,2,0.0010959
110,hwilon,<code>hwilon</code>,2,0.0010959
110,isen,<code>isen</code>,2,0.0010959
110,l&aelig;ce,<code>l&amp;ae;ce</code>,2,0.0010959
110,la&eth;um,<code>la&amp;d;um</code>,2,0.0010959
110,lic,<code>lic</code>,2,0.0010959
110,lif,<code>lif</code>,2,0.0010959
110,m&aelig;dene,<code>m&amp;ae;dene</code>,2,0.0010959
110,m&aelig;g,<code>m&amp;ae;g</code>,2,0.0010959
110,m&aelig;g&eth;e,<code>m&amp;ae;g&amp;d;e</code>,2,0.0010959
110,m&aelig;ge,<code>m&amp;ae;ge</code>,2,0.0010959
110,man,<code>man</code>,2,0.0010959
110,menn,<code>menn</code>,2,0.0010959
110,micclum,<code>micclum</code>,2,0.0010959
110,minum,<code>minum</code>,2,0.0010959
110,moste,<code>moste</code>,2,0.0010959
110,munt,<code>munt</code>,2,0.0010959
110,na,<code>na</code>,2,0.0010959
110,nan,<code>nan</code>,2,0.0010959
110,nigon,<code>nigon</code>,2,0.0010959
110,nihte,<code>nihte</code>,2,0.0010959
110,o&eth;er,<code>o&amp;d;er</code>,2,0.0010959
110,ofer,<code>ofer</code>,2,0.0010959
110,r&aelig;dboran,<code>r&amp;ae;dboran</code>,2,0.0010959
110,scipe,<code>scipe</code>,2,0.0010959
110,scire,<code>scire</code>,2,0.0010959
110,scyre,<code>scyre</code>,2,0.0010959
110,si&eth;&eth;an,<code>si&amp;d;&amp;d;an</code>,2,0.0010959
110,smeade,<code>smeade</code>,2,0.0010959
110,st&aelig;nene,<code>st&amp;ae;nene</code>,2,0.0010959
110,stanas,<code>stanas</code>,2,0.0010959
110,stanum,<code>stanum</code>,2,0.0010959
110,swingla,<code>swingla</code>,2,0.0010959
110,swy&eth;e,<code>swy&amp;d;e</code>,2,0.0010959
110,swylc,<code>swylc</code>,2,0.0010959
110,sy,<code>sy</code>,2,0.0010959
110,sylfe,<code>sylfe</code>,2,0.0010959
110,synd,<code>synd</code>,2,0.0010959
110,tihton,<code>tihton</code>,2,0.0010959
110,tintregu,<code>tintregu</code>,2,0.0010959
110,under,<code>under</code>,2,0.0010959
110,we,<code>we</code>,2,0.0010959
110,weardas,<code>weardas</code>,2,0.0010959
110,welwyllendan,<code>welwyllendan</code>,2,0.0010959
110,wi&eth;sac,<code>wi&amp;d;sac</code>,2,0.0010959
110,wolde,<code>wolde</code>,2,0.0010959
110,word,<code>word</code>,2,0.0010959
110,wyle,<code>wyle</code>,2,0.0010959
110,wylt,<code>wylt</code>,2,0.0010959
229,&aelig;&eth;elan,<code>&amp;ae;&amp;d;elan</code>,1,0.0005479
229,&aelig;&eth;elboren,<code>&amp;ae;&amp;d;elboren</code>,1,0.0005479
229,&aelig;&eth;elborenre,<code>&amp;ae;&amp;d;elborenre</code>,1,0.0005479
229,&aelig;&eth;ele,<code>&amp;ae;&amp;d;ele</code>,1,0.0005479
229,&aelig;&thorn;elborennysse,<code>&amp;ae;&amp;t;elborennysse</code>,1,0.0005479
229,&aelig;hta,<code>&amp;ae;hta</code>,1,0.0005479
229,&aelig;lltocwysde,<code>&amp;ae;lltocwysde</code>,1,0.0005479
229,&aelig;nglas,<code>&amp;ae;nglas</code>,1,0.0005479
229,&aelig;r,<code>&amp;ae;r</code>,1,0.0005479
229,&aelig;r&eth;an,<code>&amp;ae;r&amp;d;an</code>,1,0.0005479
229,&aelig;r&thorn;an,<code>&amp;ae;r&amp;t;an</code>,1,0.0005479
229,&aelig;tes,<code>&amp;ae;tes</code>,1,0.0005479
229,&aelig;tforan,<code>&amp;ae;tforan</code>,1,0.0005479
229,&eth;&aelig;r&aelig;,<code>&amp;d;&amp;ae;r&amp;ae;</code>,1,0.0005479
229,&eth;&aelig;ra,<code>&amp;d;&amp;ae;ra</code>,1,0.0005479
229,&eth;ancode,<code>&amp;d;ancode</code>,1,0.0005479
229,&eth;ec,<code>&amp;d;ec</code>,1,0.0005479
229,&eth;eow,<code>&amp;d;eow</code>,1,0.0005479
229,&eth;eowdom,<code>&amp;d;eowdom</code>,1,0.0005479
229,&eth;in,<code>&amp;d;in</code>,1,0.0005479
229,&eth;inne,<code>&amp;d;inne</code>,1,0.0005479
229,&eth;is,<code>&amp;d;is</code>,1,0.0005479
229,&eth;one,<code>&amp;d;one</code>,1,0.0005479
229,&eth;rawan,<code>&amp;d;rawan</code>,1,0.0005479
229,&eth;rowian,<code>&amp;d;rowian</code>,1,0.0005479
229,&eth;urh,<code>&amp;d;urh</code>,1,0.0005479
229,&eth;us,<code>&amp;d;us</code>,1,0.0005479
229,&thorn;earle,<code>&amp;t;earle</code>,1,0.0005479
229,&thorn;eawum,<code>&amp;t;eawum</code>,1,0.0005479
229,&thorn;en,<code>&amp;t;en</code>,1,0.0005479
229,&thorn;eowan,<code>&amp;t;eowan</code>,1,0.0005479
229,&thorn;eowetlincg,<code>&amp;t;eowetlincg</code>,1,0.0005479
229,&thorn;inen,<code>&amp;t;inen</code>,1,0.0005479
229,&thorn;ines,<code>&amp;t;ines</code>,1,0.0005479
229,&thorn;isum,<code>&amp;t;isum</code>,1,0.0005479
229,&thorn;onne,<code>&amp;t;onne</code>,1,0.0005479
229,&thorn;rittig,<code>&amp;t;rittig</code>,1,0.0005479
229,&thorn;rowunge,<code>&amp;t;rowunge</code>,1,0.0005479
229,&thorn;urhwunige,<code>&amp;t;urhwunige</code>,1,0.0005479
229,&thorn;urstiga,<code>&amp;t;urstiga</code>,1,0.0005479
229,a,<code>a</code>,1,0.0005479
229,ableow,<code>ableow</code>,1,0.0005479
229,aceorfan,<code>aceorfan</code>,1,0.0005479
229,adw&aelig;sced,<code>adw&amp;ae;sced</code>,1,0.0005479
229,af&aelig;rde,<code>af&amp;ae;rde</code>,1,0.0005479
229,afede,<code>afede</code>,1,0.0005479
229,afrodosia,<code>afrodosia</code>,1,0.0005479
229,afundan,<code>afundan</code>,1,0.0005479
229,afyllan,<code>afyllan</code>,1,0.0005479
229,afyrht,<code>afyrht</code>,1,0.0005479
229,agathe,<code>agathe</code>,1,0.0005479
229,ageaf,<code>ageaf</code>,1,0.0005479
229,agrapod,<code>agrapod</code>,1,0.0005479
229,ahofen,<code>ahofen</code>,1,0.0005479
229,ahred,<code>ahred</code>,1,0.0005479
229,aleofa&eth;,<code>aleofa&amp;d;</code>,1,0.0005479
229,alysednyss,<code>alysednyss</code>,1,0.0005479
229,amen,<code>amen</code>,1,0.0005479
229,amyrran,<code>amyrran</code>,1,0.0005479
229,andetnysse,<code>andetnysse</code>,1,0.0005479
229,andette,<code>andette</code>,1,0.0005479
229,andgit,<code>andgit</code>,1,0.0005479
229,andgitleasa,<code>andgitleasa</code>,1,0.0005479
229,andsware,<code>andsware</code>,1,0.0005479
229,andwerdnysse,<code>andwerdnysse</code>,1,0.0005479
229,anfealdlice,<code>anfealdlice</code>,1,0.0005479
229,anlicnysse,<code>anlicnysse</code>,1,0.0005479
229,anr&aelig;dlice,<code>anr&amp;ae;dlice</code>,1,0.0005479
229,ansunde,<code>ansunde</code>,1,0.0005479
229,anwylnysse,<code>anwylnysse</code>,1,0.0005479
229,ardlice,<code>ardlice</code>,1,0.0005479
229,are,<code>are</code>,1,0.0005479
229,arleasosta,<code>arleasosta</code>,1,0.0005479
229,arwur&eth;nysse,<code>arwur&amp;d;nysse</code>,1,0.0005479
229,arwur&eth;odon,<code>arwur&amp;d;odon</code>,1,0.0005479
229,asende,<code>asende</code>,1,0.0005479
229,asprencde,<code>asprencde</code>,1,0.0005479
229,astreccan,<code>astreccan</code>,1,0.0005479
229,astrehtum,<code>astrehtum</code>,1,0.0005479
229,ateon,<code>ateon</code>,1,0.0005479
229,aw&aelig;g,<code>aw&amp;ae;g</code>,1,0.0005479
229,aweg,<code>aweg</code>,1,0.0005479
229,awenda&eth;,<code>awenda&amp;d;</code>,1,0.0005479
229,awendan,<code>awendan</code>,1,0.0005479
229,awendest,<code>awendest</code>,1,0.0005479
229,awritene,<code>awritene</code>,1,0.0005479
229,axiende,<code>axiende</code>,1,0.0005479
229,axode,<code>axode</code>,1,0.0005479
229,b&aelig;tan,<code>b&amp;ae;tan</code>,1,0.0005479
229,barn,<code>barn</code>,1,0.0005479
229,be&eth;enc,<code>be&amp;d;enc</code>,1,0.0005479
229,be&thorn;encan,<code>be&amp;t;encan</code>,1,0.0005479
229,bead,<code>bead</code>,1,0.0005479
229,bebyrigde,<code>bebyrigde</code>,1,0.0005479
229,becom,<code>becom</code>,1,0.0005479
229,becuman,<code>becuman</code>,1,0.0005479
229,becume,<code>becume</code>,1,0.0005479
229,becym&eth;,<code>becym&amp;d;</code>,1,0.0005479
229,begitan,<code>begitan</code>,1,0.0005479
229,beh&aelig;tst,<code>beh&amp;ae;tst</code>,1,0.0005479
229,bendum,<code>bendum</code>,1,0.0005479
229,beorscype,<code>beorscype</code>,1,0.0005479
229,beseah,<code>beseah</code>,1,0.0005479
229,betwux,<code>betwux</code>,1,0.0005479
229,bi&eth;,<code>bi&amp;d;</code>,1,0.0005479
229,bidde,<code>bidde</code>,1,0.0005479
229,biggencgas,<code>biggencgas</code>,1,0.0005479
229,bismorfullum,<code>bismorfullum</code>,1,0.0005479
229,bist,<code>bist</code>,1,0.0005479
229,bli&eth;elice,<code>bli&amp;d;elice</code>,1,0.0005479
229,blysse,<code>blysse</code>,1,0.0005479
229,bord,<code>bord</code>,1,0.0005479
229,burh,<code>burh</code>,1,0.0005479
229,butan,<code>butan</code>,1,0.0005479
229,buton,<code>buton</code>,1,0.0005479
229,byrig,<code>byrig</code>,1,0.0005479
229,byrn&eth;,<code>byrn&amp;d;</code>,1,0.0005479
229,byrnenda,<code>byrnenda</code>,1,0.0005479
229,byrnende,<code>byrnende</code>,1,0.0005479
229,bysmorfullum,<code>bysmorfullum</code>,1,0.0005479
229,byuigende,<code>byuigende</code>,1,0.0005479
229,casere,<code>casere</code>,1,0.0005479
229,ceaster,<code>ceaster</code>,1,0.0005479
229,celincge,<code>celincge</code>,1,0.0005479
229,ceorfanne,<code>ceorfanne</code>,1,0.0005479
229,cl&aelig;num,<code>cl&amp;ae;num</code>,1,0.0005479
229,clawa,<code>clawa</code>,1,0.0005479
229,clypa,<code>clypa</code>,1,0.0005479
229,clypast,<code>clypast</code>,1,0.0005479
229,clypian,<code>clypian</code>,1,0.0005479
229,clypige,<code>clypige</code>,1,0.0005479
229,clypode,<code>clypode</code>,1,0.0005479
229,cnapa,<code>cnapa</code>,1,0.0005479
229,cnapan,<code>cnapan</code>,1,0.0005479
229,cnapum,<code>cnapum</code>,1,0.0005479
229,cneowode,<code>cneowode</code>,1,0.0005479
229,cniht,<code>cniht</code>,1,0.0005479
229,copsum,<code>copsum</code>,1,0.0005479
229,corfene,<code>corfene</code>,1,0.0005479
229,cr&aelig;fte,<code>cr&amp;ae;fte</code>,1,0.0005479
229,cwe&eth;a&thorn;,<code>cwe&amp;d;a&amp;t;</code>,1,0.0005479
229,cwealmb&aelig;re,<code>cwealmb&amp;ae;re</code>,1,0.0005479
229,cwehte,<code>cwehte</code>,1,0.0005479
229,cwelleres,<code>cwelleres</code>,1,0.0005479
229,cwellerum,<code>cwellerum</code>,1,0.0005479
229,cwyst,<code>cwyst</code>,1,0.0005479
229,cyldhade,<code>cyldhade</code>,1,0.0005479
229,cym&eth;,<code>cym&amp;d;</code>,1,0.0005479
229,d&aelig;dum,<code>d&amp;ae;dum</code>,1,0.0005479
229,d&aelig;ges,<code>d&amp;ae;ges</code>,1,0.0005479
229,dagas,<code>dagas</code>,1,0.0005479
229,deaw,<code>deaw</code>,1,0.0005479
229,deo,<code>deo</code>,1,0.0005479
229,deofla,<code>deofla</code>,1,0.0005479
229,deoflice,<code>deoflice</code>,1,0.0005479
229,dest,<code>dest</code>,1,0.0005479
229,do&eth;,<code>do&amp;d;</code>,1,0.0005479
229,dohtrum,<code>dohtrum</code>,1,0.0005479
229,dorste,<code>dorste</code>,1,0.0005479
229,dreccan,<code>dreccan</code>,1,0.0005479
229,drihtne,<code>drihtne</code>,1,0.0005479
229,drihtnes,<code>drihtnes</code>,1,0.0005479
229,drohtnunge,<code>drohtnunge</code>,1,0.0005479
229,drugon,<code>drugon</code>,1,0.0005479
229,dydest,<code>dydest</code>,1,0.0005479
229,dysige,<code>dysige</code>,1,0.0005479
229,dyslice,<code>dyslice</code>,1,0.0005479
229,ea&eth;elice,<code>ea&amp;d;elice</code>,1,0.0005479
229,eallniwere,<code>eallniwere</code>,1,0.0005479
229,eallum,<code>eallum</code>,1,0.0005479
229,eallunga,<code>eallunga</code>,1,0.0005479
229,earan,<code>earan</code>,1,0.0005479
229,eardes,<code>eardes</code>,1,0.0005479
229,earma,<code>earma</code>,1,0.0005479
229,earmingc,<code>earmingc</code>,1,0.0005479
229,ece,<code>ece</code>,1,0.0005479
229,ecere,<code>ecere</code>,1,0.0005479
229,eft,<code>eft</code>,1,0.0005479
229,egeslice,<code>egeslice</code>,1,0.0005479
229,egsigende,<code>egsigende</code>,1,0.0005479
229,ehtere,<code>ehtere</code>,1,0.0005479
229,elles,<code>elles</code>,1,0.0005479
229,embe,<code>embe</code>,1,0.0005479
229,endemes,<code>endemes</code>,1,0.0005479
229,enne,<code>enne</code>,1,0.0005479
229,eor&eth;e,<code>eor&amp;d;e</code>,1,0.0005479
229,eor&eth;styrunge,<code>eor&amp;d;styrunge</code>,1,0.0005479
229,et,<code>et</code>,1,0.0005479
229,f&aelig;rlice,<code>f&amp;ae;rlice</code>,1,0.0005479
229,f&aelig;str&aelig;de,<code>f&amp;ae;str&amp;ae;de</code>,1,0.0005479
229,februariis,<code>februariis</code>,1,0.0005479
229,feccan,<code>feccan</code>,1,0.0005479
229,feol,<code>feol</code>,1,0.0005479
229,fiftan,<code>fiftan</code>,1,0.0005479
229,fint,<code>fint</code>,1,0.0005479
229,fleah,<code>fleah</code>,1,0.0005479
229,flodes,<code>flodes</code>,1,0.0005479
229,flor,<code>flor</code>,1,0.0005479
229,flugon,<code>flugon</code>,1,0.0005479
229,for&eth;earle,<code>for&amp;d;earle</code>,1,0.0005479
229,forbarn,<code>forbarn</code>,1,0.0005479
229,forcurfe,<code>forcurfe</code>,1,0.0005479
229,fordemdum,<code>fordemdum</code>,1,0.0005479
229,fordo,<code>fordo</code>,1,0.0005479
229,fore&thorn;ingunge,<code>fore&amp;t;ingunge</code>,1,0.0005479
229,fores&aelig;dum,<code>fores&amp;ae;dum</code>,1,0.0005479
229,forferde,<code>forferde</code>,1,0.0005479
229,forfluge,<code>forfluge</code>,1,0.0005479
229,forgeafe,<code>forgeafe</code>,1,0.0005479
229,forl&aelig;t,<code>forl&amp;ae;t</code>,1,0.0005479
229,formulton,<code>formulton</code>,1,0.0005479
229,fornumene,<code>fornumene</code>,1,0.0005479
229,forseah,<code>forseah</code>,1,0.0005479
229,forseo&eth;,<code>forseo&amp;d;</code>,1,0.0005479
229,forsihst,<code>forsihst</code>,1,0.0005479
229,forspennincg&aelig;,<code>forspennincg&amp;ae;</code>,1,0.0005479
229,fracedosta,<code>fracedosta</code>,1,0.0005479
229,fracode,<code>fracode</code>,1,0.0005479
229,frecednysse,<code>frecednysse</code>,1,0.0005479
229,frofre,<code>frofre</code>,1,0.0005479
229,fruman,<code>fruman</code>,1,0.0005479
229,fulum,<code>fulum</code>,1,0.0005479
229,fyligdan,<code>fyligdan</code>,1,0.0005479
229,fyres,<code>fyres</code>,1,0.0005479
229,fyrhte,<code>fyrhte</code>,1,0.0005479
229,galnysse,<code>galnysse</code>,1,0.0005479
229,gangende,<code>gangende</code>,1,0.0005479
229,ge&thorn;afunga,<code>ge&amp;t;afunga</code>,1,0.0005479
229,ge&thorn;anc,<code>ge&amp;t;anc</code>,1,0.0005479
229,ge&thorn;yld,<code>ge&amp;t;yld</code>,1,0.0005479
229,gearcost,<code>gearcost</code>,1,0.0005479
229,gebealh,<code>gebealh</code>,1,0.0005479
229,gebide,<code>gebide</code>,1,0.0005479
229,gebigan,<code>gebigan</code>,1,0.0005479
229,gebigedne,<code>gebigedne</code>,1,0.0005479
229,geborgen,<code>geborgen</code>,1,0.0005479
229,gebroht,<code>gebroht</code>,1,0.0005479
229,gebyrdum,<code>gebyrdum</code>,1,0.0005479
229,gebytlu,<code>gebytlu</code>,1,0.0005479
229,gedrehte,<code>gedrehte</code>,1,0.0005479
229,geearnungum,<code>geearnungum</code>,1,0.0005479
229,geedlecst,<code>geedlecst</code>,1,0.0005479
229,geedsta&eth;elod,<code>geedsta&amp;d;elod</code>,1,0.0005479
229,geedsta&eth;elode,<code>geedsta&amp;d;elode</code>,1,0.0005479
229,geeuenl&aelig;cenne,<code>geeuenl&amp;ae;cenne</code>,1,0.0005479
229,gef&aelig;stnodest,<code>gef&amp;ae;stnodest</code>,1,0.0005479
229,gegrundsta&thorn;elod,<code>gegrundsta&amp;t;elod</code>,1,0.0005479
229,geh&aelig;ftan,<code>geh&amp;ae;ftan</code>,1,0.0005479
229,geh&aelig;lan,<code>geh&amp;ae;lan</code>,1,0.0005479
229,geh&aelig;lede,<code>geh&amp;ae;lede</code>,1,0.0005479
229,gehathyrt,<code>gehathyrt</code>,1,0.0005479
229,gel&aelig;hte,<code>gel&amp;ae;hte</code>,1,0.0005479
229,gela&eth;od,<code>gela&amp;d;od</code>,1,0.0005479
229,gelacnian,<code>gelacnian</code>,1,0.0005479
229,geleafa,<code>geleafa</code>,1,0.0005479
229,gelic,<code>gelic</code>,1,0.0005479
229,gelice,<code>gelice</code>,1,0.0005479
229,gelome,<code>gelome</code>,1,0.0005479
229,gelyfed,<code>gelyfed</code>,1,0.0005479
229,gemunde,<code>gemunde</code>,1,0.0005479
229,genime,<code>genime</code>,1,0.0005479
229,genyrwod,<code>genyrwod</code>,1,0.0005479
229,geoffra,<code>geoffra</code>,1,0.0005479
229,geoffrian,<code>geoffrian</code>,1,0.0005479
229,geoffrode,<code>geoffrode</code>,1,0.0005479
229,ges&aelig;lig,<code>ges&amp;ae;lig</code>,1,0.0005479
229,gesawe,<code>gesawe</code>,1,0.0005479
229,gesceope,<code>gesceope</code>,1,0.0005479
229,gescyldest,<code>gescyldest</code>,1,0.0005479
229,geseah,<code>geseah</code>,1,0.0005479
229,geseon,<code>geseon</code>,1,0.0005479
229,gesih&eth;,<code>gesih&amp;d;</code>,1,0.0005479
229,gestilled,<code>gestilled</code>,1,0.0005479
229,gesundfulnysse,<code>gesundfulnysse</code>,1,0.0005479
229,geswencan,<code>geswencan</code>,1,0.0005479
229,geswutelod,<code>geswutelod</code>,1,0.0005479
229,getealde,<code>getealde</code>,1,0.0005479
229,getimode,<code>getimode</code>,1,0.0005479
229,getintregod,<code>getintregod</code>,1,0.0005479
229,gewat,<code>gewat</code>,1,0.0005479
229,geweold,<code>geweold</code>,1,0.0005479
229,gewilna&eth;,<code>gewilna&amp;d;</code>,1,0.0005479
229,gewin,<code>gewin</code>,1,0.0005479
229,gewrecan,<code>gewrecan</code>,1,0.0005479
229,gewri&eth;an,<code>gewri&amp;d;an</code>,1,0.0005479
229,gitsere,<code>gitsere</code>,1,0.0005479
229,gleda,<code>gleda</code>,1,0.0005479
229,golde,<code>golde</code>,1,0.0005479
229,goldhordas,<code>goldhordas</code>,1,0.0005479
229,gr&aelig;dig,<code>gr&amp;ae;dig</code>,1,0.0005479
229,gr&aelig;ftas,<code>gr&amp;ae;ftas</code>,1,0.0005479
229,gramlicra,<code>gramlicra</code>,1,0.0005479
229,gyden,<code>gyden</code>,1,0.0005479
229,gymde,<code>gymde</code>,1,0.0005479
229,gymmas,<code>gymmas</code>,1,0.0005479
229,gyrlan,<code>gyrlan</code>,1,0.0005479
229,h&aelig;&eth;enan,<code>h&amp;ae;&amp;d;enan</code>,1,0.0005479
229,h&aelig;&eth;engylda,<code>h&amp;ae;&amp;d;engylda</code>,1,0.0005479
229,h&aelig;fst,<code>h&amp;ae;fst</code>,1,0.0005479
229,h&aelig;ftlingas,<code>h&amp;ae;ftlingas</code>,1,0.0005479
229,h&aelig;ftnede,<code>h&amp;ae;ftnede</code>,1,0.0005479
229,h&aelig;le,<code>h&amp;ae;le</code>,1,0.0005479
229,h&aelig;lend,<code>h&amp;ae;lend</code>,1,0.0005479
229,h&aelig;lendes,<code>h&amp;ae;lendes</code>,1,0.0005479
229,h&aelig;tan,<code>h&amp;ae;tan</code>,1,0.0005479
229,habbe,<code>habbe</code>,1,0.0005479
229,hal,<code>hal</code>,1,0.0005479
229,halig,<code>halig</code>,1,0.0005479
229,halige,<code>halige</code>,1,0.0005479
229,halwendlic,<code>halwendlic</code>,1,0.0005479
229,hamas,<code>hamas</code>,1,0.0005479
229,handa,<code>handa</code>,1,0.0005479
229,handtame,<code>handtame</code>,1,0.0005479
229,harwencga,<code>harwencga</code>,1,0.0005479
229,harwencge,<code>harwencge</code>,1,0.0005479
229,hat,<code>hat</code>,1,0.0005479
229,hata&eth;,<code>hata&amp;d;</code>,1,0.0005479
229,heafde,<code>heafde</code>,1,0.0005479
229,heafod,<code>heafod</code>,1,0.0005479
229,hefde,<code>hefde</code>,1,0.0005479
229,heortan,<code>heortan</code>,1,0.0005479
229,her,<code>her</code>,1,0.0005479
229,hetelice,<code>hetelice</code>,1,0.0005479
229,hleor,<code>hleor</code>,1,0.0005479
229,hlydan,<code>hlydan</code>,1,0.0005479
229,hnexian,<code>hnexian</code>,1,0.0005479
229,honorem,<code>honorem</code>,1,0.0005479
229,hwonlice,<code>hwonlice</code>,1,0.0005479
229,hwylcne,<code>hwylcne</code>,1,0.0005479
229,hyred,<code>hyred</code>,1,0.0005479
229,ideles,<code>ideles</code>,1,0.0005479
229,into,<code>into</code>,1,0.0005479
229,inwerdlice,<code>inwerdlice</code>,1,0.0005479
229,iouis,<code>iouis</code>,1,0.0005479
229,iugo&eth;e,<code>iugo&amp;d;e</code>,1,0.0005479
229,kynehelm,<code>kynehelm</code>,1,0.0005479
229,l&aelig;cecr&aelig;ftas,<code>l&amp;ae;cecr&amp;ae;ftas</code>,1,0.0005479
229,l&aelig;g,<code>l&amp;ae;g</code>,1,0.0005479
229,l&aelig;s,<code>l&amp;ae;s</code>,1,0.0005479
229,la,<code>la</code>,1,0.0005479
229,la&eth;an,<code>la&amp;d;an</code>,1,0.0005479
229,lacnian,<code>lacnian</code>,1,0.0005479
229,landes,<code>landes</code>,1,0.0005479
229,lange,<code>lange</code>,1,0.0005479
229,leades,<code>leades</code>,1,0.0005479
229,leofa,<code>leofa</code>,1,0.0005479
229,leoht,<code>leoht</code>,1,0.0005479
229,leohtf&aelig;t,<code>leohtf&amp;ae;t</code>,1,0.0005479
229,leornode,<code>leornode</code>,1,0.0005479
229,li&eth;,<code>li&amp;d;</code>,1,0.0005479
229,li&eth;an,<code>li&amp;d;an</code>,1,0.0005479
229,liberationem,<code>liberationem</code>,1,0.0005479
229,lice,<code>lice</code>,1,0.0005479
229,lichama,<code>lichama</code>,1,0.0005479
229,lofe,<code>lofe</code>,1,0.0005479
229,lufe,<code>lufe</code>,1,0.0005479
229,lustfullige,<code>lustfullige</code>,1,0.0005479
229,lustfullum,<code>lustfullum</code>,1,0.0005479
229,m&aelig;denes,<code>m&amp;ae;denes</code>,1,0.0005479
229,m&aelig;g&eth;,<code>m&amp;ae;g&amp;d;</code>,1,0.0005479
229,m&aelig;r&eth;a,<code>m&amp;ae;r&amp;d;a</code>,1,0.0005479
229,m&aelig;ran,<code>m&amp;ae;ran</code>,1,0.0005479
229,m&aelig;re,<code>m&amp;ae;re</code>,1,0.0005479
229,ma,<code>ma</code>,1,0.0005479
229,manfulla,<code>manfulla</code>,1,0.0005479
229,mannan,<code>mannan</code>,1,0.0005479
229,marmstan,<code>marmstan</code>,1,0.0005479
229,meg&eth;e,<code>meg&amp;d;e</code>,1,0.0005479
229,mentem,<code>mentem</code>,1,0.0005479
229,meoxes,<code>meoxes</code>,1,0.0005479
229,mergen,<code>mergen</code>,1,0.0005479
229,middre,<code>middre</code>,1,0.0005479
229,mihtelice,<code>mihtelice</code>,1,0.0005479
229,miltheortnysse,<code>miltheortnysse</code>,1,0.0005479
229,minre,<code>minre</code>,1,0.0005479
229,mote,<code>mote</code>,1,0.0005479
229,mu&eth;e,<code>mu&amp;d;e</code>,1,0.0005479
229,munte,<code>munte</code>,1,0.0005479
229,mycelre,<code>mycelre</code>,1,0.0005479
229,myltestrena,<code>myltestrena</code>,1,0.0005479
229,n&aelig;bbe,<code>n&amp;ae;bbe</code>,1,0.0005479
229,n&aelig;fre,<code>n&amp;ae;fre</code>,1,0.0005479
229,n&aelig;s,<code>n&amp;ae;s</code>,1,0.0005479
229,nacode,<code>nacode</code>,1,0.0005479
229,naht,<code>naht</code>,1,0.0005479
229,nahtlice,<code>nahtlice</code>,1,0.0005479
229,namast,<code>namast</code>,1,0.0005479
229,nane,<code>nane</code>,1,0.0005479
229,nanes,<code>nanes</code>,1,0.0005479
229,natale,<code>natale</code>,1,0.0005479
229,nelle,<code>nelle</code>,1,0.0005479
229,nes,<code>nes</code>,1,0.0005479
229,nihtes,<code>nihtes</code>,1,0.0005479
229,nonis,<code>nonis</code>,1,0.0005479
229,o&eth;,<code>o&amp;d;</code>,1,0.0005479
229,o&eth;re,<code>o&amp;d;re</code>,1,0.0005479
229,o&thorn;er,<code>o&amp;t;er</code>,1,0.0005479
229,o&thorn;re,<code>o&amp;t;re</code>,1,0.0005479
229,of&thorn;is,<code>of&amp;t;is</code>,1,0.0005479
229,oferbr&aelig;dels,<code>oferbr&amp;ae;dels</code>,1,0.0005479
229,ofercom,<code>ofercom</code>,1,0.0005479
229,ofergylda&eth;,<code>ofergylda&amp;d;</code>,1,0.0005479
229,ofteon,<code>ofteon</code>,1,0.0005479
229,olecende,<code>olecende</code>,1,0.0005479
229,on&aelig;led,<code>on&amp;ae;led</code>,1,0.0005479
229,onscunast,<code>onscunast</code>,1,0.0005479
229,onscunode,<code>onscunode</code>,1,0.0005479
229,ontendnysse,<code>ontendnysse</code>,1,0.0005479
229,patrie,<code>patrie</code>,1,0.0005479
229,quintiane,<code>quintiane</code>,1,0.0005479
229,rihtlice,<code>rihtlice</code>,1,0.0005479
229,samod,<code>samod</code>,1,0.0005479
229,sanctam,<code>sanctam</code>,1,0.0005479
229,sancte,<code>sancte</code>,1,0.0005479
229,sawl,<code>sawl</code>,1,0.0005479
229,sawle,<code>sawle</code>,1,0.0005479
229,sceal,<code>sceal</code>,1,0.0005479
229,scealt,<code>scealt</code>,1,0.0005479
229,sceama&eth;,<code>sceama&amp;d;</code>,1,0.0005479
229,sceamode,<code>sceamode</code>,1,0.0005479
229,scean,<code>scean</code>,1,0.0005479
229,sceandlic,<code>sceandlic</code>,1,0.0005479
229,sceandlica,<code>sceandlica</code>,1,0.0005479
229,scearp,<code>scearp</code>,1,0.0005479
229,scyppende,<code>scyppende</code>,1,0.0005479
229,sege,<code>sege</code>,1,0.0005479
229,semithetum,<code>semithetum</code>,1,0.0005479
229,sende,<code>sende</code>,1,0.0005479
229,sette,<code>sette</code>,1,0.0005479
229,si&eth;ode,<code>si&amp;d;ode</code>,1,0.0005479
229,sicilia,<code>sicilia</code>,1,0.0005479
229,sicilian,<code>sicilian</code>,1,0.0005479
229,six,<code>six</code>,1,0.0005479
229,slean,<code>slean</code>,1,0.0005479
229,slitendan,<code>slitendan</code>,1,0.0005479
229,snoterne,<code>snoterne</code>,1,0.0005479
229,snotor,<code>snotor</code>,1,0.0005479
229,so&eth;a,<code>so&amp;d;a</code>,1,0.0005479
229,so&eth;an,<code>so&amp;d;an</code>,1,0.0005479
229,so&eth;lice,<code>so&amp;d;lice</code>,1,0.0005479
229,spearn,<code>spearn</code>,1,0.0005479
229,speowe,<code>speowe</code>,1,0.0005479
229,spontaneam,<code>spontaneam</code>,1,0.0005479
229,stane,<code>stane</code>,1,0.0005479
229,starce,<code>starce</code>,1,0.0005479
229,stod,<code>stod</code>,1,0.0005479
229,stowe,<code>stowe</code>,1,0.0005479
229,streowian,<code>streowian</code>,1,0.0005479
229,stuntan,<code>stuntan</code>,1,0.0005479
229,suce,<code>suce</code>,1,0.0005479
229,sulphore,<code>sulphore</code>,1,0.0005479
229,sunnan,<code>sunnan</code>,1,0.0005479
229,sunu,<code>sunu</code>,1,0.0005479
229,sw&aelig;fel,<code>sw&amp;ae;fel</code>,1,0.0005479
229,sweartum,<code>sweartum</code>,1,0.0005479
229,swilce,<code>swilce</code>,1,0.0005479
229,swylcum,<code>swylcum</code>,1,0.0005479
229,sylf,<code>sylf</code>,1,0.0005479
229,sylfwille,<code>sylfwille</code>,1,0.0005479
229,syndon,<code>syndon</code>,1,0.0005479
229,synne,<code>synne</code>,1,0.0005479
229,t&aelig;lst,<code>t&amp;ae;lst</code>,1,0.0005479
229,teame,<code>teame</code>,1,0.0005479
229,teartum,<code>teartum</code>,1,0.0005479
229,teonan,<code>teonan</code>,1,0.0005479
229,tigelan,<code>tigelan</code>,1,0.0005479
229,tihtincgum,<code>tihtincgum</code>,1,0.0005479
229,tima,<code>tima</code>,1,0.0005479
229,timan,<code>timan</code>,1,0.0005479
229,tintregode,<code>tintregode</code>,1,0.0005479
229,tintregum,<code>tintregum</code>,1,0.0005479
229,to&eth;um,<code>to&amp;d;um</code>,1,0.0005479
229,tobrysede,<code>tobrysede</code>,1,0.0005479
229,togeanes,<code>togeanes</code>,1,0.0005479
229,treowene,<code>treowene</code>,1,0.0005479
229,twelfmona&eth;,<code>twelfmona&amp;d;</code>,1,0.0005479
229,uenus,<code>uenus</code>,1,0.0005479
229,uirginis,<code>uirginis</code>,1,0.0005479
229,uncl&aelig;ne,<code>uncl&amp;ae;ne</code>,1,0.0005479
229,under&thorn;eod,<code>under&amp;t;eod</code>,1,0.0005479
229,unforht,<code>unforht</code>,1,0.0005479
229,unges&aelig;lige,<code>unges&amp;ae;lige</code>,1,0.0005479
229,up,<code>up</code>,1,0.0005479
229,upp,<code>upp</code>,1,0.0005479
229,uppan,<code>uppan</code>,1,0.0005479
229,ure,<code>ure</code>,1,0.0005479
229,urnon,<code>urnon</code>,1,0.0005479
229,us,<code>us</code>,1,0.0005479
229,w&aelig;lhreowa,<code>w&amp;ae;lhreowa</code>,1,0.0005479
229,w&aelig;lhreowum,<code>w&amp;ae;lhreowum</code>,1,0.0005479
229,w&aelig;ran,<code>w&amp;ae;ran</code>,1,0.0005479
229,w&aelig;re,<code>w&amp;ae;re</code>,1,0.0005479
229,w&aelig;teres,<code>w&amp;ae;teres</code>,1,0.0005479
229,w&aelig;tes,<code>w&amp;ae;tes</code>,1,0.0005479
229,wace,<code>wace</code>,1,0.0005479
229,wah,<code>wah</code>,1,0.0005479
229,wedendum,<code>wedendum</code>,1,0.0005479
229,welerum,<code>welerum</code>,1,0.0005479
229,wende,<code>wende</code>,1,0.0005479
229,wi&eth;&eth;an,<code>wi&amp;d;&amp;d;an</code>,1,0.0005479
229,wi&eth;erwinna,<code>wi&amp;d;erwinna</code>,1,0.0005479
229,wif,<code>wif</code>,1,0.0005479
229,wife,<code>wife</code>,1,0.0005479
229,wilddeorum,<code>wilddeorum</code>,1,0.0005479
229,wimman,<code>wimman</code>,1,0.0005479
229,winde,<code>winde</code>,1,0.0005479
229,wis,<code>wis</code>,1,0.0005479
229,wit,<code>wit</code>,1,0.0005479
229,witan,<code>witan</code>,1,0.0005479
229,wlitige,<code>wlitige</code>,1,0.0005479
229,wope,<code>wope</code>,1,0.0005479
229,worde,<code>worde</code>,1,0.0005479
229,wordum,<code>wordum</code>,1,0.0005479
229,woruld,<code>woruld</code>,1,0.0005479
229,worulde,<code>worulde</code>,1,0.0005479
229,woruldlice,<code>woruldlice</code>,1,0.0005479
229,wuldor,<code>wuldor</code>,1,0.0005479
229,wunda,<code>wunda</code>,1,0.0005479
229,wundrie,<code>wundrie</code>,1,0.0005479
229,wur&eth;a&thorn;,<code>wur&amp;d;a&amp;t;</code>,1,0.0005479
229,wur&eth;mynt,<code>wur&amp;d;mynt</code>,1,0.0005479
229,wurde,<code>wurde</code>,1,0.0005479
229,wurdon,<code>wurdon</code>,1,0.0005479
229,wylian,<code>wylian</code>,1,0.0005479
229,wyln,<code>wyln</code>,1,0.0005479
229,wylsprincges,<code>wylsprincges</code>,1,0.0005479
229,wyrige,<code>wyrige</code>,1,0.0005479
229,ydelnysse,<code>ydelnysse</code>,1,0.0005479
229,yfelan,<code>yfelan</code>,1,0.0005479
229,yfele,<code>yfele</code>,1,0.0005479
229,yfelum,<code>yfelum</code>,1,0.0005479
229,ymbe,<code>ymbe</code>,1,0.0005479
229,yrsode,<code>yrsode</code>,1,0.0005479
