B_Prose,B01,B01.003.018_AELS__Auguries__T03180.txt,910,650,2284
RANK,HTML WORD,RAW WORD,COUNT,RELATIVE FREQUENCY
1,and,<code>and</code>,109,0.0477233
2,&thorn;&aelig;t,<code>&amp;t;&amp;ae;t</code>,65,0.0284588
3,on,<code>on</code>,58,0.0253940
4,ne,<code>ne</code>,51,0.0223292
5,swa,<code>swa</code>,46,0.0201401
6,he,<code>he</code>,42,0.0183888
7,his,<code>his</code>,32,0.0140105
7,to,<code>to</code>,32,0.0140105
9,se,<code>se</code>,31,0.0135727
10,&thorn;e,<code>&amp;t;e</code>,28,0.0122592
10,hi,<code>hi</code>,28,0.0122592
12,mid,<code>mid</code>,24,0.0105079
13,ac,<code>ac</code>,21,0.0091944
13,heora,<code>heora</code>,21,0.0091944
15,ge,<code>ge</code>,20,0.0087566
15,is,<code>is</code>,20,0.0087566
15,o&eth;&eth;e,<code>o&amp;d;&amp;d;e</code>,20,0.0087566
18,&eth;a,<code>&amp;d;a</code>,19,0.0083187
18,&thorn;a,<code>&amp;t;a</code>,19,0.0083187
20,gif,<code>gif</code>,17,0.0074431
20,god,<code>god</code>,17,0.0074431
22,bi&eth;,<code>bi&amp;d;</code>,16,0.0070053
22,him,<code>him</code>,16,0.0070053
24,butan,<code>butan</code>,14,0.0061296
24,we,<code>we</code>,14,0.0061296
26,&eth;am,<code>&amp;d;am</code>,13,0.0056918
27,&eth;e,<code>&amp;d;e</code>,12,0.0052539
27,be,<code>be</code>,12,0.0052539
27,man,<code>man</code>,12,0.0052539
27,us,<code>us</code>,12,0.0052539
31,godes,<code>godes</code>,11,0.0048161
32,&thorn;am,<code>&amp;t;am</code>,10,0.0043783
32,&thorn;onne,<code>&amp;t;onne</code>,10,0.0043783
32,&thorn;urh,<code>&amp;t;urh</code>,10,0.0043783
32,eow,<code>eow</code>,10,0.0043783
32,synd,<code>synd</code>,10,0.0043783
37,for&eth;an,<code>for&amp;d;an</code>,9,0.0039405
37,neque,<code>neque</code>,9,0.0039405
37,nu,<code>nu</code>,9,0.0039405
40,&thorn;one,<code>&amp;t;one</code>,8,0.0035026
40,beon,<code>beon</code>,8,0.0035026
40,cw&aelig;&eth;,<code>cw&amp;ae;&amp;d;</code>,8,0.0035026
40,eac,<code>eac</code>,8,0.0035026
40,for,<code>for</code>,8,0.0035026
40,menn,<code>menn</code>,8,0.0035026
40,seo,<code>seo</code>,8,0.0035026
47,&aelig;,<code>&amp;ae;</code>,7,0.0030648
47,&aelig;fre,<code>&amp;ae;fre</code>,7,0.0030648
47,deofol,<code>deofol</code>,7,0.0030648
47,hine,<code>hine</code>,7,0.0030648
47,hit,<code>hit</code>,7,0.0030648
47,ic,<code>ic</code>,7,0.0030648
47,m&aelig;g,<code>m&amp;ae;g</code>,7,0.0030648
47,nan,<code>nan</code>,7,0.0030648
47,ure,<code>ure</code>,7,0.0030648
56,&aelig;t,<code>&amp;ae;t</code>,6,0.0026270
56,&thorn;&aelig;re,<code>&amp;t;&amp;ae;re</code>,6,0.0026270
56,beo&eth;,<code>beo&amp;d;</code>,6,0.0026270
56,deofles,<code>deofles</code>,6,0.0026270
56,ealle,<code>ealle</code>,6,0.0026270
56,geleafan,<code>geleafan</code>,6,0.0026270
56,gode,<code>gode</code>,6,0.0026270
56,heo,<code>heo</code>,6,0.0026270
56,hw&aelig;t,<code>hw&amp;ae;t</code>,6,0.0026270
65,&eth;&aelig;re,<code>&amp;d;&amp;ae;re</code>,5,0.0021891
65,&eth;incg,<code>&amp;d;incg</code>,5,0.0021891
65,&thorn;&aelig;s,<code>&amp;t;&amp;ae;s</code>,5,0.0021891
65,a,<code>a</code>,5,0.0021891
65,drihten,<code>drihten</code>,5,0.0021891
65,eall,<code>eall</code>,5,0.0021891
65,eallum,<code>eallum</code>,5,0.0021891
65,fl&aelig;sc,<code>fl&amp;ae;sc</code>,5,0.0021891
65,fram,<code>fram</code>,5,0.0021891
65,mannum,<code>mannum</code>,5,0.0021891
65,men,<code>men</code>,5,0.0021891
65,na,<code>na</code>,5,0.0021891
65,o&eth;re,<code>o&amp;d;re</code>,5,0.0021891
65,o&thorn;&thorn;e,<code>o&amp;t;&amp;t;e</code>,5,0.0021891
65,sceal,<code>sceal</code>,5,0.0021891
65,so&eth;an,<code>so&amp;d;an</code>,5,0.0021891
65,sume,<code>sume</code>,5,0.0021891
82,agenne,<code>agenne</code>,4,0.0017513
82,apostol,<code>apostol</code>,4,0.0017513
82,drihtne,<code>drihtne</code>,4,0.0017513
82,freodom,<code>freodom</code>,4,0.0017513
82,gast,<code>gast</code>,4,0.0017513
82,gesceafta,<code>gesceafta</code>,4,0.0017513
82,mot,<code>mot</code>,4,0.0017513
82,o&eth;,<code>o&amp;d;</code>,4,0.0017513
82,ongean,<code>ongean</code>,4,0.0017513
82,sceolan,<code>sceolan</code>,4,0.0017513
82,secge,<code>secge</code>,4,0.0017513
82,symle,<code>symle</code>,4,0.0017513
82,urum,<code>urum</code>,4,0.0017513
82,wi&eth;,<code>wi&amp;d;</code>,4,0.0017513
82,wiccan,<code>wiccan</code>,4,0.0017513
82,wile,<code>wile</code>,4,0.0017513
82,wille,<code>wille</code>,4,0.0017513
82,worulde,<code>worulde</code>,4,0.0017513
82,yfel,<code>yfel</code>,4,0.0017513
101,&eth;&aelig;s,<code>&amp;d;&amp;ae;s</code>,3,0.0013135
101,&eth;one,<code>&amp;d;one</code>,3,0.0013135
101,&eth;onne,<code>&amp;d;onne</code>,3,0.0013135
101,&eth;yllice,<code>&amp;d;yllice</code>,3,0.0013135
101,&thorn;&aelig;r,<code>&amp;t;&amp;ae;r</code>,3,0.0013135
101,&thorn;&aelig;ra,<code>&amp;t;&amp;ae;ra</code>,3,0.0013135
101,&thorn;as,<code>&amp;t;as</code>,3,0.0013135
101,&thorn;eah,<code>&amp;t;eah</code>,3,0.0013135
101,an,<code>an</code>,3,0.0013135
101,cild,<code>cild</code>,3,0.0013135
101,criste,<code>criste</code>,3,0.0013135
101,dea&eth;e,<code>dea&amp;d;e</code>,3,0.0013135
101,derian,<code>derian</code>,3,0.0013135
101,don,<code>don</code>,3,0.0013135
101,drihtnes,<code>drihtnes</code>,3,0.0013135
101,ealra,<code>ealra</code>,3,0.0013135
101,ecnysse,<code>ecnysse</code>,3,0.0013135
101,eft,<code>eft</code>,3,0.0013135
101,eowre,<code>eowre</code>,3,0.0013135
101,et,<code>et</code>,3,0.0013135
101,faran,<code>faran</code>,3,0.0013135
101,fela,<code>fela</code>,3,0.0013135
101,fl&aelig;sces,<code>fl&amp;ae;sces</code>,3,0.0013135
101,fur&eth;on,<code>fur&amp;d;on</code>,3,0.0013135
101,gebro&eth;ra,<code>gebro&amp;d;ra</code>,3,0.0013135
101,gesceop,<code>gesceop</code>,3,0.0013135
101,h&aelig;bbe,<code>h&amp;ae;bbe</code>,3,0.0013135
101,hu,<code>hu</code>,3,0.0013135
101,lif,<code>lif</code>,3,0.0013135
101,mannes,<code>mannes</code>,3,0.0013135
101,mine,<code>mine</code>,3,0.0013135
101,mod,<code>mod</code>,3,0.0013135
101,mode,<code>mode</code>,3,0.0013135
101,n&aelig;fre,<code>n&amp;ae;fre</code>,3,0.0013135
101,nabba&eth;,<code>nabba&amp;d;</code>,3,0.0013135
101,nanum,<code>nanum</code>,3,0.0013135
101,nis,<code>nis</code>,3,0.0013135
101,of,<code>of</code>,3,0.0013135
101,paulus,<code>paulus</code>,3,0.0013135
101,rice,<code>rice</code>,3,0.0013135
101,sceall,<code>sceall</code>,3,0.0013135
101,sceocca,<code>sceocca</code>,3,0.0013135
101,so&eth;lice,<code>so&amp;d;lice</code>,3,0.0013135
101,sum,<code>sum</code>,3,0.0013135
101,sylfe,<code>sylfe</code>,3,0.0013135
101,sylfne,<code>sylfne</code>,3,0.0013135
101,untrumnysse,<code>untrumnysse</code>,3,0.0013135
101,ures,<code>ures</code>,3,0.0013135
101,w&aelig;s,<code>w&amp;ae;s</code>,3,0.0013135
101,wat,<code>wat</code>,3,0.0013135
101,wite,<code>wite</code>,3,0.0013135
152,&aelig;lces,<code>&amp;ae;lces</code>,2,0.0008757
152,&aelig;lcum,<code>&amp;ae;lcum</code>,2,0.0008757
152,&aelig;lmihtigan,<code>&amp;ae;lmihtigan</code>,2,0.0008757
152,&aelig;nigne,<code>&amp;ae;nigne</code>,2,0.0008757
152,&aelig;r,<code>&amp;ae;r</code>,2,0.0008757
152,&eth;us,<code>&amp;d;us</code>,2,0.0008757
152,&thorn;is,<code>&amp;t;is</code>,2,0.0008757
152,&thorn;yllice,<code>&amp;t;yllice</code>,2,0.0008757
152,&thorn;ysre,<code>&amp;t;ysre</code>,2,0.0008757
152,adyd,<code>adyd</code>,2,0.0008757
152,afylled,<code>afylled</code>,2,0.0008757
152,anr&aelig;de,<code>anr&amp;ae;de</code>,2,0.0008757
152,anum,<code>anum</code>,2,0.0008757
152,awrat,<code>awrat</code>,2,0.0008757
152,beboda,<code>beboda</code>,2,0.0008757
152,beg&aelig;&eth;,<code>beg&amp;ae;&amp;d;</code>,2,0.0008757
152,beo,<code>beo</code>,2,0.0008757
152,cristendom,<code>cristendom</code>,2,0.0008757
152,cristene,<code>cristene</code>,2,0.0008757
152,cristes,<code>cristes</code>,2,0.0008757
152,cunne,<code>cunne</code>,2,0.0008757
152,cwe&eth;ende,<code>cwe&amp;d;ende</code>,2,0.0008757
152,cwylmia&eth;,<code>cwylmia&amp;d;</code>,2,0.0008757
152,d&aelig;da,<code>d&amp;ae;da</code>,2,0.0008757
152,deofla,<code>deofla</code>,2,0.0008757
152,deofle,<code>deofle</code>,2,0.0008757
152,deofolgild,<code>deofolgild</code>,2,0.0008757
152,derigendlic,<code>derigendlic</code>,2,0.0008757
152,do&eth;,<code>do&amp;d;</code>,2,0.0008757
152,ecan,<code>ecan</code>,2,0.0008757
152,ehtnysse,<code>ehtnysse</code>,2,0.0008757
152,ende,<code>ende</code>,2,0.0008757
152,f&aelig;ste,<code>f&amp;ae;ste</code>,2,0.0008757
152,fara&eth;,<code>fara&amp;d;</code>,2,0.0008757
152,forbeode,<code>forbeode</code>,2,0.0008757
152,forbugan,<code>forbugan</code>,2,0.0008757
152,fore,<code>fore</code>,2,0.0008757
152,forgeaf,<code>forgeaf</code>,2,0.0008757
152,forgifan,<code>forgifan</code>,2,0.0008757
152,forligr,<code>forligr</code>,2,0.0008757
152,forsih&eth;,<code>forsih&amp;d;</code>,2,0.0008757
152,fratres,<code>fratres</code>,2,0.0008757
152,fugel,<code>fugel</code>,2,0.0008757
152,fultumes,<code>fultumes</code>,2,0.0008757
152,fyre,<code>fyre</code>,2,0.0008757
152,gaste,<code>gaste</code>,2,0.0008757
152,ge&eth;afode,<code>ge&amp;d;afode</code>,2,0.0008757
152,gecw&aelig;man,<code>gecw&amp;ae;man</code>,2,0.0008757
152,gesceadwisnysse,<code>gesceadwisnysse</code>,2,0.0008757
152,gesundfulnysse,<code>gesundfulnysse</code>,2,0.0008757
152,gewyrhtum,<code>gewyrhtum</code>,2,0.0008757
152,gife,<code>gife</code>,2,0.0008757
152,h&aelig;f&eth;,<code>h&amp;ae;f&amp;d;</code>,2,0.0008757
152,h&aelig;lend,<code>h&amp;ae;lend</code>,2,0.0008757
152,habba&eth;,<code>habba&amp;d;</code>,2,0.0008757
152,helle,<code>helle</code>,2,0.0008757
152,hl&aelig;fdige,<code>hl&amp;ae;fdige</code>,2,0.0008757
152,hw&aelig;&eth;er,<code>hw&amp;ae;&amp;d;er</code>,2,0.0008757
152,into,<code>into</code>,2,0.0008757
152,l&aelig;r&eth;,<code>l&amp;ae;r&amp;d;</code>,2,0.0008757
152,leahtras,<code>leahtras</code>,2,0.0008757
152,lichama,<code>lichama</code>,2,0.0008757
152,life,<code>life</code>,2,0.0008757
152,lufe,<code>lufe</code>,2,0.0008757
152,lufia&eth;,<code>lufia&amp;d;</code>,2,0.0008757
152,lustum,<code>lustum</code>,2,0.0008757
152,m&aelig;ge,<code>m&amp;ae;ge</code>,2,0.0008757
152,magon,<code>magon</code>,2,0.0008757
152,manega,<code>manega</code>,2,0.0008757
152,manna,<code>manna</code>,2,0.0008757
152,manode,<code>manode</code>,2,0.0008757
152,n&aelig;re,<code>n&amp;ae;re</code>,2,0.0008757
152,nella&eth;,<code>nella&amp;d;</code>,2,0.0008757
152,non,<code>non</code>,2,0.0008757
152,o&eth;rum,<code>o&amp;d;rum</code>,2,0.0008757
152,oft,<code>oft</code>,2,0.0008757
152,orf,<code>orf</code>,2,0.0008757
152,pistole,<code>pistole</code>,2,0.0008757
152,s&aelig;,<code>s&amp;ae;</code>,2,0.0008757
152,s&aelig;de,<code>s&amp;ae;de</code>,2,0.0008757
152,sawl,<code>sawl</code>,2,0.0008757
152,sawle,<code>sawle</code>,2,0.0008757
152,sceandlican,<code>sceandlican</code>,2,0.0008757
152,sceoccan,<code>sceoccan</code>,2,0.0008757
152,sceolon,<code>sceolon</code>,2,0.0008757
152,scyppend,<code>scyppend</code>,2,0.0008757
152,scyppendes,<code>scyppendes</code>,2,0.0008757
152,secga&eth;,<code>secga&amp;d;</code>,2,0.0008757
152,so&eth;um,<code>so&amp;d;um</code>,2,0.0008757
152,sona,<code>sona</code>,2,0.0008757
152,stowe,<code>stowe</code>,2,0.0008757
152,sumere,<code>sumere</code>,2,0.0008757
152,swynum,<code>swynum</code>,2,0.0008757
152,sylfum,<code>sylfum</code>,2,0.0008757
152,twam,<code>twam</code>,2,0.0008757
152,unnyt,<code>unnyt</code>,2,0.0008757
152,unrihtwisan,<code>unrihtwisan</code>,2,0.0008757
152,wear&eth;,<code>wear&amp;d;</code>,2,0.0008757
152,weorc,<code>weorc</code>,2,0.0008757
152,wif,<code>wif</code>,2,0.0008757
152,wiglunga,<code>wiglunga</code>,2,0.0008757
152,willa&eth;,<code>willa&amp;d;</code>,2,0.0008757
152,willan,<code>willan</code>,2,0.0008757
152,winna&eth;,<code>winna&amp;d;</code>,2,0.0008757
152,wolde,<code>wolde</code>,2,0.0008757
152,wylne,<code>wylne</code>,2,0.0008757
152,wyrca&eth;,<code>wyrca&amp;d;</code>,2,0.0008757
152,yfelnysse,<code>yfelnysse</code>,2,0.0008757
152,yfelum,<code>yfelum</code>,2,0.0008757
261,&aelig;fter,<code>&amp;ae;fter</code>,1,0.0004378
261,&aelig;g&eth;er,<code>&amp;ae;g&amp;d;er</code>,1,0.0004378
261,&aelig;lc,<code>&amp;ae;lc</code>,1,0.0004378
261,&aelig;lcere,<code>&amp;ae;lcere</code>,1,0.0004378
261,&aelig;lcne,<code>&amp;ae;lcne</code>,1,0.0004378
261,&aelig;lmihtig,<code>&amp;ae;lmihtig</code>,1,0.0004378
261,&aelig;lmyssan,<code>&amp;ae;lmyssan</code>,1,0.0004378
261,&aelig;lmyssum,<code>&amp;ae;lmyssum</code>,1,0.0004378
261,&aelig;nig,<code>&amp;ae;nig</code>,1,0.0004378
261,&aelig;nigre,<code>&amp;ae;nigre</code>,1,0.0004378
261,&aelig;nigum,<code>&amp;ae;nigum</code>,1,0.0004378
261,&aelig;r&eth;am,<code>&amp;ae;r&amp;d;am</code>,1,0.0004378
261,&aelig;rendgewrit,<code>&amp;ae;rendgewrit</code>,1,0.0004378
261,&aelig;tsomne,<code>&amp;ae;tsomne</code>,1,0.0004378
261,&aelig;ttrig,<code>&amp;ae;ttrig</code>,1,0.0004378
261,&eth;&aelig;ne,<code>&amp;d;&amp;ae;ne</code>,1,0.0004378
261,&eth;&aelig;r,<code>&amp;d;&amp;ae;r</code>,1,0.0004378
261,&eth;&aelig;ra,<code>&amp;d;&amp;ae;ra</code>,1,0.0004378
261,&eth;&aelig;t,<code>&amp;d;&amp;ae;t</code>,1,0.0004378
261,&eth;afunge,<code>&amp;d;afunge</code>,1,0.0004378
261,&eth;an,<code>&amp;d;an</code>,1,0.0004378
261,&eth;eawum,<code>&amp;d;eawum</code>,1,0.0004378
261,&eth;eoda,<code>&amp;d;eoda</code>,1,0.0004378
261,&eth;eofas,<code>&amp;d;eofas</code>,1,0.0004378
261,&eth;eowas,<code>&amp;d;eowas</code>,1,0.0004378
261,&eth;incge,<code>&amp;d;incge</code>,1,0.0004378
261,&eth;inge,<code>&amp;d;inge</code>,1,0.0004378
261,&eth;olmod,<code>&amp;d;olmod</code>,1,0.0004378
261,&eth;rowian,<code>&amp;d;rowian</code>,1,0.0004378
261,&eth;urh,<code>&amp;d;urh</code>,1,0.0004378
261,&eth;urhwuna&eth;,<code>&amp;d;urhwuna&amp;d;</code>,1,0.0004378
261,&eth;wyrlican,<code>&amp;d;wyrlican</code>,1,0.0004378
261,&eth;ysre,<code>&amp;d;ysre</code>,1,0.0004378
261,&lbar;,<code>&amp;lbar;</code>,1,0.0004378
261,&thorn;ancia&eth;,<code>&amp;t;ancia&amp;d;</code>,1,0.0004378
261,&thorn;ancige,<code>&amp;t;ancige</code>,1,0.0004378
261,&thorn;eah&eth;e,<code>&amp;t;eah&amp;d;e</code>,1,0.0004378
261,&thorn;earf,<code>&amp;t;earf</code>,1,0.0004378
261,&thorn;earle,<code>&amp;t;earle</code>,1,0.0004378
261,&thorn;enian,<code>&amp;t;enian</code>,1,0.0004378
261,&thorn;eowdome,<code>&amp;t;eowdome</code>,1,0.0004378
261,&thorn;eowe,<code>&amp;t;eowe</code>,1,0.0004378
261,&thorn;eowia&eth;,<code>&amp;t;eowia&amp;d;</code>,1,0.0004378
261,&thorn;eowte,<code>&amp;t;eowte</code>,1,0.0004378
261,&thorn;incg,<code>&amp;t;incg</code>,1,0.0004378
261,&thorn;ingum,<code>&amp;t;ingum</code>,1,0.0004378
261,&thorn;rea&eth;,<code>&amp;t;rea&amp;d;</code>,1,0.0004378
261,&thorn;us,<code>&amp;t;us</code>,1,0.0004378
261,&thorn;wyrlice,<code>&amp;t;wyrlice</code>,1,0.0004378
261,&thorn;ys,<code>&amp;t;ys</code>,1,0.0004378
261,&thorn;ysum,<code>&amp;t;ysum</code>,1,0.0004378
261,abiddan,<code>abiddan</code>,1,0.0004378
261,ablende,<code>ablende</code>,1,0.0004378
261,abugan,<code>abugan</code>,1,0.0004378
261,acenned,<code>acenned</code>,1,0.0004378
261,acennede,<code>acennede</code>,1,0.0004378
261,acennednysse,<code>acennednysse</code>,1,0.0004378
261,acwella&eth;,<code>acwella&amp;d;</code>,1,0.0004378
261,acwellan,<code>acwellan</code>,1,0.0004378
261,adr&aelig;f&eth;,<code>adr&amp;ae;f&amp;d;</code>,1,0.0004378
261,adr&aelig;fde,<code>adr&amp;ae;fde</code>,1,0.0004378
261,adranc,<code>adranc</code>,1,0.0004378
261,adruncon,<code>adruncon</code>,1,0.0004378
261,adulteri,<code>adulteri</code>,1,0.0004378
261,adydan,<code>adydan</code>,1,0.0004378
261,afanda&eth;,<code>afanda&amp;d;</code>,1,0.0004378
261,afandian,<code>afandian</code>,1,0.0004378
261,afeormode,<code>afeormode</code>,1,0.0004378
261,aflian,<code>aflian</code>,1,0.0004378
261,ag&aelig;&eth;,<code>ag&amp;ae;&amp;d;</code>,1,0.0004378
261,agenum,<code>agenum</code>,1,0.0004378
261,agustinus,<code>agustinus</code>,1,0.0004378
261,agyldan,<code>agyldan</code>,1,0.0004378
261,ahreddan,<code>ahreddan</code>,1,0.0004378
261,alyfed,<code>alyfed</code>,1,0.0004378
261,alyse,<code>alyse</code>,1,0.0004378
261,ambulate,<code>ambulate</code>,1,0.0004378
261,ameldod,<code>ameldod</code>,1,0.0004378
261,amen,<code>amen</code>,1,0.0004378
261,amyrran,<code>amyrran</code>,1,0.0004378
261,ana,<code>ana</code>,1,0.0004378
261,anda,<code>anda</code>,1,0.0004378
261,andan,<code>andan</code>,1,0.0004378
261,ands&aelig;tan,<code>ands&amp;ae;tan</code>,1,0.0004378
261,ands&aelig;te,<code>ands&amp;ae;te</code>,1,0.0004378
261,anwealde,<code>anwealde</code>,1,0.0004378
261,ardlice,<code>ardlice</code>,1,0.0004378
261,arf&aelig;stan,<code>arf&amp;ae;stan</code>,1,0.0004378
261,arleasa,<code>arleasa</code>,1,0.0004378
261,arleasra,<code>arleasra</code>,1,0.0004378
261,arleasum,<code>arleasum</code>,1,0.0004378
261,arwur&eth;ian,<code>arwur&amp;d;ian</code>,1,0.0004378
261,aspenda&eth;,<code>aspenda&amp;d;</code>,1,0.0004378
261,astyria&eth;,<code>astyria&amp;d;</code>,1,0.0004378
261,asw&aelig;man,<code>asw&amp;ae;man</code>,1,0.0004378
261,auari,<code>auari</code>,1,0.0004378
261,auguriis,<code>auguriis</code>,1,0.0004378
261,aweddan,<code>aweddan</code>,1,0.0004378
261,awyrigedum,<code>awyrigedum</code>,1,0.0004378
261,axie,<code>axie</code>,1,0.0004378
261,b&aelig;don,<code>b&amp;ae;don</code>,1,0.0004378
261,bearn,<code>bearn</code>,1,0.0004378
261,bebead,<code>bebead</code>,1,0.0004378
261,bebod,<code>bebod</code>,1,0.0004378
261,bec,<code>bec</code>,1,0.0004378
261,becym&eth;,<code>becym&amp;d;</code>,1,0.0004378
261,befrinan,<code>befrinan</code>,1,0.0004378
261,befyl&eth;,<code>befyl&amp;d;</code>,1,0.0004378
261,befyl&thorn;,<code>befyl&amp;t;</code>,1,0.0004378
261,begita&eth;,<code>begita&amp;d;</code>,1,0.0004378
261,behet,<code>behet</code>,1,0.0004378
261,behofa&eth;,<code>behofa&amp;d;</code>,1,0.0004378
261,besettan,<code>besettan</code>,1,0.0004378
261,bet&aelig;ca&eth;,<code>bet&amp;ae;ca&amp;d;</code>,1,0.0004378
261,betweonan,<code>betweonan</code>,1,0.0004378
261,betwux,<code>betwux</code>,1,0.0004378
261,bewitan,<code>bewitan</code>,1,0.0004378
261,bidda&eth;,<code>bidda&amp;d;</code>,1,0.0004378
261,bisceop,<code>bisceop</code>,1,0.0004378
261,bitt,<code>bitt</code>,1,0.0004378
261,bletsige,<code>bletsige</code>,1,0.0004378
261,bletsunge,<code>bletsunge</code>,1,0.0004378
261,bli&eth;e,<code>bli&amp;d;e</code>,1,0.0004378
261,blysse,<code>blysse</code>,1,0.0004378
261,blyssia&eth;,<code>blyssia&amp;d;</code>,1,0.0004378
261,bocum,<code>bocum</code>,1,0.0004378
261,bonum,<code>bonum</code>,1,0.0004378
261,bote,<code>bote</code>,1,0.0004378
261,bringa&eth;,<code>bringa&amp;d;</code>,1,0.0004378
261,brosnigendlic,<code>brosnigendlic</code>,1,0.0004378
261,brywlace,<code>brywlace</code>,1,0.0004378
261,buh,<code>buh</code>,1,0.0004378
261,buta,<code>buta</code>,1,0.0004378
261,buton,<code>buton</code>,1,0.0004378
261,bysmorfullum,<code>bysmorfullum</code>,1,0.0004378
261,bysmorlice,<code>bysmorlice</code>,1,0.0004378
261,bysmrigende,<code>bysmrigende</code>,1,0.0004378
261,calic,<code>calic</code>,1,0.0004378
261,campian,<code>campian</code>,1,0.0004378
261,carfulnysse,<code>carfulnysse</code>,1,0.0004378
261,carnis,<code>carnis</code>,1,0.0004378
261,cempan,<code>cempan</code>,1,0.0004378
261,ceorunge,<code>ceorunge</code>,1,0.0004378
261,ceowa&eth;,<code>ceowa&amp;d;</code>,1,0.0004378
261,cepan,<code>cepan</code>,1,0.0004378
261,cetera,<code>cetera</code>,1,0.0004378
261,cl&aelig;nnysse,<code>cl&amp;ae;nnysse</code>,1,0.0004378
261,clypian,<code>clypian</code>,1,0.0004378
261,clypige,<code>clypige</code>,1,0.0004378
261,costnunga,<code>costnunga</code>,1,0.0004378
261,cr&aelig;ft,<code>cr&amp;ae;ft</code>,1,0.0004378
261,cr&aelig;fte,<code>cr&amp;ae;fte</code>,1,0.0004378
261,credan,<code>credan</code>,1,0.0004378
261,crist,<code>crist</code>,1,0.0004378
261,cristen,<code>cristen</code>,1,0.0004378
261,cristena,<code>cristena</code>,1,0.0004378
261,cristenan,<code>cristenan</code>,1,0.0004378
261,cu&eth;e,<code>cu&amp;d;e</code>,1,0.0004378
261,cu&eth;lice,<code>cu&amp;d;lice</code>,1,0.0004378
261,cuppan,<code>cuppan</code>,1,0.0004378
261,cwe&eth;e,<code>cwe&amp;d;e</code>,1,0.0004378
261,cwealmb&aelig;rum,<code>cwealmb&amp;ae;rum</code>,1,0.0004378
261,cwy&eth;,<code>cwy&amp;d;</code>,1,0.0004378
261,cym&eth;,<code>cym&amp;d;</code>,1,0.0004378
261,cynincge,<code>cynincge</code>,1,0.0004378
261,cyre,<code>cyre</code>,1,0.0004378
261,d&aelig;dbote,<code>d&amp;ae;dbote</code>,1,0.0004378
261,d&aelig;dum,<code>d&amp;ae;dum</code>,1,0.0004378
261,d&aelig;ge,<code>d&amp;ae;ge</code>,1,0.0004378
261,d&aelig;lan,<code>d&amp;ae;lan</code>,1,0.0004378
261,dagas,<code>dagas</code>,1,0.0004378
261,dagum,<code>dagum</code>,1,0.0004378
261,dauid,<code>dauid</code>,1,0.0004378
261,de,<code>de</code>,1,0.0004378
261,de&eth;,<code>de&amp;d;</code>,1,0.0004378
261,deada,<code>deada</code>,1,0.0004378
261,deadlic,<code>deadlic</code>,1,0.0004378
261,declina,<code>declina</code>,1,0.0004378
261,deman,<code>deman</code>,1,0.0004378
261,deme,<code>deme</code>,1,0.0004378
261,deoflu,<code>deoflu</code>,1,0.0004378
261,deoflum,<code>deoflum</code>,1,0.0004378
261,deofollicum,<code>deofollicum</code>,1,0.0004378
261,deopan,<code>deopan</code>,1,0.0004378
261,desideria,<code>desideria</code>,1,0.0004378
261,die,<code>die</code>,1,0.0004378
261,dihte,<code>dihte</code>,1,0.0004378
261,do,<code>do</code>,1,0.0004378
261,drec&eth;,<code>drec&amp;d;</code>,1,0.0004378
261,drencas,<code>drencas</code>,1,0.0004378
261,drifa&eth;,<code>drifa&amp;d;</code>,1,0.0004378
261,drincan,<code>drincan</code>,1,0.0004378
261,drinceras,<code>drinceras</code>,1,0.0004378
261,drohtnunga,<code>drohtnunga</code>,1,0.0004378
261,druncennyss,<code>druncennyss</code>,1,0.0004378
261,druncennysse,<code>druncennysse</code>,1,0.0004378
261,dry,<code>dry</code>,1,0.0004378
261,drycr&aelig;ft,<code>drycr&amp;ae;ft</code>,1,0.0004378
261,drycr&aelig;fte,<code>drycr&amp;ae;fte</code>,1,0.0004378
261,dryhten,<code>dryhten</code>,1,0.0004378
261,drymen,<code>drymen</code>,1,0.0004378
261,dumbe,<code>dumbe</code>,1,0.0004378
261,dw&aelig;smenn,<code>dw&amp;ae;smenn</code>,1,0.0004378
261,dwelian,<code>dwelian</code>,1,0.0004378
261,dwollic,<code>dwollic</code>,1,0.0004378
261,dydrunga,<code>dydrunga</code>,1,0.0004378
261,ea&eth;elice,<code>ea&amp;d;elice</code>,1,0.0004378
261,eadigum,<code>eadigum</code>,1,0.0004378
261,eadmodlice,<code>eadmodlice</code>,1,0.0004378
261,ealla,<code>ealla</code>,1,0.0004378
261,ealwealdend,<code>ealwealdend</code>,1,0.0004378
261,earmum,<code>earmum</code>,1,0.0004378
261,ebriosi,<code>ebriosi</code>,1,0.0004378
261,ece,<code>ece</code>,1,0.0004378
261,ecum,<code>ecum</code>,1,0.0004378
261,edlean,<code>edlean</code>,1,0.0004378
261,egeslic,<code>egeslic</code>,1,0.0004378
261,egeslicum,<code>egeslicum</code>,1,0.0004378
261,endeleaslic,<code>endeleaslic</code>,1,0.0004378
261,englum,<code>englum</code>,1,0.0004378
261,eor&eth;an,<code>eor&amp;d;an</code>,1,0.0004378
261,eor&eth;f&aelig;stum,<code>eor&amp;d;f&amp;ae;stum</code>,1,0.0004378
261,eower,<code>eower</code>,1,0.0004378
261,eowres,<code>eowres</code>,1,0.0004378
261,errare,<code>errare</code>,1,0.0004378
261,estfulnyss,<code>estfulnyss</code>,1,0.0004378
261,f&aelig;derlicre,<code>f&amp;ae;derlicre</code>,1,0.0004378
261,f&aelig;r&eth;,<code>f&amp;ae;r&amp;d;</code>,1,0.0004378
261,fac,<code>fac</code>,1,0.0004378
261,fandunge,<code>fandunge</code>,1,0.0004378
261,fare,<code>fare</code>,1,0.0004378
261,feondlicra,<code>feondlicra</code>,1,0.0004378
261,feondr&aelig;den,<code>feondr&amp;ae;den</code>,1,0.0004378
261,feower,<code>feower</code>,1,0.0004378
261,ferde,<code>ferde</code>,1,0.0004378
261,fleon,<code>fleon</code>,1,0.0004378
261,flyh&eth;,<code>flyh&amp;d;</code>,1,0.0004378
261,fnorum,<code>fnorum</code>,1,0.0004378
261,folce,<code>folce</code>,1,0.0004378
261,folgeras,<code>folgeras</code>,1,0.0004378
261,folgodon,<code>folgodon</code>,1,0.0004378
261,for&eth;,<code>for&amp;d;</code>,1,0.0004378
261,for&thorn;an,<code>for&amp;t;an</code>,1,0.0004378
261,forbera&eth;,<code>forbera&amp;d;</code>,1,0.0004378
261,forcu&eth;,<code>forcu&amp;d;</code>,1,0.0004378
261,forde&eth;,<code>forde&amp;d;</code>,1,0.0004378
261,fordemed,<code>fordemed</code>,1,0.0004378
261,fordo&eth;,<code>fordo&amp;d;</code>,1,0.0004378
261,fordone,<code>fordone</code>,1,0.0004378
261,foresceawige,<code>foresceawige</code>,1,0.0004378
261,forfara&eth;,<code>forfara&amp;d;</code>,1,0.0004378
261,forferdon,<code>forferdon</code>,1,0.0004378
261,forgylt,<code>forgylt</code>,1,0.0004378
261,forh&aelig;fednysse,<code>forh&amp;ae;fednysse</code>,1,0.0004378
261,forhogian,<code>forhogian</code>,1,0.0004378
261,forl&aelig;rdon,<code>forl&amp;ae;rdon</code>,1,0.0004378
261,forl&aelig;tan,<code>forl&amp;ae;tan</code>,1,0.0004378
261,forl&aelig;te,<code>forl&amp;ae;te</code>,1,0.0004378
261,forloren,<code>forloren</code>,1,0.0004378
261,forlys&eth;,<code>forlys&amp;d;</code>,1,0.0004378
261,fornicarii,<code>fornicarii</code>,1,0.0004378
261,foroft,<code>foroft</code>,1,0.0004378
261,forscyldegodum,<code>forscyldegodum</code>,1,0.0004378
261,forseo,<code>forseo</code>,1,0.0004378
261,forseo&eth;,<code>forseo&amp;d;</code>,1,0.0004378
261,forwyrn&eth;,<code>forwyrn&amp;d;</code>,1,0.0004378
261,fr&aelig;cednyssum,<code>fr&amp;ae;cednyssum</code>,1,0.0004378
261,fracodum,<code>fracodum</code>,1,0.0004378
261,frecednysse,<code>frecednysse</code>,1,0.0004378
261,frig,<code>frig</code>,1,0.0004378
261,fruman,<code>fruman</code>,1,0.0004378
261,fugelum,<code>fugelum</code>,1,0.0004378
261,fulan,<code>fulan</code>,1,0.0004378
261,fultume,<code>fultume</code>,1,0.0004378
261,fures,<code>fures</code>,1,0.0004378
261,galdras,<code>galdras</code>,1,0.0004378
261,galnyss,<code>galnyss</code>,1,0.0004378
261,gan,<code>gan</code>,1,0.0004378
261,gastes,<code>gastes</code>,1,0.0004378
261,gastlican,<code>gastlican</code>,1,0.0004378
261,gastlicre,<code>gastlicre</code>,1,0.0004378
261,ge&aelig;ttrode,<code>ge&amp;ae;ttrode</code>,1,0.0004378
261,ge&eth;afa&eth;,<code>ge&amp;d;afa&amp;d;</code>,1,0.0004378
261,ge&eth;yldig,<code>ge&amp;d;yldig</code>,1,0.0004378
261,ge&eth;yldige,<code>ge&amp;d;yldige</code>,1,0.0004378
261,ge&thorn;afunge,<code>ge&amp;t;afunge</code>,1,0.0004378
261,gearwur&eth;ode,<code>gearwur&amp;d;ode</code>,1,0.0004378
261,gebedu,<code>gebedu</code>,1,0.0004378
261,gebetan,<code>gebetan</code>,1,0.0004378
261,gebete,<code>gebete</code>,1,0.0004378
261,gebigde,<code>gebigde</code>,1,0.0004378
261,gebletsian,<code>gebletsian</code>,1,0.0004378
261,gebringa&eth;,<code>gebringa&amp;d;</code>,1,0.0004378
261,gebuge,<code>gebuge</code>,1,0.0004378
261,gecwem&eth;,<code>gecwem&amp;d;</code>,1,0.0004378
261,gecyrre,<code>gecyrre</code>,1,0.0004378
261,gedafna&eth;,<code>gedafna&amp;d;</code>,1,0.0004378
261,gedafnode,<code>gedafnode</code>,1,0.0004378
261,geendunge,<code>geendunge</code>,1,0.0004378
261,gefadod,<code>gefadod</code>,1,0.0004378
261,geflit,<code>geflit</code>,1,0.0004378
261,gefremme,<code>gefremme</code>,1,0.0004378
261,gegret,<code>gegret</code>,1,0.0004378
261,gehalgode,<code>gehalgode</code>,1,0.0004378
261,gehelpan,<code>gehelpan</code>,1,0.0004378
261,gehende,<code>gehende</code>,1,0.0004378
261,gehwa,<code>gehwa</code>,1,0.0004378
261,gel&aelig;dde,<code>gel&amp;ae;dde</code>,1,0.0004378
261,gel&aelig;de,<code>gel&amp;ae;de</code>,1,0.0004378
261,gel&aelig;rede,<code>gel&amp;ae;rede</code>,1,0.0004378
261,gel&aelig;tum,<code>gel&amp;ae;tum</code>,1,0.0004378
261,geleaffulle,<code>geleaffulle</code>,1,0.0004378
261,gelic,<code>gelic</code>,1,0.0004378
261,gelice,<code>gelice</code>,1,0.0004378
261,gelimpan,<code>gelimpan</code>,1,0.0004378
261,gelome,<code>gelome</code>,1,0.0004378
261,gelyf&eth;,<code>gelyf&amp;d;</code>,1,0.0004378
261,gelyfa&eth;,<code>gelyfa&amp;d;</code>,1,0.0004378
261,gemetf&aelig;stnysse,<code>gemetf&amp;ae;stnysse</code>,1,0.0004378
261,genyrwed,<code>genyrwed</code>,1,0.0004378
261,geoffrige,<code>geoffrige</code>,1,0.0004378
261,geond,<code>geond</code>,1,0.0004378
261,gerade,<code>gerade</code>,1,0.0004378
261,gerihtwisode,<code>gerihtwisode</code>,1,0.0004378
261,gerist,<code>gerist</code>,1,0.0004378
261,gescead,<code>gescead</code>,1,0.0004378
261,gesceaft,<code>gesceaft</code>,1,0.0004378
261,gesceapan,<code>gesceapan</code>,1,0.0004378
261,gesceapen,<code>gesceapen</code>,1,0.0004378
261,gescyldnysse,<code>gescyldnysse</code>,1,0.0004378
261,geset,<code>geset</code>,1,0.0004378
261,gesett,<code>gesett</code>,1,0.0004378
261,gesibsum,<code>gesibsum</code>,1,0.0004378
261,gesih&eth;,<code>gesih&amp;d;</code>,1,0.0004378
261,gesih&thorn;,<code>gesih&amp;t;</code>,1,0.0004378
261,gestyrod,<code>gestyrod</code>,1,0.0004378
261,geswencan,<code>geswencan</code>,1,0.0004378
261,geswence,<code>geswence</code>,1,0.0004378
261,geswencte,<code>geswencte</code>,1,0.0004378
261,geswican,<code>geswican</code>,1,0.0004378
261,geswutela&eth;,<code>geswutela&amp;d;</code>,1,0.0004378
261,getima&eth;,<code>getima&amp;d;</code>,1,0.0004378
261,gewilnungum,<code>gewilnungum</code>,1,0.0004378
261,gewin&eth;,<code>gewin&amp;d;</code>,1,0.0004378
261,gewinne,<code>gewinne</code>,1,0.0004378
261,gewissige,<code>gewissige</code>,1,0.0004378
261,gewitlease,<code>gewitlease</code>,1,0.0004378
261,gewitleaste,<code>gewitleaste</code>,1,0.0004378
261,gewitna&eth;,<code>gewitna&amp;d;</code>,1,0.0004378
261,geworhtum,<code>geworhtum</code>,1,0.0004378
261,gewyldan,<code>gewyldan</code>,1,0.0004378
261,gewylde,<code>gewylde</code>,1,0.0004378
261,gewylt,<code>gewylt</code>,1,0.0004378
261,gifu,<code>gifu</code>,1,0.0004378
261,git,<code>git</code>,1,0.0004378
261,gl&aelig;d,<code>gl&amp;ae;d</code>,1,0.0004378
261,gladian,<code>gladian</code>,1,0.0004378
261,godan,<code>godan</code>,1,0.0004378
261,godnyss,<code>godnyss</code>,1,0.0004378
261,godnysse,<code>godnysse</code>,1,0.0004378
261,godspelle,<code>godspelle</code>,1,0.0004378
261,gramlican,<code>gramlican</code>,1,0.0004378
261,gremigenne,<code>gremigenne</code>,1,0.0004378
261,grin,<code>grin</code>,1,0.0004378
261,gymeleaste,<code>gymeleaste</code>,1,0.0004378
261,gytseras,<code>gytseras</code>,1,0.0004378
261,h&aelig;&eth;en,<code>h&amp;ae;&amp;d;en</code>,1,0.0004378
261,h&aelig;&eth;engild,<code>h&amp;ae;&amp;d;engild</code>,1,0.0004378
261,h&aelig;&eth;engildum,<code>h&amp;ae;&amp;d;engildum</code>,1,0.0004378
261,h&aelig;&eth;engyld,<code>h&amp;ae;&amp;d;engyld</code>,1,0.0004378
261,h&aelig;&eth;enscype,<code>h&amp;ae;&amp;d;enscype</code>,1,0.0004378
261,h&aelig;&eth;enum,<code>h&amp;ae;&amp;d;enum</code>,1,0.0004378
261,h&aelig;le,<code>h&amp;ae;le</code>,1,0.0004378
261,h&aelig;lendes,<code>h&amp;ae;lendes</code>,1,0.0004378
261,h&aelig;se,<code>h&amp;ae;se</code>,1,0.0004378
261,h&aelig;sum,<code>h&amp;ae;sum</code>,1,0.0004378
261,h&aelig;tsan,<code>h&amp;ae;tsan</code>,1,0.0004378
261,habbon,<code>habbon</code>,1,0.0004378
261,halige,<code>halige</code>,1,0.0004378
261,handum,<code>handum</code>,1,0.0004378
261,healda&eth;,<code>healda&amp;d;</code>,1,0.0004378
261,hellican,<code>hellican</code>,1,0.0004378
261,heofonum,<code>heofonum</code>,1,0.0004378
261,heord,<code>heord</code>,1,0.0004378
261,heortan,<code>heortan</code>,1,0.0004378
261,higeleaste,<code>higeleaste</code>,1,0.0004378
261,hiht,<code>hiht</code>,1,0.0004378
261,hinder,<code>hinder</code>,1,0.0004378
261,hire,<code>hire</code>,1,0.0004378
261,hl&aelig;fdian,<code>hl&amp;ae;fdian</code>,1,0.0004378
261,hlafordum,<code>hlafordum</code>,1,0.0004378
261,hleota&eth;,<code>hleota&amp;d;</code>,1,0.0004378
261,hleotan,<code>hleotan</code>,1,0.0004378
261,hnescan,<code>hnescan</code>,1,0.0004378
261,horsum,<code>horsum</code>,1,0.0004378
261,hundum,<code>hundum</code>,1,0.0004378
261,huse,<code>huse</code>,1,0.0004378
261,hw&aelig;s,<code>hw&amp;ae;s</code>,1,0.0004378
261,hwa,<code>hwa</code>,1,0.0004378
261,hwi,<code>hwi</code>,1,0.0004378
261,hwider,<code>hwider</code>,1,0.0004378
261,hwilcum,<code>hwilcum</code>,1,0.0004378
261,hwylcum,<code>hwylcum</code>,1,0.0004378
261,hyre,<code>hyre</code>,1,0.0004378
261,iamnes,<code>iamnes</code>,1,0.0004378
261,idolis,<code>idolis</code>,1,0.0004378
261,in,<code>in</code>,1,0.0004378
261,intingum,<code>intingum</code>,1,0.0004378
261,l&aelig;cedom,<code>l&amp;ae;cedom</code>,1,0.0004378
261,la&eth;lice,<code>la&amp;d;lice</code>,1,0.0004378
261,lac,<code>lac</code>,1,0.0004378
261,laetania,<code>laetania</code>,1,0.0004378
261,lange,<code>lange</code>,1,0.0004378
261,langsum,<code>langsum</code>,1,0.0004378
261,lar,<code>lar</code>,1,0.0004378
261,lare,<code>lare</code>,1,0.0004378
261,lareow,<code>lareow</code>,1,0.0004378
261,leahtrum,<code>leahtrum</code>,1,0.0004378
261,leasbr&aelig;dnysse,<code>leasbr&amp;ae;dnysse</code>,1,0.0004378
261,leofestan,<code>leofestan</code>,1,0.0004378
261,lichamena,<code>lichamena</code>,1,0.0004378
261,lifigendan,<code>lifigendan</code>,1,0.0004378
261,lige,<code>lige</code>,1,0.0004378
261,loca,<code>loca</code>,1,0.0004378
261,lof,<code>lof</code>,1,0.0004378
261,losa&eth;,<code>losa&amp;d;</code>,1,0.0004378
261,lotwrencum,<code>lotwrencum</code>,1,0.0004378
261,lufige,<code>lufige</code>,1,0.0004378
261,lustas,<code>lustas</code>,1,0.0004378
261,lybba&eth;,<code>lybba&amp;d;</code>,1,0.0004378
261,lytla,<code>lytla</code>,1,0.0004378
261,mage,<code>mage</code>,1,0.0004378
261,maiore,<code>maiore</code>,1,0.0004378
261,maledici,<code>maledici</code>,1,0.0004378
261,malo,<code>malo</code>,1,0.0004378
261,mambres,<code>mambres</code>,1,0.0004378
261,man&eth;w&aelig;rnysse,<code>man&amp;d;w&amp;ae;rnysse</code>,1,0.0004378
261,manfulla,<code>manfulla</code>,1,0.0004378
261,mansliht,<code>mansliht</code>,1,0.0004378
261,maran,<code>maran</code>,1,0.0004378
261,me,<code>me</code>,1,0.0004378
261,mede,<code>mede</code>,1,0.0004378
261,menniscum,<code>menniscum</code>,1,0.0004378
261,mihte,<code>mihte</code>,1,0.0004378
261,minre,<code>minre</code>,1,0.0004378
261,misd&aelig;dum,<code>misd&amp;ae;dum</code>,1,0.0004378
261,misfaran,<code>misfaran</code>,1,0.0004378
261,modes,<code>modes</code>,1,0.0004378
261,modor,<code>modor</code>,1,0.0004378
261,molles,<code>molles</code>,1,0.0004378
261,mor&eth;,<code>mor&amp;d;</code>,1,0.0004378
261,moste,<code>moste</code>,1,0.0004378
261,moston,<code>moston</code>,1,0.0004378
261,moyses,<code>moyses</code>,1,0.0004378
261,mu&eth;,<code>mu&amp;d;</code>,1,0.0004378
261,mu&eth;e,<code>mu&amp;d;e</code>,1,0.0004378
261,munda,<code>munda</code>,1,0.0004378
261,mycele,<code>mycele</code>,1,0.0004378
261,na&eth;or,<code>na&amp;d;or</code>,1,0.0004378
261,naman,<code>naman</code>,1,0.0004378
261,nane,<code>nane</code>,1,0.0004378
261,nanre,<code>nanre</code>,1,0.0004378
261,nele,<code>nele</code>,1,0.0004378
261,nelle,<code>nelle</code>,1,0.0004378
261,ni&eth;,<code>ni&amp;d;</code>,1,0.0004378
261,nim&eth;,<code>nim&amp;d;</code>,1,0.0004378
261,nolite,<code>nolite</code>,1,0.0004378
261,nyt,<code>nyt</code>,1,0.0004378
261,o&eth;&eth;&aelig;t,<code>o&amp;d;&amp;d;&amp;ae;t</code>,1,0.0004378
261,o&eth;er,<code>o&amp;d;er</code>,1,0.0004378
261,o&eth;erne,<code>o&amp;d;erne</code>,1,0.0004378
261,oferfyll,<code>oferfyll</code>,1,0.0004378
261,oferswi&eth;ed,<code>oferswi&amp;d;ed</code>,1,0.0004378
261,onbugan,<code>onbugan</code>,1,0.0004378
261,ondr&aelig;dan,<code>ondr&amp;ae;dan</code>,1,0.0004378
261,onfon,<code>onfon</code>,1,0.0004378
261,onginna&eth;,<code>onginna&amp;d;</code>,1,0.0004378
261,orsorh,<code>orsorh</code>,1,0.0004378
261,paternoster,<code>paternoster</code>,1,0.0004378
261,perficietis,<code>perficietis</code>,1,0.0004378
261,petre,<code>petre</code>,1,0.0004378
261,pharao,<code>pharao</code>,1,0.0004378
261,possidebunt,<code>possidebunt</code>,1,0.0004378
261,r&aelig;da&eth;,<code>r&amp;ae;da&amp;d;</code>,1,0.0004378
261,racu,<code>racu</code>,1,0.0004378
261,rapaces,<code>rapaces</code>,1,0.0004378
261,re&eth;a,<code>re&amp;d;a</code>,1,0.0004378
261,re&eth;an,<code>re&amp;d;an</code>,1,0.0004378
261,reaferas,<code>reaferas</code>,1,0.0004378
261,receleasan,<code>receleasan</code>,1,0.0004378
261,regnum,<code>regnum</code>,1,0.0004378
261,ricum,<code>ricum</code>,1,0.0004378
261,rihtwisa,<code>rihtwisa</code>,1,0.0004378
261,rihtwisan,<code>rihtwisan</code>,1,0.0004378
261,rihtwise,<code>rihtwise</code>,1,0.0004378
261,rihtwisum,<code>rihtwisum</code>,1,0.0004378
261,rode,<code>rode</code>,1,0.0004378
261,rodetacne,<code>rodetacne</code>,1,0.0004378
261,s&aelig;don,<code>s&amp;ae;don</code>,1,0.0004378
261,sacu,<code>sacu</code>,1,0.0004378
261,samod,<code>samod</code>,1,0.0004378
261,sawla,<code>sawla</code>,1,0.0004378
261,sceama&eth;,<code>sceama&amp;d;</code>,1,0.0004378
261,sceandas,<code>sceandas</code>,1,0.0004378
261,sceoccena,<code>sceoccena</code>,1,0.0004378
261,sceola,<code>sceola</code>,1,0.0004378
261,sceole,<code>sceole</code>,1,0.0004378
261,sceortan,<code>sceortan</code>,1,0.0004378
261,scincr&aelig;ftas,<code>scincr&amp;ae;ftas</code>,1,0.0004378
261,scinendum,<code>scinendum</code>,1,0.0004378
261,scylde,<code>scylde</code>,1,0.0004378
261,scyppende,<code>scyppende</code>,1,0.0004378
261,se&eth;e,<code>se&amp;d;e</code>,1,0.0004378
261,se&thorn;e,<code>se&amp;t;e</code>,1,0.0004378
261,sealde,<code>sealde</code>,1,0.0004378
261,seca&eth;,<code>seca&amp;d;</code>,1,0.0004378
261,sece,<code>sece</code>,1,0.0004378
261,secenne,<code>secenne</code>,1,0.0004378
261,secgan,<code>secgan</code>,1,0.0004378
261,secgenne,<code>secgenne</code>,1,0.0004378
261,selran,<code>selran</code>,1,0.0004378
261,seofan,<code>seofan</code>,1,0.0004378
261,seota,<code>seota</code>,1,0.0004378
261,sermo,<code>sermo</code>,1,0.0004378
261,seruientes,<code>seruientes</code>,1,0.0004378
261,si&eth;ia&eth;,<code>si&amp;d;ia&amp;d;</code>,1,0.0004378
261,si&eth;ian,<code>si&amp;d;ian</code>,1,0.0004378
261,si&eth;ige,<code>si&amp;d;ige</code>,1,0.0004378
261,sigebeacn,<code>sigebeacn</code>,1,0.0004378
261,sigef&aelig;ste,<code>sigef&amp;ae;ste</code>,1,0.0004378
261,simle,<code>simle</code>,1,0.0004378
261,singe,<code>singe</code>,1,0.0004378
261,snotera,<code>snotera</code>,1,0.0004378
261,so&eth;,<code>so&amp;d;</code>,1,0.0004378
261,so&eth;f&aelig;stan,<code>so&amp;d;f&amp;ae;stan</code>,1,0.0004378
261,spiritu,<code>spiritu</code>,1,0.0004378
261,stan,<code>stan</code>,1,0.0004378
261,stane,<code>stane</code>,1,0.0004378
261,steor,<code>steor</code>,1,0.0004378
261,steora,<code>steora</code>,1,0.0004378
261,sti&eth;an,<code>sti&amp;d;an</code>,1,0.0004378
261,sti&eth;nysse,<code>sti&amp;d;nysse</code>,1,0.0004378
261,strangum,<code>strangum</code>,1,0.0004378
261,stuntlice,<code>stuntlice</code>,1,0.0004378
261,stuntnyssum,<code>stuntnyssum</code>,1,0.0004378
261,styr&eth;,<code>styr&amp;d;</code>,1,0.0004378
261,styrunge,<code>styrunge</code>,1,0.0004378
261,sumne,<code>sumne</code>,1,0.0004378
261,swi&eth;e,<code>swi&amp;d;e</code>,1,0.0004378
261,swicola,<code>swicola</code>,1,0.0004378
261,swin,<code>swin</code>,1,0.0004378
261,swina,<code>swina</code>,1,0.0004378
261,swinc&eth;,<code>swinc&amp;d;</code>,1,0.0004378
261,swinca&eth;,<code>swinca&amp;d;</code>,1,0.0004378
261,swutele,<code>swutele</code>,1,0.0004378
261,swy&eth;or,<code>swy&amp;d;or</code>,1,0.0004378
261,swy&thorn;e,<code>swy&amp;t;e</code>,1,0.0004378
261,sy,<code>sy</code>,1,0.0004378
261,sylf,<code>sylf</code>,1,0.0004378
261,symon,<code>symon</code>,1,0.0004378
261,syndon,<code>syndon</code>,1,0.0004378
261,syrwunga,<code>syrwunga</code>,1,0.0004378
261,t&aelig;c&eth;,<code>t&amp;ae;c&amp;d;</code>,1,0.0004378
261,t&aelig;ca&eth;,<code>t&amp;ae;ca&amp;d;</code>,1,0.0004378
261,teo&eth;,<code>teo&amp;d;</code>,1,0.0004378
261,tilunga,<code>tilunga</code>,1,0.0004378
261,timan,<code>timan</code>,1,0.0004378
261,tintregum,<code>tintregum</code>,1,0.0004378
261,tob&aelig;rst,<code>tob&amp;ae;rst</code>,1,0.0004378
261,togeanes,<code>togeanes</code>,1,0.0004378
261,toweardan,<code>toweardan</code>,1,0.0004378
261,treow,<code>treow</code>,1,0.0004378
261,treowum,<code>treowum</code>,1,0.0004378
261,twa,<code>twa</code>,1,0.0004378
261,twir&aelig;dnyss,<code>twir&amp;ae;dnyss</code>,1,0.0004378
261,tyddernysse,<code>tyddernysse</code>,1,0.0004378
261,un&eth;ances,<code>un&amp;d;ances</code>,1,0.0004378
261,unadw&aelig;scendlicum,<code>unadw&amp;ae;scendlicum</code>,1,0.0004378
261,unateorigendlic,<code>unateorigendlic</code>,1,0.0004378
261,uncl&aelig;nnyss,<code>uncl&amp;ae;nnyss</code>,1,0.0004378
261,under,<code>under</code>,1,0.0004378
261,under&eth;eodd,<code>under&amp;d;eodd</code>,1,0.0004378
261,under&thorn;eoddum,<code>under&amp;t;eoddum</code>,1,0.0004378
261,understandan,<code>understandan</code>,1,0.0004378
261,ungesewenlica,<code>ungesewenlica</code>,1,0.0004378
261,unlybban,<code>unlybban</code>,1,0.0004378
261,unrihth&aelig;meras,<code>unrihth&amp;ae;meras</code>,1,0.0004378
261,unrihtlic,<code>unrihtlic</code>,1,0.0004378
261,unrihtwisum,<code>unrihtwisum</code>,1,0.0004378
261,unwise,<code>unwise</code>,1,0.0004378
261,urne,<code>urne</code>,1,0.0004378
261,urnon,<code>urnon</code>,1,0.0004378
261,w&aelig;lhreow,<code>w&amp;ae;lhreow</code>,1,0.0004378
261,w&aelig;lhreowa,<code>w&amp;ae;lhreowa</code>,1,0.0004378
261,w&aelig;ron,<code>w&amp;ae;ron</code>,1,0.0004378
261,w&aelig;stmas,<code>w&amp;ae;stmas</code>,1,0.0004378
261,wa,<code>wa</code>,1,0.0004378
261,wacmod,<code>wacmod</code>,1,0.0004378
261,wada&eth;,<code>wada&amp;d;</code>,1,0.0004378
261,wadunge,<code>wadunge</code>,1,0.0004378
261,wan,<code>wan</code>,1,0.0004378
261,warnige,<code>warnige</code>,1,0.0004378
261,warnode,<code>warnode</code>,1,0.0004378
261,wawan,<code>wawan</code>,1,0.0004378
261,wega,<code>wega</code>,1,0.0004378
261,wel,<code>wel</code>,1,0.0004378
261,wen,<code>wen</code>,1,0.0004378
261,wi&eth;err&aelig;de,<code>wi&amp;d;err&amp;ae;de</code>,1,0.0004378
261,wi&eth;ersaca,<code>wi&amp;d;ersaca</code>,1,0.0004378
261,wi&eth;standan,<code>wi&amp;d;standan</code>,1,0.0004378
261,wiccecr&aelig;ft,<code>wiccecr&amp;ae;ft</code>,1,0.0004378
261,wiccecr&aelig;fte,<code>wiccecr&amp;ae;fte</code>,1,0.0004378
261,wiccum,<code>wiccum</code>,1,0.0004378
261,wife,<code>wife</code>,1,0.0004378
261,wifunge,<code>wifunge</code>,1,0.0004378
261,wiglere,<code>wiglere</code>,1,0.0004378
261,wiglung,<code>wiglung</code>,1,0.0004378
261,wiglunge,<code>wiglunge</code>,1,0.0004378
261,wiglungum,<code>wiglungum</code>,1,0.0004378
261,wisan,<code>wisan</code>,1,0.0004378
261,wissan,<code>wissan</code>,1,0.0004378
261,wissigend,<code>wissigend</code>,1,0.0004378
261,wissung,<code>wissung</code>,1,0.0004378
261,witnunge,<code>witnunge</code>,1,0.0004378
261,witum,<code>witum</code>,1,0.0004378
261,wodum,<code>wodum</code>,1,0.0004378
261,wogerum,<code>wogerum</code>,1,0.0004378
261,wohnysse,<code>wohnysse</code>,1,0.0004378
261,wol,<code>wol</code>,1,0.0004378
261,wolice,<code>wolice</code>,1,0.0004378
261,wordum,<code>wordum</code>,1,0.0004378
261,woruld,<code>woruld</code>,1,0.0004378
261,woruld&eth;ingum,<code>woruld&amp;d;ingum</code>,1,0.0004378
261,wucan,<code>wucan</code>,1,0.0004378
261,wuldor,<code>wuldor</code>,1,0.0004378
261,wuldre,<code>wuldre</code>,1,0.0004378
261,wundrige,<code>wundrige</code>,1,0.0004378
261,wur&eth;e,<code>wur&amp;d;e</code>,1,0.0004378
261,wurmcynne,<code>wurmcynne</code>,1,0.0004378
261,wyln,<code>wyln</code>,1,0.0004378
261,wylspringum,<code>wylspringum</code>,1,0.0004378
261,wyrcenne,<code>wyrcenne</code>,1,0.0004378
261,wyrgendras,<code>wyrgendras</code>,1,0.0004378
261,wyrigunge,<code>wyrigunge</code>,1,0.0004378
261,wyrrestan,<code>wyrrestan</code>,1,0.0004378
261,yfele,<code>yfele</code>,1,0.0004378
261,yfeles,<code>yfeles</code>,1,0.0004378
261,yfle,<code>yfle</code>,1,0.0004378
261,yrna&eth;,<code>yrna&amp;d;</code>,1,0.0004378
261,yrre,<code>yrre</code>,1,0.0004378
