B_Prose,B01,B01.003.005_AELS__Julian_and_Basilissa__T03050.txt,1162,799,3330
RANK,HTML WORD,RAW WORD,COUNT,RELATIVE FREQUENCY
1,and,<code>and</code>,167,0.0501502
2,&thorn;a,<code>&amp;t;a</code>,118,0.0354354
3,to,<code>to</code>,98,0.0294294
4,&thorn;&aelig;t,<code>&amp;t;&amp;ae;t</code>,76,0.0228228
5,his,<code>his</code>,72,0.0216216
6,mid,<code>mid</code>,64,0.0192192
7,&thorn;am,<code>&amp;t;am</code>,62,0.0186186
8,on,<code>on</code>,57,0.0171171
9,&thorn;e,<code>&amp;t;e</code>,56,0.0168168
10,hi,<code>hi</code>,55,0.0165165
11,se,<code>se</code>,53,0.0159159
12,he,<code>he</code>,41,0.0123123
13,ne,<code>ne</code>,30,0.0090090
14,swa,<code>swa</code>,28,0.0084084
15,het,<code>het</code>,27,0.0081081
16,iulianus,<code>iulianus</code>,26,0.0078078
17,&eth;a,<code>&amp;d;a</code>,24,0.0072072
18,ealle,<code>ealle</code>,23,0.0069069
18,him,<code>him</code>,23,0.0069069
20,cw&aelig;&eth;,<code>cw&amp;ae;&amp;d;</code>,22,0.0066066
21,&thorn;one,<code>&amp;t;one</code>,20,0.0060060
21,heora,<code>heora</code>,20,0.0060060
23,martianus,<code>martianus</code>,19,0.0057057
23,of,<code>of</code>,19,0.0057057
23,wear&eth;,<code>wear&amp;d;</code>,19,0.0057057
26,&thorn;urh,<code>&amp;t;urh</code>,18,0.0054054
27,&eth;am,<code>&amp;d;am</code>,17,0.0051051
27,ic,<code>ic</code>,17,0.0051051
29,&thorn;u,<code>&amp;t;u</code>,16,0.0048048
29,for,<code>for</code>,16,0.0048048
29,me,<code>me</code>,16,0.0048048
32,&thorn;&aelig;re,<code>&amp;t;&amp;ae;re</code>,15,0.0045045
32,&thorn;&aelig;s,<code>&amp;t;&amp;ae;s</code>,15,0.0045045
34,fram,<code>fram</code>,14,0.0042042
34,halgan,<code>halgan</code>,14,0.0042042
36,ac,<code>ac</code>,13,0.0039039
37,&thorn;&aelig;r,<code>&amp;t;&amp;ae;r</code>,12,0.0036036
37,god,<code>god</code>,12,0.0036036
37,w&aelig;s,<code>w&amp;ae;s</code>,12,0.0036036
37,we,<code>we</code>,12,0.0036036
41,hine,<code>hine</code>,11,0.0033033
41,is,<code>is</code>,11,0.0033033
41,sunu,<code>sunu</code>,11,0.0033033
41,wolde,<code>wolde</code>,11,0.0033033
45,&thorn;us,<code>&amp;t;us</code>,10,0.0030030
45,basilissa,<code>basilissa</code>,10,0.0030030
45,gif,<code>gif</code>,10,0.0030030
45,godes,<code>godes</code>,10,0.0030030
49,&aelig;fter,<code>&amp;ae;fter</code>,9,0.0027027
49,crist,<code>crist</code>,9,0.0027027
49,cwearterne,<code>cwearterne</code>,9,0.0027027
49,godum,<code>godum</code>,9,0.0027027
49,hu,<code>hu</code>,9,0.0027027
49,nu,<code>nu</code>,9,0.0027027
49,wurdon,<code>wurdon</code>,9,0.0027027
56,bi&eth;,<code>bi&amp;d;</code>,8,0.0024024
56,eac,<code>eac</code>,8,0.0024024
56,f&aelig;der,<code>f&amp;ae;der</code>,8,0.0024024
56,ge,<code>ge</code>,8,0.0024024
56,iulianum,<code>iulianum</code>,8,0.0024024
56,modor,<code>modor</code>,8,0.0024024
56,seo,<code>seo</code>,8,0.0024024
56,w&aelig;ron,<code>w&amp;ae;ron</code>,8,0.0024024
64,casere,<code>casere</code>,7,0.0021021
64,criste,<code>criste</code>,7,0.0021021
64,fyr,<code>fyr</code>,7,0.0021021
64,geleafan,<code>geleafan</code>,7,0.0021021
64,h&aelig;lend,<code>h&amp;ae;lend</code>,7,0.0021021
64,h&aelig;lende,<code>h&amp;ae;lende</code>,7,0.0021021
64,synd,<code>synd</code>,7,0.0021021
71,&aelig;r,<code>&amp;ae;r</code>,6,0.0018018
71,&thorn;is,<code>&amp;t;is</code>,6,0.0018018
71,binnan,<code>binnan</code>,6,0.0018018
71,cwellere,<code>cwellere</code>,6,0.0018018
71,drihten,<code>drihten</code>,6,0.0018018
71,eage,<code>eage</code>,6,0.0018018
71,eow,<code>eow</code>,6,0.0018018
71,gebro&eth;ra,<code>gebro&amp;d;ra</code>,6,0.0018018
71,gode,<code>gode</code>,6,0.0018018
71,hit,<code>hit</code>,6,0.0018018
71,into,<code>into</code>,6,0.0018018
71,life,<code>life</code>,6,0.0018018
71,man,<code>man</code>,6,0.0018018
71,nan,<code>nan</code>,6,0.0018018
71,s&aelig;de,<code>s&amp;ae;de</code>,6,0.0018018
71,so&eth;lice,<code>so&amp;d;lice</code>,6,0.0018018
87,&thorn;&aelig;ra,<code>&amp;t;&amp;ae;ra</code>,5,0.0015015
87,be,<code>be</code>,5,0.0015015
87,byrig,<code>byrig</code>,5,0.0015015
87,coman,<code>coman</code>,5,0.0015015
87,dema,<code>dema</code>,5,0.0015015
87,deman,<code>deman</code>,5,0.0015015
87,eala,<code>eala</code>,5,0.0015015
87,ehtnysse,<code>ehtnysse</code>,5,0.0015015
87,gel&aelig;dan,<code>gel&amp;ae;dan</code>,5,0.0015015
87,halgum,<code>halgum</code>,5,0.0015015
87,heo,<code>heo</code>,5,0.0015015
87,hw&aelig;t,<code>hw&amp;ae;t</code>,5,0.0015015
87,iuliane,<code>iuliane</code>,5,0.0015015
87,manega,<code>manega</code>,5,0.0015015
87,ofer,<code>ofer</code>,5,0.0015015
87,seofan,<code>seofan</code>,5,0.0015015
87,sona,<code>sona</code>,5,0.0015015
87,us,<code>us</code>,5,0.0015015
105,&aelig;fre,<code>&amp;ae;fre</code>,4,0.0012012
105,&eth;u,<code>&amp;d;u</code>,4,0.0012012
105,&thorn;as,<code>&amp;t;as</code>,4,0.0012012
105,&thorn;inre,<code>&amp;t;inre</code>,4,0.0012012
105,&thorn;inum,<code>&amp;t;inum</code>,4,0.0012012
105,&thorn;isne,<code>&amp;t;isne</code>,4,0.0012012
105,ar&aelig;rde,<code>ar&amp;ae;rde</code>,4,0.0012012
105,beo,<code>beo</code>,4,0.0012012
105,beon,<code>beon</code>,4,0.0012012
105,clypode,<code>clypode</code>,4,0.0012012
105,com,<code>com</code>,4,0.0012012
105,cristes,<code>cristes</code>,4,0.0012012
105,eall,<code>eall</code>,4,0.0012012
105,eallum,<code>eallum</code>,4,0.0012012
105,eft,<code>eft</code>,4,0.0012012
105,et,<code>et</code>,4,0.0012012
105,fyre,<code>fyre</code>,4,0.0012012
105,godas,<code>godas</code>,4,0.0012012
105,h&aelig;fde,<code>h&amp;ae;fde</code>,4,0.0012012
105,hyre,<code>hyre</code>,4,0.0012012
105,m&aelig;den,<code>m&amp;ae;den</code>,4,0.0012012
105,menn,<code>menn</code>,4,0.0012012
105,mihte,<code>mihte</code>,4,0.0012012
105,minum,<code>minum</code>,4,0.0012012
105,mycclum,<code>mycclum</code>,4,0.0012012
105,mycel,<code>mycel</code>,4,0.0012012
105,samod,<code>samod</code>,4,0.0012012
105,sume,<code>sume</code>,4,0.0012012
105,temple,<code>temple</code>,4,0.0012012
105,ure,<code>ure</code>,4,0.0012012
135,&aelig;nig,<code>&amp;ae;nig</code>,3,0.0009009
135,&eth;&aelig;re,<code>&amp;d;&amp;ae;re</code>,3,0.0009009
135,&thorn;eah,<code>&amp;t;eah</code>,3,0.0009009
135,&thorn;earle,<code>&amp;t;earle</code>,3,0.0009009
135,&thorn;es,<code>&amp;t;es</code>,3,0.0009009
135,&thorn;ine,<code>&amp;t;ine</code>,3,0.0009009
135,&thorn;ysum,<code>&amp;t;ysum</code>,3,0.0009009
135,anes,<code>anes</code>,3,0.0009009
135,arleasan,<code>arleasan</code>,3,0.0009009
135,asende,<code>asende</code>,3,0.0009009
135,b&aelig;d,<code>b&amp;ae;d</code>,3,0.0009009
135,beheafdian,<code>beheafdian</code>,3,0.0009009
135,blisse,<code>blisse</code>,3,0.0009009
135,br&aelig;&eth;,<code>br&amp;ae;&amp;d;</code>,3,0.0009009
135,butan,<code>butan</code>,3,0.0009009
135,cempan,<code>cempan</code>,3,0.0009009
135,cl&aelig;nan,<code>cl&amp;ae;nan</code>,3,0.0009009
135,cl&aelig;nnysse,<code>cl&amp;ae;nnysse</code>,3,0.0009009
135,cniht,<code>cniht</code>,3,0.0009009
135,deadan,<code>deadan</code>,3,0.0009009
135,drycr&aelig;ft,<code>drycr&amp;ae;ft</code>,3,0.0009009
135,eode,<code>eode</code>,3,0.0009009
135,eowrum,<code>eowrum</code>,3,0.0009009
135,forbernan,<code>forbernan</code>,3,0.0009009
135,gebringan,<code>gebringan</code>,3,0.0009009
135,gebundene,<code>gebundene</code>,3,0.0009009
135,geferum,<code>geferum</code>,3,0.0009009
135,gehaten,<code>gehaten</code>,3,0.0009009
135,geseah,<code>geseah</code>,3,0.0009009
135,graman,<code>graman</code>,3,0.0009009
135,h&aelig;lendes,<code>h&amp;ae;lendes</code>,3,0.0009009
135,heofonum,<code>heofonum</code>,3,0.0009009
135,heold,<code>heold</code>,3,0.0009009
135,huse,<code>huse</code>,3,0.0009009
135,lare,<code>lare</code>,3,0.0009009
135,leofan,<code>leofan</code>,3,0.0009009
135,leoht,<code>leoht</code>,3,0.0009009
135,lic,<code>lic</code>,3,0.0009009
135,lufe,<code>lufe</code>,3,0.0009009
135,m&aelig;dene,<code>m&amp;ae;dene</code>,3,0.0009009
135,m&aelig;g&eth;hade,<code>m&amp;ae;g&amp;d;hade</code>,3,0.0009009
135,manfulla,<code>manfulla</code>,3,0.0009009
135,manfullan,<code>manfullan</code>,3,0.0009009
135,mannum,<code>mannum</code>,3,0.0009009
135,martiane,<code>martiane</code>,3,0.0009009
135,men,<code>men</code>,3,0.0009009
135,min,<code>min</code>,3,0.0009009
135,mode,<code>mode</code>,3,0.0009009
135,n&aelig;fre,<code>n&amp;ae;fre</code>,3,0.0009009
135,naman,<code>naman</code>,3,0.0009009
135,niht,<code>niht</code>,3,0.0009009
135,o&eth;re,<code>o&amp;d;re</code>,3,0.0009009
135,ontendnysse,<code>ontendnysse</code>,3,0.0009009
135,scean,<code>scean</code>,3,0.0009009
135,sceolde,<code>sceolde</code>,3,0.0009009
135,si&eth;&eth;an,<code>si&amp;d;&amp;d;an</code>,3,0.0009009
135,so&eth;an,<code>so&amp;d;an</code>,3,0.0009009
135,spr&aelig;ce,<code>spr&amp;ae;ce</code>,3,0.0009009
135,sum,<code>sum</code>,3,0.0009009
135,suna,<code>suna</code>,3,0.0009009
135,swylce,<code>swylce</code>,3,0.0009009
135,templ,<code>templ</code>,3,0.0009009
135,tunnan,<code>tunnan</code>,3,0.0009009
135,wife,<code>wife</code>,3,0.0009009
135,wit,<code>wit</code>,3,0.0009009
135,wite,<code>wite</code>,3,0.0009009
135,witum,<code>witum</code>,3,0.0009009
135,worulde,<code>worulde</code>,3,0.0009009
135,wynsuman,<code>wynsuman</code>,3,0.0009009
204,&aelig;&eth;elan,<code>&amp;ae;&amp;d;elan</code>,2,0.0006006
204,&aelig;&eth;elboren,<code>&amp;ae;&amp;d;elboren</code>,2,0.0006006
204,&aelig;lcere,<code>&amp;ae;lcere</code>,2,0.0006006
204,&aelig;nne,<code>&amp;ae;nne</code>,2,0.0006006
204,&eth;one,<code>&amp;d;one</code>,2,0.0006006
204,&thorn;ancode,<code>&amp;t;ancode</code>,2,0.0006006
204,&thorn;eos,<code>&amp;t;eos</code>,2,0.0006006
204,&thorn;in,<code>&amp;t;in</code>,2,0.0006006
204,&thorn;ing,<code>&amp;t;ing</code>,2,0.0006006
204,&thorn;inne,<code>&amp;t;inne</code>,2,0.0006006
204,&thorn;isum,<code>&amp;t;isum</code>,2,0.0006006
204,&thorn;onne,<code>&amp;t;onne</code>,2,0.0006006
204,&thorn;rowian,<code>&amp;t;rowian</code>,2,0.0006006
204,&thorn;yssere,<code>&amp;t;yssere</code>,2,0.0006006
204,a,<code>a</code>,2,0.0006006
204,ablende,<code>ablende</code>,2,0.0006006
204,afylled,<code>afylled</code>,2,0.0006006
204,andwyrde,<code>andwyrde</code>,2,0.0006006
204,anlicnyssa,<code>anlicnyssa</code>,2,0.0006006
204,antiochian,<code>antiochian</code>,2,0.0006006
204,antonius,<code>antonius</code>,2,0.0006006
204,arleasa,<code>arleasa</code>,2,0.0006006
204,axode,<code>axode</code>,2,0.0006006
204,becom,<code>becom</code>,2,0.0006006
204,bedde,<code>bedde</code>,2,0.0006006
204,beo&eth;,<code>beo&amp;d;</code>,2,0.0006006
204,beran,<code>beran</code>,2,0.0006006
204,blindan,<code>blindan</code>,2,0.0006006
204,blindum,<code>blindum</code>,2,0.0006006
204,blyssia&eth;,<code>blyssia&amp;d;</code>,2,0.0006006
204,br&aelig;&eth;e,<code>br&amp;ae;&amp;d;e</code>,2,0.0006006
204,brydbed,<code>brydbed</code>,2,0.0006006
204,brydguman,<code>brydguman</code>,2,0.0006006
204,buton,<code>buton</code>,2,0.0006006
204,celsus,<code>celsus</code>,2,0.0006006
204,clypia&eth;,<code>clypia&amp;d;</code>,2,0.0006006
204,cnapa,<code>cnapa</code>,2,0.0006006
204,cnihte,<code>cnihte</code>,2,0.0006006
204,cristendom,<code>cristendom</code>,2,0.0006006
204,cristene,<code>cristene</code>,2,0.0006006
204,cristenum,<code>cristenum</code>,2,0.0006006
204,cunnian,<code>cunnian</code>,2,0.0006006
204,cwelleras,<code>cwelleras</code>,2,0.0006006
204,cynnes,<code>cynnes</code>,2,0.0006006
204,dea&eth;,<code>dea&amp;d;</code>,2,0.0006006
204,dea&eth;e,<code>dea&amp;d;e</code>,2,0.0006006
204,deofolgyldum,<code>deofolgyldum</code>,2,0.0006006
204,deor,<code>deor</code>,2,0.0006006
204,drihtnes,<code>drihtnes</code>,2,0.0006006
204,eagan,<code>eagan</code>,2,0.0006006
204,eart,<code>eart</code>,2,0.0006006
204,ece,<code>ece</code>,2,0.0006006
204,egypta,<code>egypta</code>,2,0.0006006
204,eoden,<code>eoden</code>,2,0.0006006
204,eor&eth;styrung,<code>eor&amp;d;styrung</code>,2,0.0006006
204,eower,<code>eower</code>,2,0.0006006
204,f&aelig;gnodon,<code>f&amp;ae;gnodon</code>,2,0.0006006
204,fela,<code>fela</code>,2,0.0006006
204,ferdon,<code>ferdon</code>,2,0.0006006
204,fet,<code>fet</code>,2,0.0006006
204,for&thorn;i,<code>for&amp;t;i</code>,2,0.0006006
204,fores&aelig;dan,<code>fores&amp;ae;dan</code>,2,0.0006006
204,foresceawode,<code>foresceawode</code>,2,0.0006006
204,fotum,<code>fotum</code>,2,0.0006006
204,fullice,<code>fullice</code>,2,0.0006006
204,geaxode,<code>geaxode</code>,2,0.0006006
204,geb&aelig;d,<code>geb&amp;ae;d</code>,2,0.0006006
204,geb&aelig;don,<code>geb&amp;ae;don</code>,2,0.0006006
204,gebigde,<code>gebigde</code>,2,0.0006006
204,gebro&eth;rum,<code>gebro&amp;d;rum</code>,2,0.0006006
204,gebrohte,<code>gebrohte</code>,2,0.0006006
204,gebyrde,<code>gebyrde</code>,2,0.0006006
204,geclypod,<code>geclypod</code>,2,0.0006006
204,gecoren,<code>gecoren</code>,2,0.0006006
204,gedon,<code>gedon</code>,2,0.0006006
204,gedwylde,<code>gedwylde</code>,2,0.0006006
204,gefeccan,<code>gefeccan</code>,2,0.0006006
204,gefullod,<code>gefullod</code>,2,0.0006006
204,gefullode,<code>gefullode</code>,2,0.0006006
204,gefyrn,<code>gefyrn</code>,2,0.0006006
204,geh&aelig;lan,<code>geh&amp;ae;lan</code>,2,0.0006006
204,geheolde,<code>geheolde</code>,2,0.0006006
204,gel&aelig;d,<code>gel&amp;ae;d</code>,2,0.0006006
204,gelamp,<code>gelamp</code>,2,0.0006006
204,gelyfde,<code>gelyfde</code>,2,0.0006006
204,gemacan,<code>gemacan</code>,2,0.0006006
204,geteald,<code>geteald</code>,2,0.0006006
204,gewat,<code>gewat</code>,2,0.0006006
204,gewita&eth;,<code>gewita&amp;d;</code>,2,0.0006006
204,gewytan,<code>gewytan</code>,2,0.0006006
204,goda,<code>goda</code>,2,0.0006006
204,h&aelig;&eth;enan,<code>h&amp;ae;&amp;d;enan</code>,2,0.0006006
204,h&aelig;&eth;ene,<code>h&amp;ae;&amp;d;ene</code>,2,0.0006006
204,halga,<code>halga</code>,2,0.0006006
204,halgena,<code>halgena</code>,2,0.0006006
204,handa,<code>handa</code>,2,0.0006006
204,heap,<code>heap</code>,2,0.0006006
204,heape,<code>heape</code>,2,0.0006006
204,heardheorta,<code>heardheorta</code>,2,0.0006006
204,helle,<code>helle</code>,2,0.0006006
204,heortan,<code>heortan</code>,2,0.0006006
204,herigende,<code>herigende</code>,2,0.0006006
204,hw&aelig;r,<code>hw&amp;ae;r</code>,2,0.0006006
204,hwanon,<code>hwanon</code>,2,0.0006006
204,hwi,<code>hwi</code>,2,0.0006006
204,in,<code>in</code>,2,0.0006006
204,iulianes,<code>iulianes</code>,2,0.0006006
204,kasere,<code>kasere</code>,2,0.0006006
204,lande,<code>lande</code>,2,0.0006006
204,langsum,<code>langsum</code>,2,0.0006006
204,lichaman,<code>lichaman</code>,2,0.0006006
204,m&aelig;ran,<code>m&amp;ae;ran</code>,2,0.0006006
204,magon,<code>magon</code>,2,0.0006006
204,manna,<code>manna</code>,2,0.0006006
204,mannes,<code>mannes</code>,2,0.0006006
204,marian,<code>marian</code>,2,0.0006006
204,martianes,<code>martianes</code>,2,0.0006006
204,meder,<code>meder</code>,2,0.0006006
204,middanearde,<code>middanearde</code>,2,0.0006006
204,minne,<code>minne</code>,2,0.0006006
204,minre,<code>minre</code>,2,0.0006006
204,moste,<code>moste</code>,2,0.0006006
204,mycelre,<code>mycelre</code>,2,0.0006006
204,n&aelig;nne,<code>n&amp;ae;nne</code>,2,0.0006006
204,naht,<code>naht</code>,2,0.0006006
204,nelle,<code>nelle</code>,2,0.0006006
204,o&eth;&eth;e,<code>o&amp;d;&amp;d;e</code>,2,0.0006006
204,o&eth;&thorn;&aelig;t,<code>o&amp;d;&amp;t;&amp;ae;t</code>,2,0.0006006
204,o&eth;rum,<code>o&amp;d;rum</code>,2,0.0006006
204,ofslagene,<code>ofslagene</code>,2,0.0006006
204,ongean,<code>ongean</code>,2,0.0006006
204,racenteagum,<code>racenteagum</code>,2,0.0006006
204,re&eth;an,<code>re&amp;d;an</code>,2,0.0006006
204,rice,<code>rice</code>,2,0.0006006
204,sarnysse,<code>sarnysse</code>,2,0.0006006
204,sende,<code>sende</code>,2,0.0006006
204,stow,<code>stow</code>,2,0.0006006
204,stowe,<code>stowe</code>,2,0.0006006
204,sweartan,<code>sweartan</code>,2,0.0006006
204,swi&eth;e,<code>swi&amp;d;e</code>,2,0.0006006
204,sy,<code>sy</code>,2,0.0006006
204,sylfe,<code>sylfe</code>,2,0.0006006
204,tobrytte,<code>tobrytte</code>,2,0.0006006
204,tosomne,<code>tosomne</code>,2,0.0006006
204,tunnum,<code>tunnum</code>,2,0.0006006
204,twegen,<code>twegen</code>,2,0.0006006
204,twentig,<code>twentig</code>,2,0.0006006
204,upp,<code>upp</code>,2,0.0006006
204,urne,<code>urne</code>,2,0.0006006
204,urum,<code>urum</code>,2,0.0006006
204,welhreowan,<code>welhreowan</code>,2,0.0006006
204,werode,<code>werode</code>,2,0.0006006
204,wi&eth;,<code>wi&amp;d;</code>,2,0.0006006
204,wi&eth;soce,<code>wi&amp;d;soce</code>,2,0.0006006
204,wif,<code>wif</code>,2,0.0006006
204,woldan,<code>woldan</code>,2,0.0006006
204,wuldre,<code>wuldre</code>,2,0.0006006
204,wyllan,<code>wyllan</code>,2,0.0006006
204,wylle,<code>wylle</code>,2,0.0006006
204,ylcan,<code>ylcan</code>,2,0.0006006
364,&aelig;&eth;elborennysse,<code>&amp;ae;&amp;d;elborennysse</code>,1,0.0003003
364,&aelig;&eth;ele,<code>&amp;ae;&amp;d;ele</code>,1,0.0003003
364,&aelig;&eth;elum,<code>&amp;ae;&amp;d;elum</code>,1,0.0003003
364,&aelig;&thorn;elan,<code>&amp;ae;&amp;t;elan</code>,1,0.0003003
364,&aelig;ft,<code>&amp;ae;ft</code>,1,0.0003003
364,&aelig;hta,<code>&amp;ae;hta</code>,1,0.0003003
364,&aelig;htnysse,<code>&amp;ae;htnysse</code>,1,0.0003003
364,&aelig;lmihtigan,<code>&amp;ae;lmihtigan</code>,1,0.0003003
364,&aelig;nde,<code>&amp;ae;nde</code>,1,0.0003003
364,&aelig;ngel,<code>&amp;ae;ngel</code>,1,0.0003003
364,&aelig;nglas,<code>&amp;ae;nglas</code>,1,0.0003003
364,&aelig;nige,<code>&amp;ae;nige</code>,1,0.0003003
364,&aelig;nigum,<code>&amp;ae;nigum</code>,1,0.0003003
364,&aelig;rendgewrit,<code>&amp;ae;rendgewrit</code>,1,0.0003003
364,&aelig;rendraca,<code>&amp;ae;rendraca</code>,1,0.0003003
364,&aelig;rest,<code>&amp;ae;rest</code>,1,0.0003003
364,&aelig;t,<code>&amp;ae;t</code>,1,0.0003003
364,&aelig;teowde,<code>&amp;ae;teowde</code>,1,0.0003003
364,&aelig;teowed,<code>&amp;ae;teowed</code>,1,0.0003003
364,&aelig;tstod,<code>&amp;ae;tstod</code>,1,0.0003003
364,&aelig;wfestum,<code>&amp;ae;wfestum</code>,1,0.0003003
364,&eth;an,<code>&amp;d;an</code>,1,0.0003003
364,&eth;e,<code>&amp;d;e</code>,1,0.0003003
364,&eth;egn,<code>&amp;d;egn</code>,1,0.0003003
364,&eth;ere,<code>&amp;d;ere</code>,1,0.0003003
364,&eth;inum,<code>&amp;d;inum</code>,1,0.0003003
364,&eth;rowodon,<code>&amp;d;rowodon</code>,1,0.0003003
364,&eth;ryttig,<code>&amp;d;ryttig</code>,1,0.0003003
364,&eth;urh,<code>&amp;d;urh</code>,1,0.0003003
364,&eth;us,<code>&amp;d;us</code>,1,0.0003003
364,&thorn;&aelig;rto,<code>&amp;t;&amp;ae;rto</code>,1,0.0003003
364,&thorn;agyt,<code>&amp;t;agyt</code>,1,0.0003003
364,&thorn;an,<code>&amp;t;an</code>,1,0.0003003
364,&thorn;anciende,<code>&amp;t;anciende</code>,1,0.0003003
364,&thorn;earfe,<code>&amp;t;earfe</code>,1,0.0003003
364,&thorn;enum,<code>&amp;t;enum</code>,1,0.0003003
364,&thorn;eonde,<code>&amp;t;eonde</code>,1,0.0003003
364,&thorn;ider,<code>&amp;t;ider</code>,1,0.0003003
364,&thorn;incge,<code>&amp;t;incge</code>,1,0.0003003
364,&thorn;ines,<code>&amp;t;ines</code>,1,0.0003003
364,&thorn;inra,<code>&amp;t;inra</code>,1,0.0003003
364,&thorn;ises,<code>&amp;t;ises</code>,1,0.0003003
364,&thorn;issere,<code>&amp;t;issere</code>,1,0.0003003
364,&thorn;reo,<code>&amp;t;reo</code>,1,0.0003003
364,&thorn;rowienne,<code>&amp;t;rowienne</code>,1,0.0003003
364,&thorn;rowige,<code>&amp;t;rowige</code>,1,0.0003003
364,&thorn;rymsetle,<code>&amp;t;rymsetle</code>,1,0.0003003
364,&thorn;unor,<code>&amp;t;unor</code>,1,0.0003003
364,&thorn;urfe,<code>&amp;t;urfe</code>,1,0.0003003
364,&thorn;urhwuna&eth;,<code>&amp;t;urhwuna&amp;d;</code>,1,0.0003003
364,&thorn;urhwunia&eth;,<code>&amp;t;urhwunia&amp;d;</code>,1,0.0003003
364,&thorn;urhwunian,<code>&amp;t;urhwunian</code>,1,0.0003003
364,&thorn;yder,<code>&amp;t;yder</code>,1,0.0003003
364,&thorn;yllice,<code>&amp;t;yllice</code>,1,0.0003003
364,&thorn;ystrum,<code>&amp;t;ystrum</code>,1,0.0003003
364,&thorn;ywrace,<code>&amp;t;ywrace</code>,1,0.0003003
364,abad,<code>abad</code>,1,0.0003003
364,ablend,<code>ablend</code>,1,0.0003003
364,ablendst,<code>ablendst</code>,1,0.0003003
364,acuman,<code>acuman</code>,1,0.0003003
364,acunnod,<code>acunnod</code>,1,0.0003003
364,acwealde,<code>acwealde</code>,1,0.0003003
364,ad,<code>ad</code>,1,0.0003003
364,adwescan,<code>adwescan</code>,1,0.0003003
364,adwesce,<code>adwesce</code>,1,0.0003003
364,adyd,<code>adyd</code>,1,0.0003003
364,agene,<code>agene</code>,1,0.0003003
364,agenre,<code>agenre</code>,1,0.0003003
364,agenum,<code>agenum</code>,1,0.0003003
364,agotene,<code>agotene</code>,1,0.0003003
364,agrafene,<code>agrafene</code>,1,0.0003003
364,ahredde,<code>ahredde</code>,1,0.0003003
364,aht,<code>aht</code>,1,0.0003003
364,aidlian,<code>aidlian</code>,1,0.0003003
364,alyfde,<code>alyfde</code>,1,0.0003003
364,amen,<code>amen</code>,1,0.0003003
364,amyrran,<code>amyrran</code>,1,0.0003003
364,ancennedan,<code>ancennedan</code>,1,0.0003003
364,andette,<code>andette</code>,1,0.0003003
364,andf&aelig;ncge,<code>andf&amp;ae;ncge</code>,1,0.0003003
364,ands&aelig;te,<code>ands&amp;ae;te</code>,1,0.0003003
364,andweardnysse,<code>andweardnysse</code>,1,0.0003003
364,andwerdan,<code>andwerdan</code>,1,0.0003003
364,angin,<code>angin</code>,1,0.0003003
364,angsumnysse,<code>angsumnysse</code>,1,0.0003003
364,anlicnysse,<code>anlicnysse</code>,1,0.0003003
364,anlicnyssum,<code>anlicnyssum</code>,1,0.0003003
364,anre,<code>anre</code>,1,0.0003003
364,ansunde,<code>ansunde</code>,1,0.0003003
364,ansundum,<code>ansundum</code>,1,0.0003003
364,anum,<code>anum</code>,1,0.0003003
364,anwilnys,<code>anwilnys</code>,1,0.0003003
364,aquam,<code>aquam</code>,1,0.0003003
364,ar&aelig;ran,<code>ar&amp;ae;ran</code>,1,0.0003003
364,ar&aelig;rdan,<code>ar&amp;ae;rdan</code>,1,0.0003003
364,aras,<code>aras</code>,1,0.0003003
364,are,<code>are</code>,1,0.0003003
364,arlease,<code>arlease</code>,1,0.0003003
364,arn,<code>arn</code>,1,0.0003003
364,arwur&eth;an,<code>arwur&amp;d;an</code>,1,0.0003003
364,asanc,<code>asanc</code>,1,0.0003003
364,ascyrian,<code>ascyrian</code>,1,0.0003003
364,asend,<code>asend</code>,1,0.0003003
364,astah,<code>astah</code>,1,0.0003003
364,astyrede,<code>astyrede</code>,1,0.0003003
364,atelices,<code>atelices</code>,1,0.0003003
364,ateon,<code>ateon</code>,1,0.0003003
364,awearp,<code>awearp</code>,1,0.0003003
364,aweg,<code>aweg</code>,1,0.0003003
364,awend,<code>awend</code>,1,0.0003003
364,awendest,<code>awendest</code>,1,0.0003003
364,awoc,<code>awoc</code>,1,0.0003003
364,awyrigedum,<code>awyrigedum</code>,1,0.0003003
364,b&aelig;de,<code>b&amp;ae;de</code>,1,0.0003003
364,b&aelig;rnette,<code>b&amp;ae;rnette</code>,1,0.0003003
364,b&aelig;ron,<code>b&amp;ae;ron</code>,1,0.0003003
364,b&aelig;rst,<code>b&amp;ae;rst</code>,1,0.0003003
364,barn,<code>barn</code>,1,0.0003003
364,basilissan,<code>basilissan</code>,1,0.0003003
364,basilisse,<code>basilisse</code>,1,0.0003003
364,be&thorn;ohtest,<code>be&amp;t;ohtest</code>,1,0.0003003
364,beames,<code>beames</code>,1,0.0003003
364,beatan,<code>beatan</code>,1,0.0003003
364,beateres,<code>beateres</code>,1,0.0003003
364,beaton,<code>beaton</code>,1,0.0003003
364,bebod,<code>bebod</code>,1,0.0003003
364,bebyrgde,<code>bebyrgde</code>,1,0.0003003
364,bec,<code>bec</code>,1,0.0003003
364,becuma&eth;,<code>becuma&amp;d;</code>,1,0.0003003
364,becume,<code>becume</code>,1,0.0003003
364,bed,<code>bed</code>,1,0.0003003
364,beda,<code>beda</code>,1,0.0003003
364,beeoden,<code>beeoden</code>,1,0.0003003
364,bef&aelig;st,<code>bef&amp;ae;st</code>,1,0.0003003
364,befran,<code>befran</code>,1,0.0003003
364,begeaten,<code>begeaten</code>,1,0.0003003
364,begunnon,<code>begunnon</code>,1,0.0003003
364,behate,<code>behate</code>,1,0.0003003
364,beheafdode,<code>beheafdode</code>,1,0.0003003
364,beheald,<code>beheald</code>,1,0.0003003
364,bel&aelig;fde,<code>bel&amp;ae;fde</code>,1,0.0003003
364,belecgan,<code>belecgan</code>,1,0.0003003
364,belifon,<code>belifon</code>,1,0.0003003
364,bem&aelig;nan,<code>bem&amp;ae;nan</code>,1,0.0003003
364,bendas,<code>bendas</code>,1,0.0003003
364,bendum,<code>bendum</code>,1,0.0003003
364,bene,<code>bene</code>,1,0.0003003
364,beorht,<code>beorht</code>,1,0.0003003
364,beorhta,<code>beorhta</code>,1,0.0003003
364,beorhtan,<code>beorhtan</code>,1,0.0003003
364,beorhtum,<code>beorhtum</code>,1,0.0003003
364,besincan,<code>besincan</code>,1,0.0003003
364,besmitene,<code>besmitene</code>,1,0.0003003
364,besuncon,<code>besuncon</code>,1,0.0003003
364,betwux,<code>betwux</code>,1,0.0003003
364,bewepa&thorn;,<code>bewepa&amp;t;</code>,1,0.0003003
364,bewepan,<code>bewepan</code>,1,0.0003003
364,bewindan,<code>bewindan</code>,1,0.0003003
364,bi&thorn;,<code>bi&amp;t;</code>,1,0.0003003
364,bicgan,<code>bicgan</code>,1,0.0003003
364,bidda&eth;,<code>bidda&amp;d;</code>,1,0.0003003
364,biddende,<code>biddende</code>,1,0.0003003
364,bigdon,<code>bigdon</code>,1,0.0003003
364,bigencgas,<code>bigencgas</code>,1,0.0003003
364,bigencge,<code>bigencge</code>,1,0.0003003
364,bigenge,<code>bigenge</code>,1,0.0003003
364,blinde,<code>blinde</code>,1,0.0003003
364,bly&eth;e,<code>bly&amp;d;e</code>,1,0.0003003
364,blysse,<code>blysse</code>,1,0.0003003
364,boc,<code>boc</code>,1,0.0003003
364,br&aelig;&thorn;es,<code>br&amp;ae;&amp;t;es</code>,1,0.0003003
364,bring&eth;,<code>bring&amp;d;</code>,1,0.0003003
364,bro&eth;or,<code>bro&amp;d;or</code>,1,0.0003003
364,brydbedde,<code>brydbedde</code>,1,0.0003003
364,bryde,<code>bryde</code>,1,0.0003003
364,burh,<code>burh</code>,1,0.0003003
364,butu,<code>butu</code>,1,0.0003003
364,byfode,<code>byfode</code>,1,0.0003003
364,byrnendum,<code>byrnendum</code>,1,0.0003003
364,bysmorfullan,<code>bysmorfullan</code>,1,0.0003003
364,bysmorfullum,<code>bysmorfullum</code>,1,0.0003003
364,bysne,<code>bysne</code>,1,0.0003003
364,caseres,<code>caseres</code>,1,0.0003003
364,celincge,<code>celincge</code>,1,0.0003003
364,celse,<code>celse</code>,1,0.0003003
364,cl&aelig;ne,<code>cl&amp;ae;ne</code>,1,0.0003003
364,cl&aelig;nlice,<code>cl&amp;ae;nlice</code>,1,0.0003003
364,cl&aelig;num,<code>cl&amp;ae;num</code>,1,0.0003003
364,clawa,<code>clawa</code>,1,0.0003003
364,clennisse,<code>clennisse</code>,1,0.0003003
364,clennysse,<code>clennysse</code>,1,0.0003003
364,clypigende,<code>clypigende</code>,1,0.0003003
364,clysincge,<code>clysincge</code>,1,0.0003003
364,cnapan,<code>cnapan</code>,1,0.0003003
364,cneowgebedum,<code>cneowgebedum</code>,1,0.0003003
364,cneowum,<code>cneowum</code>,1,0.0003003
364,cnihtas,<code>cnihtas</code>,1,0.0003003
364,cnihtes,<code>cnihtes</code>,1,0.0003003
364,come,<code>come</code>,1,0.0003003
364,confirma,<code>confirma</code>,1,0.0003003
364,costnunga,<code>costnunga</code>,1,0.0003003
364,cristallan,<code>cristallan</code>,1,0.0003003
364,cristen,<code>cristen</code>,1,0.0003003
364,cristena,<code>cristena</code>,1,0.0003003
364,cristenan,<code>cristenan</code>,1,0.0003003
364,crupon,<code>crupon</code>,1,0.0003003
364,cu&eth;,<code>cu&amp;d;</code>,1,0.0003003
364,cuce,<code>cuce</code>,1,0.0003003
364,cume,<code>cume</code>,1,0.0003003
364,cw&aelig;&eth;ende,<code>cw&amp;ae;&amp;d;ende</code>,1,0.0003003
364,cw&aelig;&thorn;,<code>cw&amp;ae;&amp;t;</code>,1,0.0003003
364,cw&aelig;don,<code>cw&amp;ae;don</code>,1,0.0003003
364,cw&aelig;llere,<code>cw&amp;ae;llere</code>,1,0.0003003
364,cwe&thorn;a&eth;,<code>cwe&amp;t;a&amp;d;</code>,1,0.0003003
364,cweartern,<code>cweartern</code>,1,0.0003003
364,cwide,<code>cwide</code>,1,0.0003003
364,cynehelmum,<code>cynehelmum</code>,1,0.0003003
364,cynne,<code>cynne</code>,1,0.0003003
364,cyrcan,<code>cyrcan</code>,1,0.0003003
364,cyw&eth;,<code>cyw&amp;d;</code>,1,0.0003003
364,d&aelig;da,<code>d&amp;ae;da</code>,1,0.0003003
364,d&aelig;dan,<code>d&amp;ae;dan</code>,1,0.0003003
364,d&aelig;ge,<code>d&amp;ae;ge</code>,1,0.0003003
364,d&aelig;ghwamlicre,<code>d&amp;ae;ghwamlicre</code>,1,0.0003003
364,d&aelig;l,<code>d&amp;ae;l</code>,1,0.0003003
364,d&aelig;lde,<code>d&amp;ae;lde</code>,1,0.0003003
364,dagum,<code>dagum</code>,1,0.0003003
364,deade,<code>deade</code>,1,0.0003003
364,deofla,<code>deofla</code>,1,0.0003003
364,deofles,<code>deofles</code>,1,0.0003003
364,deoflu,<code>deoflu</code>,1,0.0003003
364,deoflum,<code>deoflum</code>,1,0.0003003
364,deus,<code>deus</code>,1,0.0003003
364,dioclytianus,<code>dioclytianus</code>,1,0.0003003
364,do,<code>do</code>,1,0.0003003
364,domsetle,<code>domsetle</code>,1,0.0003003
364,don,<code>don</code>,1,0.0003003
364,dorston,<code>dorston</code>,1,0.0003003
364,dr&aelig;hton,<code>dr&amp;ae;hton</code>,1,0.0003003
364,dreorigan,<code>dreorigan</code>,1,0.0003003
364,dreorige,<code>dreorige</code>,1,0.0003003
364,drihtne,<code>drihtne</code>,1,0.0003003
364,dry,<code>dry</code>,1,0.0003003
364,dryhtnes,<code>dryhtnes</code>,1,0.0003003
364,dyde,<code>dyde</code>,1,0.0003003
364,dyntas,<code>dyntas</code>,1,0.0003003
364,eacan,<code>eacan</code>,1,0.0003003
364,eadig,<code>eadig</code>,1,0.0003003
364,eagum,<code>eagum</code>,1,0.0003003
364,eahteo&eth;an,<code>eahteo&amp;d;an</code>,1,0.0003003
364,eahtetyne,<code>eahtetyne</code>,1,0.0003003
364,eal,<code>eal</code>,1,0.0003003
364,ealla,<code>ealla</code>,1,0.0003003
364,ealra,<code>ealra</code>,1,0.0003003
364,ealre,<code>ealre</code>,1,0.0003003
364,earmes,<code>earmes</code>,1,0.0003003
364,ecere,<code>ecere</code>,1,0.0003003
364,ecnysse,<code>ecnysse</code>,1,0.0003003
364,edcucode,<code>edcucode</code>,1,0.0003003
364,eduxisti,<code>eduxisti</code>,1,0.0003003
364,efste,<code>efste</code>,1,0.0003003
364,egeslic,<code>egeslic</code>,1,0.0003003
364,egeslice,<code>egeslice</code>,1,0.0003003
364,egeslicum,<code>egeslicum</code>,1,0.0003003
364,egyptiscan,<code>egyptiscan</code>,1,0.0003003
364,ehteras,<code>ehteras</code>,1,0.0003003
364,ehtere,<code>ehtere</code>,1,0.0003003
364,ehtnys,<code>ehtnys</code>,1,0.0003003
364,eivs,<code>eivs</code>,1,0.0003003
364,endemes,<code>endemes</code>,1,0.0003003
364,englas,<code>englas</code>,1,0.0003003
364,entes,<code>entes</code>,1,0.0003003
364,eom,<code>eom</code>,1,0.0003003
364,eor&eth;e,<code>eor&amp;d;e</code>,1,0.0003003
364,eowre,<code>eowre</code>,1,0.0003003
364,es,<code>es</code>,1,0.0003003
364,f&aelig;&eth;ma,<code>f&amp;ae;&amp;d;ma</code>,1,0.0003003
364,f&aelig;deras,<code>f&amp;ae;deras</code>,1,0.0003003
364,f&aelig;gernys,<code>f&amp;ae;gernys</code>,1,0.0003003
364,f&aelig;gre,<code>f&amp;ae;gre</code>,1,0.0003003
364,f&aelig;la,<code>f&amp;ae;la</code>,1,0.0003003
364,fara&eth;,<code>fara&amp;d;</code>,1,0.0003003
364,feawum,<code>feawum</code>,1,0.0003003
364,femnan,<code>femnan</code>,1,0.0003003
364,feollon,<code>feollon</code>,1,0.0003003
364,feond,<code>feond</code>,1,0.0003003
364,feower,<code>feower</code>,1,0.0003003
364,fleah,<code>fleah</code>,1,0.0003003
364,flexe,<code>flexe</code>,1,0.0003003
364,flugon,<code>flugon</code>,1,0.0003003
364,folces,<code>folces</code>,1,0.0003003
364,folgia&eth;,<code>folgia&amp;d;</code>,1,0.0003003
364,folgodon,<code>folgodon</code>,1,0.0003003
364,for&eth;an,<code>for&amp;d;an</code>,1,0.0003003
364,for&eth;i,<code>for&amp;d;i</code>,1,0.0003003
364,for&thorn;an,<code>for&amp;t;an</code>,1,0.0003003
364,forb&aelig;ron,<code>forb&amp;ae;ron</code>,1,0.0003003
364,forbarn,<code>forbarn</code>,1,0.0003003
364,forburne,<code>forburne</code>,1,0.0003003
364,forburnen,<code>forburnen</code>,1,0.0003003
364,fordemede,<code>fordemede</code>,1,0.0003003
364,fores&aelig;da,<code>fores&amp;ae;da</code>,1,0.0003003
364,fores&aelig;de,<code>fores&amp;ae;de</code>,1,0.0003003
364,forestopon,<code>forestopon</code>,1,0.0003003
364,forferdon,<code>forferdon</code>,1,0.0003003
364,forht,<code>forht</code>,1,0.0003003
364,forl&aelig;t,<code>forl&amp;ae;t</code>,1,0.0003003
364,forleosa,<code>forleosa</code>,1,0.0003003
364,fornumen,<code>fornumen</code>,1,0.0003003
364,fornumene,<code>fornumene</code>,1,0.0003003
364,forsih&eth;,<code>forsih&amp;d;</code>,1,0.0003003
364,forsihst,<code>forsihst</code>,1,0.0003003
364,forwear&eth;,<code>forwear&amp;d;</code>,1,0.0003003
364,forwur&eth;an,<code>forwur&amp;d;an</code>,1,0.0003003
364,forwyrned,<code>forwyrned</code>,1,0.0003003
364,frema&eth;,<code>frema&amp;d;</code>,1,0.0003003
364,freondum,<code>freondum</code>,1,0.0003003
364,frofer,<code>frofer</code>,1,0.0003003
364,frynd,<code>frynd</code>,1,0.0003003
364,ful,<code>ful</code>,1,0.0003003
364,fullienne,<code>fullienne</code>,1,0.0003003
364,fundon,<code>fundon</code>,1,0.0003003
364,g&aelig;lsan,<code>g&amp;ae;lsan</code>,1,0.0003003
364,g&aelig;ra,<code>g&amp;ae;ra</code>,1,0.0003003
364,gan,<code>gan</code>,1,0.0003003
364,gang,<code>gang</code>,1,0.0003003
364,gastlican,<code>gastlican</code>,1,0.0003003
364,gastlice,<code>gastlice</code>,1,0.0003003
364,ge&eth;eodde,<code>ge&amp;d;eodde</code>,1,0.0003003
364,ge&thorn;afa,<code>ge&amp;t;afa</code>,1,0.0003003
364,ge&thorn;anc,<code>ge&amp;t;anc</code>,1,0.0003003
364,ge&thorn;eodnysse,<code>ge&amp;t;eodnysse</code>,1,0.0003003
364,ge&thorn;ingie,<code>ge&amp;t;ingie</code>,1,0.0003003
364,ge&thorn;ylde,<code>ge&amp;t;ylde</code>,1,0.0003003
364,gearcian,<code>gearcian</code>,1,0.0003003
364,gearcost,<code>gearcost</code>,1,0.0003003
364,geare,<code>geare</code>,1,0.0003003
364,gearwe,<code>gearwe</code>,1,0.0003003
364,gebad,<code>gebad</code>,1,0.0003003
364,gebann,<code>gebann</code>,1,0.0003003
364,gebed,<code>gebed</code>,1,0.0003003
364,gebedu,<code>gebedu</code>,1,0.0003003
364,gebedum,<code>gebedum</code>,1,0.0003003
364,gebeot,<code>gebeot</code>,1,0.0003003
364,gebigan,<code>gebigan</code>,1,0.0003003
364,gebigdest,<code>gebigdest</code>,1,0.0003003
364,gebige,<code>gebige</code>,1,0.0003003
364,gebigedum,<code>gebigedum</code>,1,0.0003003
364,geblissod,<code>geblissod</code>,1,0.0003003
364,gebroht,<code>gebroht</code>,1,0.0003003
364,gebrohtan,<code>gebrohtan</code>,1,0.0003003
364,gebugan,<code>gebugan</code>,1,0.0003003
364,gebygde,<code>gebygde</code>,1,0.0003003
364,gebygdest,<code>gebygdest</code>,1,0.0003003
364,gebyrigde,<code>gebyrigde</code>,1,0.0003003
364,gebysgod,<code>gebysgod</code>,1,0.0003003
364,gecampe,<code>gecampe</code>,1,0.0003003
364,geciged,<code>geciged</code>,1,0.0003003
364,gecweme,<code>gecweme</code>,1,0.0003003
364,gecyd,<code>gecyd</code>,1,0.0003003
364,gecyrde,<code>gecyrde</code>,1,0.0003003
364,gecyrred,<code>gecyrred</code>,1,0.0003003
364,gecyrron,<code>gecyrron</code>,1,0.0003003
364,ged&aelig;ftan,<code>ged&amp;ae;ftan</code>,1,0.0003003
364,gederod,<code>gederod</code>,1,0.0003003
364,gedrefed,<code>gedrefed</code>,1,0.0003003
364,geeadcucoda,<code>geeadcucoda</code>,1,0.0003003
364,geearnunga,<code>geearnunga</code>,1,0.0003003
364,geedcucode,<code>geedcucode</code>,1,0.0003003
364,geedniwod,<code>geedniwod</code>,1,0.0003003
364,gef&aelig;stna,<code>gef&amp;ae;stna</code>,1,0.0003003
364,geferena,<code>geferena</code>,1,0.0003003
364,gefette,<code>gefette</code>,1,0.0003003
364,gefr&aelig;towodan,<code>gefr&amp;ae;towodan</code>,1,0.0003003
364,gefremman,<code>gefremman</code>,1,0.0003003
364,gefretst,<code>gefretst</code>,1,0.0003003
364,gefvllod,<code>gefvllod</code>,1,0.0003003
364,gefylled,<code>gefylled</code>,1,0.0003003
364,gefyllede,<code>gefyllede</code>,1,0.0003003
364,gegearcode,<code>gegearcode</code>,1,0.0003003
364,gegladode,<code>gegladode</code>,1,0.0003003
364,geh&aelig;lde,<code>geh&amp;ae;lde</code>,1,0.0003003
364,geh&aelig;le,<code>geh&amp;ae;le</code>,1,0.0003003
364,geh&aelig;led,<code>geh&amp;ae;led</code>,1,0.0003003
364,geh&aelig;lede,<code>geh&amp;ae;lede</code>,1,0.0003003
364,gehalgod,<code>gehalgod</code>,1,0.0003003
364,gehealdenre,<code>gehealdenre</code>,1,0.0003003
364,gehelp,<code>gehelp</code>,1,0.0003003
364,gehwilce,<code>gehwilce</code>,1,0.0003003
364,gel&aelig;hte,<code>gel&amp;ae;hte</code>,1,0.0003003
364,gel&aelig;red,<code>gel&amp;ae;red</code>,1,0.0003003
364,gel&aelig;ste,<code>gel&amp;ae;ste</code>,1,0.0003003
364,gela&eth;od,<code>gela&amp;d;od</code>,1,0.0003003
364,gelangian,<code>gelangian</code>,1,0.0003003
364,geleaffulle,<code>geleaffulle</code>,1,0.0003003
364,gelice,<code>gelice</code>,1,0.0003003
364,gelyfa,<code>gelyfa</code>,1,0.0003003
364,gelyfan,<code>gelyfan</code>,1,0.0003003
364,gelyfanne,<code>gelyfanne</code>,1,0.0003003
364,gelyfdan,<code>gelyfdan</code>,1,0.0003003
364,gelyfe,<code>gelyfe</code>,1,0.0003003
364,gemiltsode,<code>gemiltsode</code>,1,0.0003003
364,gemyltsian,<code>gemyltsian</code>,1,0.0003003
364,genamon,<code>genamon</code>,1,0.0003003
364,geneosode,<code>geneosode</code>,1,0.0003003
364,geoffrige,<code>geoffrige</code>,1,0.0003003
364,geoffrod,<code>geoffrod</code>,1,0.0003003
364,geoffrode,<code>geoffrode</code>,1,0.0003003
364,geoffrodon,<code>geoffrodon</code>,1,0.0003003
364,geoga&eth;,<code>geoga&amp;d;</code>,1,0.0003003
364,geogo&thorn;e,<code>geogo&amp;t;e</code>,1,0.0003003
364,geond,<code>geond</code>,1,0.0003003
364,geonga,<code>geonga</code>,1,0.0003003
364,geopenade,<code>geopenade</code>,1,0.0003003
364,georne,<code>georne</code>,1,0.0003003
364,geornlice,<code>geornlice</code>,1,0.0003003
364,geortruwad,<code>geortruwad</code>,1,0.0003003
364,gereccenne,<code>gereccenne</code>,1,0.0003003
364,ges&aelig;d,<code>ges&amp;ae;d</code>,1,0.0003003
364,gesang,<code>gesang</code>,1,0.0003003
364,geseon,<code>geseon</code>,1,0.0003003
364,gesette,<code>gesette</code>,1,0.0003003
364,gesewen,<code>gesewen</code>,1,0.0003003
364,gesih&thorn;e,<code>gesih&amp;t;e</code>,1,0.0003003
364,gesih&thorn;um,<code>gesih&amp;t;um</code>,1,0.0003003
364,gesihst,<code>gesihst</code>,1,0.0003003
364,gesmyredum,<code>gesmyredum</code>,1,0.0003003
364,gesohte,<code>gesohte</code>,1,0.0003003
364,gespr&aelig;can,<code>gespr&amp;ae;can</code>,1,0.0003003
364,gestunce,<code>gestunce</code>,1,0.0003003
364,gesundne,<code>gesundne</code>,1,0.0003003
364,gesw&aelig;ncte,<code>gesw&amp;ae;ncte</code>,1,0.0003003
364,geswencean,<code>geswencean</code>,1,0.0003003
364,geswutelian,<code>geswutelian</code>,1,0.0003003
364,geswutelod,<code>geswutelod</code>,1,0.0003003
364,geswutelode,<code>geswutelode</code>,1,0.0003003
364,get&aelig;le,<code>get&amp;ae;le</code>,1,0.0003003
364,getintregian,<code>getintregian</code>,1,0.0003003
364,geunrotian,<code>geunrotian</code>,1,0.0003003
364,geweman,<code>geweman</code>,1,0.0003003
364,gewemmede,<code>gewemmede</code>,1,0.0003003
364,gewendon,<code>gewendon</code>,1,0.0003003
364,gewinn,<code>gewinn</code>,1,0.0003003
364,gewitna,<code>gewitna</code>,1,0.0003003
364,gewrit,<code>gewrit</code>,1,0.0003003
364,gewunan,<code>gewunan</code>,1,0.0003003
364,gewyrcst,<code>gewyrcst</code>,1,0.0003003
364,gewyssod,<code>gewyssod</code>,1,0.0003003
364,gewyssodon,<code>gewyssodon</code>,1,0.0003003
364,gewytnysse,<code>gewytnysse</code>,1,0.0003003
364,gifu,<code>gifu</code>,1,0.0003003
364,gimdon,<code>gimdon</code>,1,0.0003003
364,gingran,<code>gingran</code>,1,0.0003003
364,git,<code>git</code>,1,0.0003003
364,glitiniende,<code>glitiniende</code>,1,0.0003003
364,godnyssa,<code>godnyssa</code>,1,0.0003003
364,gold,<code>gold</code>,1,0.0003003
364,gramlican,<code>gramlican</code>,1,0.0003003
364,grew&eth;,<code>grew&amp;d;</code>,1,0.0003003
364,grund,<code>grund</code>,1,0.0003003
364,gydena,<code>gydena</code>,1,0.0003003
364,gydenum,<code>gydenum</code>,1,0.0003003
364,gyftu,<code>gyftu</code>,1,0.0003003
364,gyldena,<code>gyldena</code>,1,0.0003003
364,gyt,<code>gyt</code>,1,0.0003003
364,h&aelig;&eth;enes,<code>h&amp;ae;&amp;d;enes</code>,1,0.0003003
364,h&aelig;&eth;engildan,<code>h&amp;ae;&amp;d;engildan</code>,1,0.0003003
364,h&aelig;&eth;engyld,<code>h&amp;ae;&amp;d;engyld</code>,1,0.0003003
364,h&aelig;&eth;engyldan,<code>h&amp;ae;&amp;d;engyldan</code>,1,0.0003003
364,h&aelig;&eth;enra,<code>h&amp;ae;&amp;d;enra</code>,1,0.0003003
364,h&aelig;f&eth;,<code>h&amp;ae;f&amp;d;</code>,1,0.0003003
364,h&aelig;fdon,<code>h&amp;ae;fdon</code>,1,0.0003003
364,h&aelig;se,<code>h&amp;ae;se</code>,1,0.0003003
364,habba&eth;,<code>habba&amp;d;</code>,1,0.0003003
364,habban,<code>habban</code>,1,0.0003003
364,hagol,<code>hagol</code>,1,0.0003003
364,hale,<code>hale</code>,1,0.0003003
364,halwendum,<code>halwendum</code>,1,0.0003003
364,hat,<code>hat</code>,1,0.0003003
364,hate,<code>hate</code>,1,0.0003003
364,heafda,<code>heafda</code>,1,0.0003003
364,heage,<code>heage</code>,1,0.0003003
364,healdenne,<code>healdenne</code>,1,0.0003003
364,heardum,<code>heardum</code>,1,0.0003003
364,hellegrund,<code>hellegrund</code>,1,0.0003003
364,helware,<code>helware</code>,1,0.0003003
364,heofonan,<code>heofonan</code>,1,0.0003003
364,heofonlican,<code>heofonlican</code>,1,0.0003003
364,heofunga,<code>heofunga</code>,1,0.0003003
364,heton,<code>heton</code>,1,0.0003003
364,hire,<code>hire</code>,1,0.0003003
364,hiwes,<code>hiwes</code>,1,0.0003003
364,hlude,<code>hlude</code>,1,0.0003003
364,hoc,<code>hoc</code>,1,0.0003003
364,hof,<code>hof</code>,1,0.0003003
364,hospwordum,<code>hospwordum</code>,1,0.0003003
364,hrepunge,<code>hrepunge</code>,1,0.0003003
364,huru,<code>huru</code>,1,0.0003003
364,huses,<code>huses</code>,1,0.0003003
364,hwe&eth;er,<code>hwe&amp;d;er</code>,1,0.0003003
364,hwider,<code>hwider</code>,1,0.0003003
364,hwilc,<code>hwilc</code>,1,0.0003003
364,hwile,<code>hwile</code>,1,0.0003003
364,hyra,<code>hyra</code>,1,0.0003003
364,hyredmen,<code>hyredmen</code>,1,0.0003003
364,ianvarii,<code>ianvarii</code>,1,0.0003003
364,idvs,<code>idvs</code>,1,0.0003003
364,ignem,<code>ignem</code>,1,0.0003003
364,innan,<code>innan</code>,1,0.0003003
364,intingan,<code>intingan</code>,1,0.0003003
364,ivliani,<code>ivliani</code>,1,0.0003003
364,l&aelig;dan,<code>l&amp;ae;dan</code>,1,0.0003003
364,l&aelig;dde,<code>l&amp;ae;dde</code>,1,0.0003003
364,l&aelig;ddest,<code>l&amp;ae;ddest</code>,1,0.0003003
364,l&aelig;fdon,<code>l&amp;ae;fdon</code>,1,0.0003003
364,l&aelig;fed,<code>l&amp;ae;fed</code>,1,0.0003003
364,l&aelig;gon,<code>l&amp;ae;gon</code>,1,0.0003003
364,l&aelig;s,<code>l&amp;ae;s</code>,1,0.0003003
364,l&aelig;t,<code>l&amp;ae;t</code>,1,0.0003003
364,la&eth;an,<code>la&amp;d;an</code>,1,0.0003003
364,lac,<code>lac</code>,1,0.0003003
364,lafe,<code>lafe</code>,1,0.0003003
364,lagon,<code>lagon</code>,1,0.0003003
364,land,<code>land</code>,1,0.0003003
364,langsumre,<code>langsumre</code>,1,0.0003003
364,langsumum,<code>langsumum</code>,1,0.0003003
364,larboc,<code>larboc</code>,1,0.0003003
364,leafa,<code>leafa</code>,1,0.0003003
364,leafum,<code>leafum</code>,1,0.0003003
364,leasan,<code>leasan</code>,1,0.0003003
364,leasum,<code>leasum</code>,1,0.0003003
364,leasunga,<code>leasunga</code>,1,0.0003003
364,leofestan,<code>leofestan</code>,1,0.0003003
364,leohte,<code>leohte</code>,1,0.0003003
364,leon,<code>leon</code>,1,0.0003003
364,let,<code>let</code>,1,0.0003003
364,li&eth;a,<code>li&amp;d;a</code>,1,0.0003003
364,li&eth;ra,<code>li&amp;d;ra</code>,1,0.0003003
364,liccodon,<code>liccodon</code>,1,0.0003003
364,lice,<code>lice</code>,1,0.0003003
364,lichama,<code>lichama</code>,1,0.0003003
364,lif,<code>lif</code>,1,0.0003003
364,lifes,<code>lifes</code>,1,0.0003003
364,lifigendan,<code>lifigendan</code>,1,0.0003003
364,lig,<code>lig</code>,1,0.0003003
364,liget,<code>liget</code>,1,0.0003003
364,lilie,<code>lilie</code>,1,0.0003003
364,loca,<code>loca</code>,1,0.0003003
364,losode,<code>losode</code>,1,0.0003003
364,losodon,<code>losodon</code>,1,0.0003003
364,lufia&eth;,<code>lufia&amp;d;</code>,1,0.0003003
364,lufigend,<code>lufigend</code>,1,0.0003003
364,lustb&aelig;re,<code>lustb&amp;ae;re</code>,1,0.0003003
364,lyfedan,<code>lyfedan</code>,1,0.0003003
364,lyfigendan,<code>lyfigendan</code>,1,0.0003003
364,lyst,<code>lyst</code>,1,0.0003003
364,m&aelig;dena,<code>m&amp;ae;dena</code>,1,0.0003003
364,m&aelig;denlicum,<code>m&amp;ae;denlicum</code>,1,0.0003003
364,m&aelig;denu,<code>m&amp;ae;denu</code>,1,0.0003003
364,m&aelig;denum,<code>m&amp;ae;denum</code>,1,0.0003003
364,m&aelig;g,<code>m&amp;ae;g</code>,1,0.0003003
364,m&aelig;g&eth;had,<code>m&amp;ae;g&amp;d;had</code>,1,0.0003003
364,m&aelig;rcode,<code>m&amp;ae;rcode</code>,1,0.0003003
364,m&aelig;re,<code>m&amp;ae;re</code>,1,0.0003003
364,m&aelig;res,<code>m&amp;ae;res</code>,1,0.0003003
364,m&aelig;ssan,<code>m&amp;ae;ssan</code>,1,0.0003003
364,m&aelig;ssepreost,<code>m&amp;ae;ssepreost</code>,1,0.0003003
364,m&aelig;ssepreost&aelig;,<code>m&amp;ae;ssepreost&amp;ae;</code>,1,0.0003003
364,m&aelig;ssepreoste,<code>m&amp;ae;ssepreoste</code>,1,0.0003003
364,ma,<code>ma</code>,1,0.0003003
364,ma&eth;on,<code>ma&amp;d;on</code>,1,0.0003003
364,magas,<code>magas</code>,1,0.0003003
364,mage,<code>mage</code>,1,0.0003003
364,magum,<code>magum</code>,1,0.0003003
364,manegra,<code>manegra</code>,1,0.0003003
364,manfulnysse,<code>manfulnysse</code>,1,0.0003003
364,manfulra,<code>manfulra</code>,1,0.0003003
364,mann,<code>mann</code>,1,0.0003003
364,maria,<code>maria</code>,1,0.0003003
364,martyra,<code>martyra</code>,1,0.0003003
364,martyrdome,<code>martyrdome</code>,1,0.0003003
364,martyrum,<code>martyrum</code>,1,0.0003003
364,micel,<code>micel</code>,1,0.0003003
364,micelre,<code>micelre</code>,1,0.0003003
364,middaneard,<code>middaneard</code>,1,0.0003003
364,middaneardlice,<code>middaneardlice</code>,1,0.0003003
364,miht,<code>miht</code>,1,0.0003003
364,mihton,<code>mihton</code>,1,0.0003003
364,mildsunga,<code>mildsunga</code>,1,0.0003003
364,mislice,<code>mislice</code>,1,0.0003003
364,mod,<code>mod</code>,1,0.0003003
364,modur,<code>modur</code>,1,0.0003003
364,muneca,<code>muneca</code>,1,0.0003003
364,munecum,<code>munecum</code>,1,0.0003003
364,mycclan,<code>mycclan</code>,1,0.0003003
364,mycele,<code>mycele</code>,1,0.0003003
364,mynecena,<code>mynecena</code>,1,0.0003003
364,mynegungum,<code>mynegungum</code>,1,0.0003003
364,mynster,<code>mynster</code>,1,0.0003003
364,n&aelig;f&eth;,<code>n&amp;ae;f&amp;d;</code>,1,0.0003003
364,n&aelig;ran,<code>n&amp;ae;ran</code>,1,0.0003003
364,n&aelig;re,<code>n&amp;ae;re</code>,1,0.0003003
364,n&aelig;s,<code>n&amp;ae;s</code>,1,0.0003003
364,na&eth;or,<code>na&amp;d;or</code>,1,0.0003003
364,nama,<code>nama</code>,1,0.0003003
364,nanes,<code>nanes</code>,1,0.0003003
364,nean,<code>nean</code>,1,0.0003003
364,nihte,<code>nihte</code>,1,0.0003003
364,nim,<code>nim</code>,1,0.0003003
364,nobis,<code>nobis</code>,1,0.0003003
364,nolde,<code>nolde</code>,1,0.0003003
364,nos,<code>nos</code>,1,0.0003003
364,nydbehefe,<code>nydbehefe</code>,1,0.0003003
364,o&eth;,<code>o&amp;d;</code>,1,0.0003003
364,o&eth;er,<code>o&amp;d;er</code>,1,0.0003003
364,o&thorn;,<code>o&amp;t;</code>,1,0.0003003
364,o&thorn;&thorn;e,<code>o&amp;t;&amp;t;e</code>,1,0.0003003
364,oferswi&eth;od,<code>oferswi&amp;d;od</code>,1,0.0003003
364,ofslean,<code>ofslean</code>,1,0.0003003
364,ol&aelig;cst,<code>ol&amp;ae;cst</code>,1,0.0003003
364,on&aelig;l,<code>on&amp;ae;l</code>,1,0.0003003
364,onbryrdnysse,<code>onbryrdnysse</code>,1,0.0003003
364,onfon,<code>onfon</code>,1,0.0003003
364,ongelyfa&eth;,<code>ongelyfa&amp;d;</code>,1,0.0003003
364,onlihte,<code>onlihte</code>,1,0.0003003
364,ons&aelig;gednysse,<code>ons&amp;ae;gednysse</code>,1,0.0003003
364,ontendan,<code>ontendan</code>,1,0.0003003
364,onwuldrodest,<code>onwuldrodest</code>,1,0.0003003
364,operatus,<code>operatus</code>,1,0.0003003
364,orm&aelig;te,<code>orm&amp;ae;te</code>,1,0.0003003
364,ormettre,<code>ormettre</code>,1,0.0003003
364,passio,<code>passio</code>,1,0.0003003
364,per,<code>per</code>,1,0.0003003
364,preost,<code>preost</code>,1,0.0003003
364,preoste,<code>preoste</code>,1,0.0003003
364,quod,<code>quod</code>,1,0.0003003
364,r&aelig;c&eth;,<code>r&amp;ae;c&amp;d;</code>,1,0.0003003
364,r&aelig;dan,<code>r&amp;ae;dan</code>,1,0.0003003
364,r&aelig;dde,<code>r&amp;ae;dde</code>,1,0.0003003
364,r&aelig;de,<code>r&amp;ae;de</code>,1,0.0003003
364,r&aelig;dinge,<code>r&amp;ae;dinge</code>,1,0.0003003
364,ra&eth;e,<code>ra&amp;d;e</code>,1,0.0003003
364,race,<code>race</code>,1,0.0003003
364,re&eth;e,<code>re&amp;d;e</code>,1,0.0003003
364,re&eth;nyss,<code>re&amp;d;nyss</code>,1,0.0003003
364,re&eth;um,<code>re&amp;d;um</code>,1,0.0003003
364,re&thorn;e,<code>re&amp;t;e</code>,1,0.0003003
364,refrigerium,<code>refrigerium</code>,1,0.0003003
364,reliqua,<code>reliqua</code>,1,0.0003003
364,reppan,<code>reppan</code>,1,0.0003003
364,rodetacne,<code>rodetacne</code>,1,0.0003003
364,rohte,<code>rohte</code>,1,0.0003003
364,rose,<code>rose</code>,1,0.0003003
364,s&aelig;cga&eth;,<code>s&amp;ae;cga&amp;d;</code>,1,0.0003003
364,s&aelig;don,<code>s&amp;ae;don</code>,1,0.0003003
364,sacerdum,<code>sacerdum</code>,1,0.0003003
364,saglum,<code>saglum</code>,1,0.0003003
364,sagol,<code>sagol</code>,1,0.0003003
364,sancti,<code>sancti</code>,1,0.0003003
364,sceall,<code>sceall</code>,1,0.0003003
364,sceandlicum,<code>sceandlicum</code>,1,0.0003003
364,scearpe,<code>scearpe</code>,1,0.0003003
364,sceole,<code>sceole</code>,1,0.0003003
364,scinendum,<code>scinendum</code>,1,0.0003003
364,scortostan,<code>scortostan</code>,1,0.0003003
364,scyppende,<code>scyppende</code>,1,0.0003003
364,se&eth;e,<code>se&amp;d;e</code>,1,0.0003003
364,seofon,<code>seofon</code>,1,0.0003003
364,sette,<code>sette</code>,1,0.0003003
364,si&eth;,<code>si&amp;d;</code>,1,0.0003003
364,si&eth;ia&thorn;,<code>si&amp;d;ia&amp;t;</code>,1,0.0003003
364,si&thorn;,<code>si&amp;t;</code>,1,0.0003003
364,silhearwan,<code>silhearwan</code>,1,0.0003003
364,sl&aelig;ge,<code>sl&amp;ae;ge</code>,1,0.0003003
364,smeadon,<code>smeadon</code>,1,0.0003003
364,smeagunge,<code>smeagunge</code>,1,0.0003003
364,smyltinga,<code>smyltinga</code>,1,0.0003003
364,so&eth;,<code>so&amp;d;</code>,1,0.0003003
364,so&eth;e,<code>so&amp;d;e</code>,1,0.0003003
364,so&eth;f&aelig;stan,<code>so&amp;d;f&amp;ae;stan</code>,1,0.0003003
364,so&eth;ne,<code>so&amp;d;ne</code>,1,0.0003003
364,so&eth;re,<code>so&amp;d;re</code>,1,0.0003003
364,sponse,<code>sponse</code>,1,0.0003003
364,st&aelig;nenum,<code>st&amp;ae;nenum</code>,1,0.0003003
364,stanc,<code>stanc</code>,1,0.0003003
364,steme,<code>steme</code>,1,0.0003003
364,stenc,<code>stenc</code>,1,0.0003003
364,stodan,<code>stodan</code>,1,0.0003003
364,str&aelig;t,<code>str&amp;ae;t</code>,1,0.0003003
364,stuncon,<code>stuncon</code>,1,0.0003003
364,sunbeam,<code>sunbeam</code>,1,0.0003003
364,sw&aelig;snysse,<code>sw&amp;ae;snysse</code>,1,0.0003003
364,swarum,<code>swarum</code>,1,0.0003003
364,swefne,<code>swefne</code>,1,0.0003003
364,swelta&eth;,<code>swelta&amp;d;</code>,1,0.0003003
364,swi&eth;lic,<code>swi&amp;d;lic</code>,1,0.0003003
364,swicolan,<code>swicolan</code>,1,0.0003003
364,swilces,<code>swilces</code>,1,0.0003003
364,sy&eth;&eth;an,<code>sy&amp;d;&amp;d;an</code>,1,0.0003003
364,sylf,<code>sylf</code>,1,0.0003003
364,sylfa,<code>sylfa</code>,1,0.0003003
364,sylfne,<code>sylfne</code>,1,0.0003003
364,sylfrena,<code>sylfrena</code>,1,0.0003003
364,syllan,<code>syllan</code>,1,0.0003003
364,synderlicre,<code>synderlicre</code>,1,0.0003003
364,synscipes,<code>synscipes</code>,1,0.0003003
364,teonan,<code>teonan</code>,1,0.0003003
364,tida,<code>tida</code>,1,0.0003003
364,tihte,<code>tihte</code>,1,0.0003003
364,tihtende,<code>tihtende</code>,1,0.0003003
364,tihtingum,<code>tihtingum</code>,1,0.0003003
364,tima,<code>tima</code>,1,0.0003003
364,tintregum,<code>tintregum</code>,1,0.0003003
364,to&eth;um,<code>to&amp;d;um</code>,1,0.0003003
364,tob&aelig;rst,<code>tob&amp;ae;rst</code>,1,0.0003003
364,tocwysede,<code>tocwysede</code>,1,0.0003003
364,togeanes,<code>togeanes</code>,1,0.0003003
364,totw&aelig;mede,<code>totw&amp;ae;mede</code>,1,0.0003003
364,towerdan,<code>towerdan</code>,1,0.0003003
364,towurpe,<code>towurpe</code>,1,0.0003003
364,transiuimus,<code>transiuimus</code>,1,0.0003003
364,treow,<code>treow</code>,1,0.0003003
364,tugon,<code>tugon</code>,1,0.0003003
364,tungan,<code>tungan</code>,1,0.0003003
364,twam,<code>twam</code>,1,0.0003003
364,u&eth;witegunge,<code>u&amp;d;witegunge</code>,1,0.0003003
364,unbesmitenum,<code>unbesmitenum</code>,1,0.0003003
364,undeadlic,<code>undeadlic</code>,1,0.0003003
364,under,<code>under</code>,1,0.0003003
364,underbetan,<code>underbetan</code>,1,0.0003003
364,underfo,<code>underfo</code>,1,0.0003003
364,underfon,<code>underfon</code>,1,0.0003003
364,undergerefa,<code>undergerefa</code>,1,0.0003003
364,unforhte,<code>unforhte</code>,1,0.0003003
364,ungederode,<code>ungederode</code>,1,0.0003003
364,ungew&aelig;mmede,<code>ungew&amp;ae;mmede</code>,1,0.0003003
364,unmildheorta,<code>unmildheorta</code>,1,0.0003003
364,unrihtlic,<code>unrihtlic</code>,1,0.0003003
364,unrotsodon,<code>unrotsodon</code>,1,0.0003003
364,untrume,<code>untrume</code>,1,0.0003003
364,unwynsumnyss,<code>unwynsumnyss</code>,1,0.0003003
364,ut,<code>ut</code>,1,0.0003003
364,w&aelig;ar&eth;,<code>w&amp;ae;ar&amp;d;</code>,1,0.0003003
364,w&aelig;fersyne,<code>w&amp;ae;fersyne</code>,1,0.0003003
364,w&aelig;lhreowa,<code>w&amp;ae;lhreowa</code>,1,0.0003003
364,w&aelig;lhreowan,<code>w&amp;ae;lhreowan</code>,1,0.0003003
364,w&aelig;lhreowne,<code>w&amp;ae;lhreowne</code>,1,0.0003003
364,w&aelig;lhreowum,<code>w&amp;ae;lhreowum</code>,1,0.0003003
364,w&aelig;r&eth;,<code>w&amp;ae;r&amp;d;</code>,1,0.0003003
364,w&aelig;ran,<code>w&amp;ae;ran</code>,1,0.0003003
364,w&aelig;stm,<code>w&amp;ae;stm</code>,1,0.0003003
364,w&aelig;ter,<code>w&amp;ae;ter</code>,1,0.0003003
364,wand,<code>wand</code>,1,0.0003003
364,weardmannum,<code>weardmannum</code>,1,0.0003003
364,weardmenn,<code>weardmenn</code>,1,0.0003003
364,welwillendan,<code>welwillendan</code>,1,0.0003003
364,wene,<code>wene</code>,1,0.0003003
364,weollon,<code>weollon</code>,1,0.0003003
364,were,<code>were</code>,1,0.0003003
364,werod,<code>werod</code>,1,0.0003003
364,werum,<code>werum</code>,1,0.0003003
364,wi&eth;sace,<code>wi&amp;d;sace</code>,1,0.0003003
364,wi&eth;soc,<code>wi&amp;d;soc</code>,1,0.0003003
364,wifian,<code>wifian</code>,1,0.0003003
364,wifum,<code>wifum</code>,1,0.0003003
364,willan,<code>willan</code>,1,0.0003003
364,wintertid,<code>wintertid</code>,1,0.0003003
364,wisan,<code>wisan</code>,1,0.0003003
364,wiste,<code>wiste</code>,1,0.0003003
364,wita,<code>wita</code>,1,0.0003003
364,witna,<code>witna</code>,1,0.0003003
364,wodan,<code>wodan</code>,1,0.0003003
364,woldest,<code>woldest</code>,1,0.0003003
364,word,<code>word</code>,1,0.0003003
364,woruldlice,<code>woruldlice</code>,1,0.0003003
364,woruldlicre,<code>woruldlicre</code>,1,0.0003003
364,wra&eth;e,<code>wra&amp;d;e</code>,1,0.0003003
364,wrecan,<code>wrecan</code>,1,0.0003003
364,wuda,<code>wuda</code>,1,0.0003003
364,wuldor,<code>wuldor</code>,1,0.0003003
364,wuldorfullan,<code>wuldorfullan</code>,1,0.0003003
364,wundrast,<code>wundrast</code>,1,0.0003003
364,wundrie,<code>wundrie</code>,1,0.0003003
364,wundrode,<code>wundrode</code>,1,0.0003003
364,wur&eth;ia&eth;,<code>wur&amp;d;ia&amp;d;</code>,1,0.0003003
364,wur&eth;ian,<code>wur&amp;d;ian</code>,1,0.0003003
364,wurmas,<code>wurmas</code>,1,0.0003003
364,wylla,<code>wylla</code>,1,0.0003003
364,wynsumlice,<code>wynsumlice</code>,1,0.0003003
364,wynsumum,<code>wynsumum</code>,1,0.0003003
364,wyrm,<code>wyrm</code>,1,0.0003003
364,wyrtbr&aelig;&eth;,<code>wyrtbr&amp;ae;&amp;d;</code>,1,0.0003003
364,wyssunga,<code>wyssunga</code>,1,0.0003003
364,wyste,<code>wyste</code>,1,0.0003003
364,wytum,<code>wytum</code>,1,0.0003003
364,yfele,<code>yfele</code>,1,0.0003003
364,yfelnysse,<code>yfelnysse</code>,1,0.0003003
364,yldesta,<code>yldesta</code>,1,0.0003003
364,ymbe,<code>ymbe</code>,1,0.0003003
