B_Prose,B01,B01.004.009_AEHom_9_T03440.txt,616,404,1721
RANK,HTML WORD,RAW WORD,COUNT,RELATIVE FREQUENCY
1,and,<code>and</code>,65,0.0377687
2,on,<code>on</code>,53,0.0307960
3,&thorn;&aelig;t,<code>&amp;t;&amp;ae;t</code>,46,0.0267286
4,&thorn;e,<code>&amp;t;e</code>,38,0.0220802
5,se,<code>se</code>,37,0.0214991
5,swa,<code>swa</code>,37,0.0214991
7,he,<code>he</code>,36,0.0209181
8,hi,<code>hi</code>,34,0.0197560
8,mid,<code>mid</code>,34,0.0197560
10,his,<code>his</code>,32,0.0185938
11,&thorn;a,<code>&amp;t;a</code>,21,0.0122022
11,to,<code>to</code>,21,0.0122022
13,be,<code>be</code>,20,0.0116212
14,him,<code>him</code>,18,0.0104590
15,&thorn;am,<code>&amp;t;am</code>,16,0.0092969
15,ne,<code>ne</code>,16,0.0092969
17,for,<code>for</code>,15,0.0087159
17,heora,<code>heora</code>,15,0.0087159
19,eow,<code>eow</code>,14,0.0081348
19,ic,<code>ic</code>,14,0.0081348
21,h&aelig;lend,<code>h&amp;ae;lend</code>,13,0.0075537
22,f&aelig;der,<code>f&amp;ae;der</code>,12,0.0069727
22,ge,<code>ge</code>,12,0.0069727
22,is,<code>is</code>,12,0.0069727
22,us,<code>us</code>,12,0.0069727
26,mannum,<code>mannum</code>,11,0.0063916
26,we,<code>we</code>,11,0.0063916
28,&eth;am,<code>&amp;d;am</code>,10,0.0058106
28,&eth;an,<code>&amp;d;an</code>,10,0.0058106
28,&thorn;&aelig;re,<code>&amp;t;&amp;ae;re</code>,10,0.0058106
28,&thorn;&aelig;s,<code>&amp;t;&amp;ae;s</code>,10,0.0058106
28,&thorn;one,<code>&amp;t;one</code>,10,0.0058106
28,ac,<code>ac</code>,10,0.0058106
28,halgan,<code>halgan</code>,10,0.0058106
28,of,<code>of</code>,10,0.0058106
36,&eth;e,<code>&amp;d;e</code>,9,0.0052295
36,eac,<code>eac</code>,9,0.0052295
36,gast,<code>gast</code>,9,0.0052295
36,me,<code>me</code>,9,0.0052295
36,s&aelig;de,<code>s&amp;ae;de</code>,9,0.0052295
41,ealle,<code>ealle</code>,8,0.0046485
41,gecy&eth;nysse,<code>gecy&amp;d;nysse</code>,8,0.0046485
41,godes,<code>godes</code>,8,0.0046485
41,spr&aelig;c,<code>spr&amp;ae;c</code>,8,0.0046485
41,sylf,<code>sylf</code>,8,0.0046485
46,&thorn;onne,<code>&amp;t;onne</code>,7,0.0040674
46,na,<code>na</code>,7,0.0040674
46,wi&eth;,<code>wi&amp;d;</code>,7,0.0040674
49,&thorn;as,<code>&amp;t;as</code>,6,0.0034863
49,cristes,<code>cristes</code>,6,0.0034863
49,cw&aelig;&eth;,<code>cw&amp;ae;&amp;d;</code>,6,0.0034863
49,et,<code>et</code>,6,0.0034863
49,hit,<code>hit</code>,6,0.0034863
49,hw&aelig;t,<code>hw&amp;ae;t</code>,6,0.0034863
55,&eth;a,<code>&amp;d;a</code>,5,0.0029053
55,&eth;ing,<code>&amp;d;ing</code>,5,0.0029053
55,&thorn;ing,<code>&amp;t;ing</code>,5,0.0029053
55,apostolas,<code>apostolas</code>,5,0.0029053
55,beon,<code>beon</code>,5,0.0029053
55,bysne,<code>bysne</code>,5,0.0029053
55,fram,<code>fram</code>,5,0.0029053
55,her,<code>her</code>,5,0.0029053
55,iudeiscan,<code>iudeiscan</code>,5,0.0029053
55,nu,<code>nu</code>,5,0.0029053
65,&aelig;fter,<code>&amp;ae;fter</code>,4,0.0023242
65,&thorn;urh,<code>&amp;t;urh</code>,4,0.0023242
65,&thorn;us,<code>&amp;t;us</code>,4,0.0023242
65,bi&eth;,<code>bi&amp;d;</code>,4,0.0023242
65,by&eth;,<code>by&amp;d;</code>,4,0.0023242
65,cym&eth;,<code>cym&amp;d;</code>,4,0.0023242
65,eft,<code>eft</code>,4,0.0023242
65,for&eth;st&aelig;p&eth;,<code>for&amp;d;st&amp;ae;p&amp;d;</code>,4,0.0023242
65,geleafan,<code>geleafan</code>,4,0.0023242
65,gif,<code>gif</code>,4,0.0023242
65,gode,<code>gode</code>,4,0.0023242
65,heom,<code>heom</code>,4,0.0023242
65,hine,<code>hine</code>,4,0.0023242
65,lare,<code>lare</code>,4,0.0023242
65,micel,<code>micel</code>,4,0.0023242
65,o&thorn;&thorn;e,<code>o&amp;t;&amp;t;e</code>,4,0.0023242
65,openlice,<code>openlice</code>,4,0.0023242
65,s&aelig;don,<code>s&amp;ae;don</code>,4,0.0023242
65,sealde,<code>sealde</code>,4,0.0023242
65,so&eth;f&aelig;stnysse,<code>so&amp;d;f&amp;ae;stnysse</code>,4,0.0023242
65,sunu,<code>sunu</code>,4,0.0023242
65,swi&eth;e,<code>swi&amp;d;e</code>,4,0.0023242
65,sylfe,<code>sylfe</code>,4,0.0023242
65,tima,<code>tima</code>,4,0.0023242
65,wolde,<code>wolde</code>,4,0.0023242
65,word,<code>word</code>,4,0.0023242
91,&aelig;fre,<code>&amp;ae;fre</code>,3,0.0017432
91,&aelig;r,<code>&amp;ae;r</code>,3,0.0017432
91,&thorn;isum,<code>&amp;t;isum</code>,3,0.0017432
91,anwilnysse,<code>anwilnysse</code>,3,0.0017432
91,apostolum,<code>apostolum</code>,3,0.0017432
91,asende,<code>asende</code>,3,0.0017432
91,bodedon,<code>bodedon</code>,3,0.0017432
91,crist,<code>crist</code>,3,0.0017432
91,cyning,<code>cyning</code>,3,0.0017432
91,don,<code>don</code>,3,0.0017432
91,dydon,<code>dydon</code>,3,0.0017432
91,eallum,<code>eallum</code>,3,0.0017432
91,folce,<code>folce</code>,3,0.0017432
91,gifa,<code>gifa</code>,3,0.0017432
91,hu,<code>hu</code>,3,0.0017432
91,iohannes,<code>iohannes</code>,3,0.0017432
91,magon,<code>magon</code>,3,0.0017432
91,menniscnysse,<code>menniscnysse</code>,3,0.0017432
91,middanearde,<code>middanearde</code>,3,0.0017432
91,mihte,<code>mihte</code>,3,0.0017432
91,minne,<code>minne</code>,3,0.0017432
91,nan,<code>nan</code>,3,0.0017432
91,sceolon,<code>sceolon</code>,3,0.0017432
91,sige,<code>sige</code>,3,0.0017432
91,so&eth;lice,<code>so&amp;d;lice</code>,3,0.0017432
91,sume,<code>sume</code>,3,0.0017432
91,symle,<code>symle</code>,3,0.0017432
91,w&aelig;s,<code>w&amp;ae;s</code>,3,0.0017432
91,warnode,<code>warnode</code>,3,0.0017432
91,wisdom,<code>wisdom</code>,3,0.0017432
91,wunedon,<code>wunedon</code>,3,0.0017432
91,yfele,<code>yfele</code>,3,0.0017432
123,&aelig;lc,<code>&amp;ae;lc</code>,2,0.0011621
123,&aelig;t,<code>&amp;ae;t</code>,2,0.0011621
123,&thorn;&aelig;ra,<code>&amp;t;&amp;ae;ra</code>,2,0.0011621
123,&thorn;enunge,<code>&amp;t;enunge</code>,2,0.0011621
123,&thorn;eoda,<code>&amp;t;eoda</code>,2,0.0011621
123,&thorn;rynnysse,<code>&amp;t;rynnysse</code>,2,0.0011621
123,&thorn;u,<code>&amp;t;u</code>,2,0.0011621
123,agen,<code>agen</code>,2,0.0011621
123,agenum,<code>agenum</code>,2,0.0011621
123,andgite,<code>andgite</code>,2,0.0011621
123,anginne,<code>anginne</code>,2,0.0011621
123,aras,<code>aras</code>,2,0.0011621
123,awrat,<code>awrat</code>,2,0.0011621
123,becym&eth;,<code>becym&amp;d;</code>,2,0.0011621
123,begen,<code>begen</code>,2,0.0011621
123,bodunge,<code>bodunge</code>,2,0.0011621
123,butan,<code>butan</code>,2,0.0011621
123,criste,<code>criste</code>,2,0.0011621
123,cu&eth;lice,<code>cu&amp;d;lice</code>,2,0.0011621
123,cunnon,<code>cunnon</code>,2,0.0011621
123,cy&eth;,<code>cy&amp;d;</code>,2,0.0011621
123,cy&thorn;a&eth;,<code>cy&amp;t;a&amp;d;</code>,2,0.0011621
123,dea&thorn;e,<code>dea&amp;t;e</code>,2,0.0011621
123,do&eth;,<code>do&amp;d;</code>,2,0.0011621
123,drihtne,<code>drihtne</code>,2,0.0011621
123,eall,<code>eall</code>,2,0.0011621
123,ealre,<code>ealre</code>,2,0.0011621
123,fare,<code>fare</code>,2,0.0011621
123,folces,<code>folces</code>,2,0.0011621
123,frofergast,<code>frofergast</code>,2,0.0011621
123,gastes,<code>gastes</code>,2,0.0011621
123,ge&aelig;swicode,<code>ge&amp;ae;swicode</code>,2,0.0011621
123,ge&thorn;eahte,<code>ge&amp;t;eahte</code>,2,0.0011621
123,gedwylde,<code>gedwylde</code>,2,0.0011621
123,gefyllan,<code>gefyllan</code>,2,0.0011621
123,gehyrdon,<code>gehyrdon</code>,2,0.0011621
123,gemyndige,<code>gemyndige</code>,2,0.0011621
123,gesamnungum,<code>gesamnungum</code>,2,0.0011621
123,geutlagia&eth;,<code>geutlagia&amp;d;</code>,2,0.0011621
123,gewitan,<code>gewitan</code>,2,0.0011621
123,gife,<code>gife</code>,2,0.0011621
123,godspell,<code>godspell</code>,2,0.0011621
123,godspelle,<code>godspelle</code>,2,0.0011621
123,h&aelig;lende,<code>h&amp;ae;lende</code>,2,0.0011621
123,h&aelig;lendes,<code>h&amp;ae;lendes</code>,2,0.0011621
123,habba&eth;,<code>habba&amp;d;</code>,2,0.0011621
123,halgum,<code>halgum</code>,2,0.0011621
123,hata&eth;,<code>hata&amp;d;</code>,2,0.0011621
123,hwilc,<code>hwilc</code>,2,0.0011621
123,hwilon,<code>hwilon</code>,2,0.0011621
123,iacob,<code>iacob</code>,2,0.0011621
123,in,<code>in</code>,2,0.0011621
123,iu,<code>iu</code>,2,0.0011621
123,lif,<code>lif</code>,2,0.0011621
123,lufe,<code>lufe</code>,2,0.0011621
123,manega,<code>manega</code>,2,0.0011621
123,menn,<code>menn</code>,2,0.0011621
123,micele,<code>micele</code>,2,0.0011621
123,micelre,<code>micelre</code>,2,0.0011621
123,mihton,<code>mihton</code>,2,0.0011621
123,minra,<code>minra</code>,2,0.0011621
123,minum,<code>minum</code>,2,0.0011621
123,mode,<code>mode</code>,2,0.0011621
123,noldon,<code>noldon</code>,2,0.0011621
123,o&eth;rum,<code>o&amp;d;rum</code>,2,0.0011621
123,ofer,<code>ofer</code>,2,0.0011621
123,ofslea&eth;,<code>ofslea&amp;d;</code>,2,0.0011621
123,oft,<code>oft</code>,2,0.0011621
123,petrus,<code>petrus</code>,2,0.0011621
123,r&aelig;d,<code>r&amp;ae;d</code>,2,0.0011621
123,reliqua,<code>reliqua</code>,2,0.0011621
123,sceoldon,<code>sceoldon</code>,2,0.0011621
123,secga&eth;,<code>secga&amp;d;</code>,2,0.0011621
123,seg&eth;,<code>seg&amp;d;</code>,2,0.0011621
123,so&eth;an,<code>so&amp;d;an</code>,2,0.0011621
123,so&eth;um,<code>so&amp;d;um</code>,2,0.0011621
123,so&thorn;an,<code>so&amp;t;an</code>,2,0.0011621
123,sum,<code>sum</code>,2,0.0011621
123,swutelice,<code>swutelice</code>,2,0.0011621
123,sy&eth;&eth;an,<code>sy&amp;d;&amp;d;an</code>,2,0.0011621
123,sylfum,<code>sylfum</code>,2,0.0011621
123,syndon,<code>syndon</code>,2,0.0011621
123,under,<code>under</code>,2,0.0011621
123,ure,<code>ure</code>,2,0.0011621
123,wena&eth;,<code>wena&amp;d;</code>,2,0.0011621
123,weorca,<code>weorca</code>,2,0.0011621
123,witan,<code>witan</code>,2,0.0011621
123,wordum,<code>wordum</code>,2,0.0011621
123,wurdon,<code>wurdon</code>,2,0.0011621
123,ylcan,<code>ylcan</code>,2,0.0011621
213,&aelig;lcere,<code>&amp;ae;lcere</code>,1,0.0005811
213,&aelig;lmihtig,<code>&amp;ae;lmihtig</code>,1,0.0005811
213,&aelig;nigne,<code>&amp;ae;nigne</code>,1,0.0005811
213,&aelig;nigre,<code>&amp;ae;nigre</code>,1,0.0005811
213,&aelig;nigum,<code>&amp;ae;nigum</code>,1,0.0005811
213,&aelig;nlypige,<code>&amp;ae;nlypige</code>,1,0.0005811
213,&aelig;rist,<code>&amp;ae;rist</code>,1,0.0005811
213,&aelig;ror,<code>&amp;ae;ror</code>,1,0.0005811
213,&aelig;ton,<code>&amp;ae;ton</code>,1,0.0005811
213,&aelig;tsomne,<code>&amp;ae;tsomne</code>,1,0.0005811
213,&eth;&aelig;r,<code>&amp;d;&amp;ae;r</code>,1,0.0005811
213,&eth;as,<code>&amp;d;as</code>,1,0.0005811
213,&eth;on,<code>&amp;d;on</code>,1,0.0005811
213,&eth;one,<code>&amp;d;one</code>,1,0.0005811
213,&eth;onne,<code>&amp;d;onne</code>,1,0.0005811
213,&eth;urh,<code>&amp;d;urh</code>,1,0.0005811
213,&thorn;&aelig;r,<code>&amp;t;&amp;ae;r</code>,1,0.0005811
213,&thorn;eah,<code>&amp;t;eah</code>,1,0.0005811
213,&thorn;eawum,<code>&amp;t;eawum</code>,1,0.0005811
213,&thorn;es,<code>&amp;t;es</code>,1,0.0005811
213,&thorn;is,<code>&amp;t;is</code>,1,0.0005811
213,&thorn;riddan,<code>&amp;t;riddan</code>,1,0.0005811
213,&thorn;rowode,<code>&amp;t;rowode</code>,1,0.0005811
213,&thorn;ysum,<code>&amp;t;ysum</code>,1,0.0005811
213,a,<code>a</code>,1,0.0005811
213,a&eth;rum,<code>a&amp;d;rum</code>,1,0.0005811
213,abscondita,<code>abscondita</code>,1,0.0005811
213,acuman,<code>acuman</code>,1,0.0005811
213,acwealdon,<code>acwealdon</code>,1,0.0005811
213,adr&aelig;fan,<code>adr&amp;ae;fan</code>,1,0.0005811
213,ahreddan,<code>ahreddan</code>,1,0.0005811
213,alysde,<code>alysde</code>,1,0.0005811
213,amen,<code>amen</code>,1,0.0005811
213,an,<code>an</code>,1,0.0005811
213,andwyrde,<code>andwyrde</code>,1,0.0005811
213,andwyrdon,<code>andwyrdon</code>,1,0.0005811
213,anginn,<code>anginn</code>,1,0.0005811
213,annysse,<code>annysse</code>,1,0.0005811
213,anr&aelig;dan,<code>anr&amp;ae;dan</code>,1,0.0005811
213,anr&aelig;dnyss,<code>anr&amp;ae;dnyss</code>,1,0.0005811
213,anr&aelig;dnysse,<code>anr&amp;ae;dnysse</code>,1,0.0005811
213,anweald,<code>anweald</code>,1,0.0005811
213,arf&aelig;stnysse,<code>arf&amp;ae;stnysse</code>,1,0.0005811
213,asendan,<code>asendan</code>,1,0.0005811
213,bam,<code>bam</code>,1,0.0005811
213,baptizantes,<code>baptizantes</code>,1,0.0005811
213,bead,<code>bead</code>,1,0.0005811
213,bebeodende,<code>bebeodende</code>,1,0.0005811
213,becuma&eth;,<code>becuma&amp;d;</code>,1,0.0005811
213,bedigloda,<code>bedigloda</code>,1,0.0005811
213,befeng,<code>befeng</code>,1,0.0005811
213,befran,<code>befran</code>,1,0.0005811
213,befyl&thorn;,<code>befyl&amp;t;</code>,1,0.0005811
213,begra,<code>begra</code>,1,0.0005811
213,beheafdedon,<code>beheafdedon</code>,1,0.0005811
213,behofa&eth;,<code>behofa&amp;d;</code>,1,0.0005811
213,behydan,<code>behydan</code>,1,0.0005811
213,behydda,<code>behydda</code>,1,0.0005811
213,beo&eth;,<code>beo&amp;d;</code>,1,0.0005811
213,bes&aelig;w&eth;,<code>bes&amp;ae;w&amp;d;</code>,1,0.0005811
213,besetton,<code>besetton</code>,1,0.0005811
213,beswicen,<code>beswicen</code>,1,0.0005811
213,beswungon,<code>beswungon</code>,1,0.0005811
213,beteran,<code>beteran</code>,1,0.0005811
213,biddan,<code>biddan</code>,1,0.0005811
213,bocum,<code>bocum</code>,1,0.0005811
213,bodian,<code>bodian</code>,1,0.0005811
213,buton,<code>buton</code>,1,0.0005811
213,bydelas,<code>bydelas</code>,1,0.0005811
213,bysen,<code>bysen</code>,1,0.0005811
213,cenlice,<code>cenlice</code>,1,0.0005811
213,clypige,<code>clypige</code>,1,0.0005811
213,com,<code>com</code>,1,0.0005811
213,come,<code>come</code>,1,0.0005811
213,comon,<code>comon</code>,1,0.0005811
213,consilio,<code>consilio</code>,1,0.0005811
213,cristenan,<code>cristenan</code>,1,0.0005811
213,cristesbec,<code>cristesbec</code>,1,0.0005811
213,cu&eth;,<code>cu&amp;d;</code>,1,0.0005811
213,cu&eth;e,<code>cu&amp;d;e</code>,1,0.0005811
213,cu&eth;on,<code>cu&amp;d;on</code>,1,0.0005811
213,cum,<code>cum</code>,1,0.0005811
213,cunne,<code>cunne</code>,1,0.0005811
213,cw&aelig;don,<code>cw&amp;ae;don</code>,1,0.0005811
213,cwy&eth;,<code>cwy&amp;d;</code>,1,0.0005811
213,cy&eth;an,<code>cy&amp;d;an</code>,1,0.0005811
213,cy&thorn;an,<code>cy&amp;t;an</code>,1,0.0005811
213,cydde,<code>cydde</code>,1,0.0005811
213,cyningas,<code>cyningas</code>,1,0.0005811
213,cyningum,<code>cyningum</code>,1,0.0005811
213,d&aelig;de,<code>d&amp;ae;de</code>,1,0.0005811
213,d&aelig;ge,<code>d&amp;ae;ge</code>,1,0.0005811
213,dare,<code>dare</code>,1,0.0005811
213,de&eth;,<code>de&amp;d;</code>,1,0.0005811
213,dea&eth;,<code>dea&amp;d;</code>,1,0.0005811
213,dea&eth;e,<code>dea&amp;d;e</code>,1,0.0005811
213,deofle,<code>deofle</code>,1,0.0005811
213,digelnysse,<code>digelnysse</code>,1,0.0005811
213,docete,<code>docete</code>,1,0.0005811
213,donne,<code>donne</code>,1,0.0005811
213,drihten,<code>drihten</code>,1,0.0005811
213,drihtnes,<code>drihtnes</code>,1,0.0005811
213,druncon,<code>druncon</code>,1,0.0005811
213,dyde,<code>dyde</code>,1,0.0005811
213,ea&eth;,<code>ea&amp;d;</code>,1,0.0005811
213,ealdan,<code>ealdan</code>,1,0.0005811
213,ealdormannum,<code>ealdormannum</code>,1,0.0005811
213,eallra,<code>eallra</code>,1,0.0005811
213,ealra,<code>ealra</code>,1,0.0005811
213,earfo&eth;nyssa,<code>earfo&amp;d;nyssa</code>,1,0.0005811
213,earfo&eth;nysse,<code>earfo&amp;d;nysse</code>,1,0.0005811
213,eart,<code>eart</code>,1,0.0005811
213,ecan,<code>ecan</code>,1,0.0005811
213,ecnysse,<code>ecnysse</code>,1,0.0005811
213,ege,<code>ege</code>,1,0.0005811
213,ego,<code>ego</code>,1,0.0005811
213,ehteras,<code>ehteras</code>,1,0.0005811
213,ehtnysse,<code>ehtnysse</code>,1,0.0005811
213,embe,<code>embe</code>,1,0.0005811
213,eornostlice,<code>eornostlice</code>,1,0.0005811
213,eos,<code>eos</code>,1,0.0005811
213,ergo,<code>ergo</code>,1,0.0005811
213,estfullum,<code>estfullum</code>,1,0.0005811
213,euntes,<code>euntes</code>,1,0.0005811
213,f&aelig;gere,<code>f&amp;ae;gere</code>,1,0.0005811
213,f&aelig;r,<code>f&amp;ae;r</code>,1,0.0005811
213,f&aelig;ringa,<code>f&amp;ae;ringa</code>,1,0.0005811
213,f&aelig;rlican,<code>f&amp;ae;rlican</code>,1,0.0005811
213,fac,<code>fac</code>,1,0.0005811
213,factum,<code>factum</code>,1,0.0005811
213,fara&eth;,<code>fara&amp;d;</code>,1,0.0005811
213,feor&eth;an,<code>feor&amp;d;an</code>,1,0.0005811
213,filii,<code>filii</code>,1,0.0005811
213,findan,<code>findan</code>,1,0.0005811
213,folc,<code>folc</code>,1,0.0005811
213,folgerum,<code>folgerum</code>,1,0.0005811
213,forbudon,<code>forbudon</code>,1,0.0005811
213,forgeaf,<code>forgeaf</code>,1,0.0005811
213,forgifan,<code>forgifan</code>,1,0.0005811
213,forl&aelig;ton,<code>forl&amp;ae;ton</code>,1,0.0005811
213,forwyrd,<code>forwyrd</code>,1,0.0005811
213,fremminge,<code>fremminge</code>,1,0.0005811
213,fremu,<code>fremu</code>,1,0.0005811
213,frofor,<code>frofor</code>,1,0.0005811
213,froforgast,<code>froforgast</code>,1,0.0005811
213,frym&eth;e,<code>frym&amp;d;e</code>,1,0.0005811
213,fullia&eth;,<code>fullia&amp;d;</code>,1,0.0005811
213,fulluhtere,<code>fulluhtere</code>,1,0.0005811
213,fultume,<code>fultume</code>,1,0.0005811
213,fundunge,<code>fundunge</code>,1,0.0005811
213,fyres,<code>fyres</code>,1,0.0005811
213,fyrlenum,<code>fyrlenum</code>,1,0.0005811
213,gaste,<code>gaste</code>,1,0.0005811
213,gastlican,<code>gastlican</code>,1,0.0005811
213,ge&aelig;swicod,<code>ge&amp;ae;swicod</code>,1,0.0005811
213,gearcia&eth;,<code>gearcia&amp;d;</code>,1,0.0005811
213,gearcian,<code>gearcian</code>,1,0.0005811
213,gearcion,<code>gearcion</code>,1,0.0005811
213,gebylde,<code>gebylde</code>,1,0.0005811
213,gebysnunga,<code>gebysnunga</code>,1,0.0005811
213,gecwemdon,<code>gecwemdon</code>,1,0.0005811
213,gecy&thorn;nysse,<code>gecy&amp;t;nysse</code>,1,0.0005811
213,gedafena&eth;,<code>gedafena&amp;d;</code>,1,0.0005811
213,gedwolan,<code>gedwolan</code>,1,0.0005811
213,gedwyld,<code>gedwyld</code>,1,0.0005811
213,gefada,<code>gefada</code>,1,0.0005811
213,gefeoht,<code>gefeoht</code>,1,0.0005811
213,gefeohte,<code>gefeohte</code>,1,0.0005811
213,geferum,<code>geferum</code>,1,0.0005811
213,gefullode,<code>gefullode</code>,1,0.0005811
213,gehalgod,<code>gehalgod</code>,1,0.0005811
213,gehelpan,<code>gehelpan</code>,1,0.0005811
213,gehwa,<code>gehwa</code>,1,0.0005811
213,gehylt,<code>gehylt</code>,1,0.0005811
213,gehyran,<code>gehyran</code>,1,0.0005811
213,gehyrsumienne,<code>gehyrsumienne</code>,1,0.0005811
213,geleafa,<code>geleafa</code>,1,0.0005811
213,gelic,<code>gelic</code>,1,0.0005811
213,gelicnysse,<code>gelicnysse</code>,1,0.0005811
213,gemotum,<code>gemotum</code>,1,0.0005811
213,geniman,<code>geniman</code>,1,0.0005811
213,gentes,<code>gentes</code>,1,0.0005811
213,geopenode,<code>geopenode</code>,1,0.0005811
213,gerihtl&aelig;can,<code>gerihtl&amp;ae;can</code>,1,0.0005811
213,ges&aelig;l&thorn;e,<code>ges&amp;ae;l&amp;t;e</code>,1,0.0005811
213,gesamnunge,<code>gesamnunge</code>,1,0.0005811
213,gesawon,<code>gesawon</code>,1,0.0005811
213,gesetnys,<code>gesetnys</code>,1,0.0005811
213,gestranga&eth;,<code>gestranga&amp;d;</code>,1,0.0005811
213,gestrangod,<code>gestrangod</code>,1,0.0005811
213,gesund,<code>gesund</code>,1,0.0005811
213,geswican,<code>geswican</code>,1,0.0005811
213,geswutelod,<code>geswutelod</code>,1,0.0005811
213,getrymde,<code>getrymde</code>,1,0.0005811
213,geutlagian,<code>geutlagian</code>,1,0.0005811
213,gewille,<code>gewille</code>,1,0.0005811
213,gewinne,<code>gewinne</code>,1,0.0005811
213,gewissa&eth;,<code>gewissa&amp;d;</code>,1,0.0005811
213,gewissode,<code>gewissode</code>,1,0.0005811
213,gewita,<code>gewita</code>,1,0.0005811
213,gewitnys,<code>gewitnys</code>,1,0.0005811
213,gewitnyss,<code>gewitnyss</code>,1,0.0005811
213,gewitnysse,<code>gewitnysse</code>,1,0.0005811
213,gewyr&eth;,<code>gewyr&amp;d;</code>,1,0.0005811
213,glada&thorn;,<code>glada&amp;t;</code>,1,0.0005811
213,godcundnysse,<code>godcundnysse</code>,1,0.0005811
213,godum,<code>godum</code>,1,0.0005811
213,goldhord,<code>goldhord</code>,1,0.0005811
213,gylte,<code>gylte</code>,1,0.0005811
213,gyt,<code>gyt</code>,1,0.0005811
213,h&aelig;fdon,<code>h&amp;ae;fdon</code>,1,0.0005811
213,habban,<code>habban</code>,1,0.0005811
213,halga,<code>halga</code>,1,0.0005811
213,halig,<code>halig</code>,1,0.0005811
213,handgeweorc,<code>handgeweorc</code>,1,0.0005811
213,hatungum,<code>hatungum</code>,1,0.0005811
213,healdan,<code>healdan</code>,1,0.0005811
213,healdenne,<code>healdenne</code>,1,0.0005811
213,helias,<code>helias</code>,1,0.0005811
213,heofenlican,<code>heofenlican</code>,1,0.0005811
213,heofonlican,<code>heofonlican</code>,1,0.0005811
213,here,<code>here</code>,1,0.0005811
213,hieremias,<code>hieremias</code>,1,0.0005811
213,hihtleas,<code>hihtleas</code>,1,0.0005811
213,hlisan,<code>hlisan</code>,1,0.0005811
213,hwilcne,<code>hwilcne</code>,1,0.0005811
213,hy,<code>hy</code>,1,0.0005811
213,hyrde,<code>hyrde</code>,1,0.0005811
213,incundre,<code>incundre</code>,1,0.0005811
213,ingehyde,<code>ingehyde</code>,1,0.0005811
213,inngehyde,<code>inngehyde</code>,1,0.0005811
213,isen,<code>isen</code>,1,0.0005811
213,l&aelig;ra&eth;,<code>l&amp;ae;ra&amp;d;</code>,1,0.0005811
213,lage,<code>lage</code>,1,0.0005811
213,landum,<code>landum</code>,1,0.0005811
213,leode,<code>leode</code>,1,0.0005811
213,let,<code>let</code>,1,0.0005811
213,life,<code>life</code>,1,0.0005811
213,lifes,<code>lifes</code>,1,0.0005811
213,lifigendan,<code>lifigendan</code>,1,0.0005811
213,locutus,<code>locutus</code>,1,0.0005811
213,lufedon,<code>lufedon</code>,1,0.0005811
213,lufia&eth;,<code>lufia&amp;d;</code>,1,0.0005811
213,lufu,<code>lufu</code>,1,0.0005811
213,m&aelig;g,<code>m&amp;ae;g</code>,1,0.0005811
213,man,<code>man</code>,1,0.0005811
213,mana&eth;,<code>mana&amp;d;</code>,1,0.0005811
213,mancynn,<code>mancynn</code>,1,0.0005811
213,mancynne,<code>mancynne</code>,1,0.0005811
213,manegum,<code>manegum</code>,1,0.0005811
213,mann,<code>mann</code>,1,0.0005811
213,maran,<code>maran</code>,1,0.0005811
213,martyras,<code>martyras</code>,1,0.0005811
213,matheus,<code>matheus</code>,1,0.0005811
213,merien,<code>merien</code>,1,0.0005811
213,micclan,<code>micclan</code>,1,0.0005811
213,mihtiglice,<code>mihtiglice</code>,1,0.0005811
213,mod,<code>mod</code>,1,0.0005811
213,modes,<code>modes</code>,1,0.0005811
213,moyses,<code>moyses</code>,1,0.0005811
213,mundo,<code>mundo</code>,1,0.0005811
213,myne,<code>myne</code>,1,0.0005811
213,n&aelig;f&eth;,<code>n&amp;ae;f&amp;d;</code>,1,0.0005811
213,n&aelig;s,<code>n&amp;ae;s</code>,1,0.0005811
213,na&eth;or,<code>na&amp;d;or</code>,1,0.0005811
213,nabba&eth;,<code>nabba&amp;d;</code>,1,0.0005811
213,nahwar,<code>nahwar</code>,1,0.0005811
213,naman,<code>naman</code>,1,0.0005811
213,neod,<code>neod</code>,1,0.0005811
213,nextan,<code>nextan</code>,1,0.0005811
213,ni&eth;fullum,<code>ni&amp;d;fullum</code>,1,0.0005811
213,nihte,<code>nihte</code>,1,0.0005811
213,nis,<code>nis</code>,1,0.0005811
213,niwan,<code>niwan</code>,1,0.0005811
213,nomine,<code>nomine</code>,1,0.0005811
213,non,<code>non</code>,1,0.0005811
213,o&eth;,<code>o&amp;d;</code>,1,0.0005811
213,o&eth;re,<code>o&amp;d;re</code>,1,0.0005811
213,o&thorn;erne,<code>o&amp;t;erne</code>,1,0.0005811
213,o&thorn;re,<code>o&amp;t;re</code>,1,0.0005811
213,o&thorn;rum,<code>o&amp;t;rum</code>,1,0.0005811
213,occultus,<code>occultus</code>,1,0.0005811
213,of&eth;ing&thorn;,<code>of&amp;d;ing&amp;t;</code>,1,0.0005811
213,ofslagene,<code>ofslagene</code>,1,0.0005811
213,oftorfodon,<code>oftorfodon</code>,1,0.0005811
213,oftr&aelig;dlice,<code>oftr&amp;ae;dlice</code>,1,0.0005811
213,omnes,<code>omnes</code>,1,0.0005811
213,omnia,<code>omnia</code>,1,0.0005811
213,on&aelig;lde,<code>on&amp;ae;lde</code>,1,0.0005811
213,oncnawa&eth;,<code>oncnawa&amp;d;</code>,1,0.0005811
213,oncnawan,<code>oncnawan</code>,1,0.0005811
213,onfeohtendne,<code>onfeohtendne</code>,1,0.0005811
213,onscunodon,<code>onscunodon</code>,1,0.0005811
213,orwennysse,<code>orwennysse</code>,1,0.0005811
213,p&aelig;nitebis,<code>p&amp;ae;nitebis</code>,1,0.0005811
213,palam,<code>palam</code>,1,0.0005811
213,patris,<code>patris</code>,1,0.0005811
213,post,<code>post</code>,1,0.0005811
213,qu&aelig;,<code>qu&amp;ae;</code>,1,0.0005811
213,r&aelig;da&thorn;,<code>r&amp;ae;da&amp;t;</code>,1,0.0005811
213,r&aelig;de,<code>r&amp;ae;de</code>,1,0.0005811
213,re&eth;nysse,<code>re&amp;d;nysse</code>,1,0.0005811
213,rihte,<code>rihte</code>,1,0.0005811
213,rihtwisan,<code>rihtwisan</code>,1,0.0005811
213,rixa&eth;,<code>rixa&amp;d;</code>,1,0.0005811
213,rununge,<code>rununge</code>,1,0.0005811
213,runungum,<code>runungum</code>,1,0.0005811
213,sancti,<code>sancti</code>,1,0.0005811
213,sapientia,<code>sapientia</code>,1,0.0005811
213,sceal,<code>sceal</code>,1,0.0005811
213,sceolde,<code>sceolde</code>,1,0.0005811
213,sceole,<code>sceole</code>,1,0.0005811
213,sealdon,<code>sealdon</code>,1,0.0005811
213,secge,<code>secge</code>,1,0.0005811
213,secgende,<code>secgende</code>,1,0.0005811
213,sendon,<code>sendon</code>,1,0.0005811
213,seo,<code>seo</code>,1,0.0005811
213,seofonfealdan,<code>seofonfealdan</code>,1,0.0005811
213,seofonfealde,<code>seofonfealde</code>,1,0.0005811
213,si,<code>si</code>,1,0.0005811
213,so&eth;,<code>so&amp;d;</code>,1,0.0005811
213,so&eth;a,<code>so&amp;d;a</code>,1,0.0005811
213,so&eth;e,<code>so&amp;d;e</code>,1,0.0005811
213,so&eth;f&aelig;stre,<code>so&amp;d;f&amp;ae;stre</code>,1,0.0005811
213,speligend,<code>speligend</code>,1,0.0005811
213,spelle,<code>spelle</code>,1,0.0005811
213,spiritus,<code>spiritus</code>,1,0.0005811
213,stanum,<code>stanum</code>,1,0.0005811
213,stephanum,<code>stephanum</code>,1,0.0005811
213,stowe,<code>stowe</code>,1,0.0005811
213,streng&eth;e,<code>streng&amp;d;e</code>,1,0.0005811
213,sumon,<code>sumon</code>,1,0.0005811
213,sumum,<code>sumum</code>,1,0.0005811
213,suna,<code>suna</code>,1,0.0005811
213,swa&eth;eah,<code>swa&amp;d;eah</code>,1,0.0005811
213,swi&eth;or,<code>swi&amp;d;or</code>,1,0.0005811
213,swi&eth;ost,<code>swi&amp;d;ost</code>,1,0.0005811
213,swilce,<code>swilce</code>,1,0.0005811
213,swutelicor,<code>swutelicor</code>,1,0.0005811
213,swutelum,<code>swutelum</code>,1,0.0005811
213,swutelung,<code>swutelung</code>,1,0.0005811
213,swutelunge,<code>swutelunge</code>,1,0.0005811
213,swy&eth;e,<code>swy&amp;d;e</code>,1,0.0005811
213,sy,<code>sy</code>,1,0.0005811
213,sylfa,<code>sylfa</code>,1,0.0005811
213,sylfes,<code>sylfes</code>,1,0.0005811
213,sylfne,<code>sylfne</code>,1,0.0005811
213,sylfwilles,<code>sylfwilles</code>,1,0.0005811
213,syllan,<code>syllan</code>,1,0.0005811
213,syllon,<code>syllon</code>,1,0.0005811
213,synlicum,<code>synlicum</code>,1,0.0005811
213,t&aelig;c&eth;,<code>t&amp;ae;c&amp;d;</code>,1,0.0005811
213,t&aelig;hte,<code>t&amp;ae;hte</code>,1,0.0005811
213,temple,<code>temple</code>,1,0.0005811
213,thesaurus,<code>thesaurus</code>,1,0.0005811
213,tocyme,<code>tocyme</code>,1,0.0005811
213,tod&aelig;l&thorn;,<code>tod&amp;ae;l&amp;t;</code>,1,0.0005811
213,toweardan,<code>toweardan</code>,1,0.0005811
213,tweon,<code>tweon</code>,1,0.0005811
213,under&thorn;eodnysse,<code>under&amp;t;eodnysse</code>,1,0.0005811
213,unrihtan,<code>unrihtan</code>,1,0.0005811
213,unw&aelig;r,<code>unw&amp;ae;r</code>,1,0.0005811
213,upflora,<code>upflora</code>,1,0.0005811
213,ures,<code>ures</code>,1,0.0005811
213,urne,<code>urne</code>,1,0.0005811
213,utilitas,<code>utilitas</code>,1,0.0005811
213,utroque,<code>utroque</code>,1,0.0005811
213,w&aelig;lhreownysse,<code>w&amp;ae;lhreownysse</code>,1,0.0005811
213,w&aelig;re,<code>w&amp;ae;re</code>,1,0.0005811
213,ware,<code>ware</code>,1,0.0005811
213,warnian,<code>warnian</code>,1,0.0005811
213,wealdend,<code>wealdend</code>,1,0.0005811
213,wendon,<code>wendon</code>,1,0.0005811
213,weorcum,<code>weorcum</code>,1,0.0005811
213,wi&eth;cw&aelig;don,<code>wi&amp;d;cw&amp;ae;don</code>,1,0.0005811
213,wide,<code>wide</code>,1,0.0005811
213,willan,<code>willan</code>,1,0.0005811
213,wisan,<code>wisan</code>,1,0.0005811
213,wisdome,<code>wisdome</code>,1,0.0005811
213,wislicum,<code>wislicum</code>,1,0.0005811
213,wiston,<code>wiston</code>,1,0.0005811
213,wita,<code>wita</code>,1,0.0005811
213,witega,<code>witega</code>,1,0.0005811
213,witegan,<code>witegan</code>,1,0.0005811
213,witegodon,<code>witegodon</code>,1,0.0005811
213,witodlice,<code>witodlice</code>,1,0.0005811
213,witum,<code>witum</code>,1,0.0005811
213,wohnysse,<code>wohnysse</code>,1,0.0005811
213,woldon,<code>woldon</code>,1,0.0005811
213,woruldmenn,<code>woruldmenn</code>,1,0.0005811
213,wuldre,<code>wuldre</code>,1,0.0005811
213,wuldres,<code>wuldres</code>,1,0.0005811
213,wundorlice,<code>wundorlice</code>,1,0.0005811
213,wundra,<code>wundra</code>,1,0.0005811
213,wunige,<code>wunige</code>,1,0.0005811
213,wunigende,<code>wunigende</code>,1,0.0005811
213,wunnon,<code>wunnon</code>,1,0.0005811
213,wur&eth;mynt,<code>wur&amp;d;mynt</code>,1,0.0005811
213,wur&eth;ode,<code>wur&amp;d;ode</code>,1,0.0005811
213,wyle,<code>wyle</code>,1,0.0005811
213,wylla&eth;,<code>wylla&amp;d;</code>,1,0.0005811
213,wyrcende,<code>wyrcende</code>,1,0.0005811
213,yfelan,<code>yfelan</code>,1,0.0005811
213,ylca,<code>ylca</code>,1,0.0005811
