B_Prose,B01,B01.003.029_AELS__Denis__T03290.txt,933,625,2637
RANK,HTML WORD,RAW WORD,COUNT,RELATIVE FREQUENCY
1,and,<code>and</code>,139,0.0527114
2,&thorn;a,<code>&amp;t;a</code>,93,0.0352673
3,to,<code>to</code>,64,0.0242700
4,he,<code>he</code>,63,0.0238908
5,mid,<code>mid</code>,58,0.0219947
5,on,<code>on</code>,58,0.0219947
7,swa,<code>swa</code>,56,0.0212363
8,&thorn;am,<code>&amp;t;am</code>,55,0.0208570
9,&thorn;&aelig;t,<code>&amp;t;&amp;ae;t</code>,47,0.0178233
9,se,<code>se</code>,47,0.0178233
11,&thorn;e,<code>&amp;t;e</code>,39,0.0147895
12,his,<code>his</code>,38,0.0144103
13,&thorn;one,<code>&amp;t;one</code>,27,0.0102389
14,hi,<code>hi</code>,26,0.0098597
15,&thorn;&aelig;r,<code>&amp;t;&amp;ae;r</code>,24,0.0091013
15,halgan,<code>halgan</code>,24,0.0091013
17,&thorn;urh,<code>&amp;t;urh</code>,19,0.0072052
17,him,<code>him</code>,19,0.0072052
19,het,<code>het</code>,18,0.0068259
20,geleafan,<code>geleafan</code>,17,0.0064467
21,god,<code>god</code>,16,0.0060675
21,w&aelig;s,<code>w&amp;ae;s</code>,16,0.0060675
23,hine,<code>hine</code>,15,0.0056883
24,&eth;a,<code>&amp;d;a</code>,14,0.0053091
24,for,<code>for</code>,14,0.0053091
24,heora,<code>heora</code>,14,0.0053091
27,ac,<code>ac</code>,13,0.0049298
28,&thorn;&aelig;s,<code>&amp;t;&amp;ae;s</code>,12,0.0045506
28,ealle,<code>ealle</code>,12,0.0045506
28,is,<code>is</code>,12,0.0045506
28,paulus,<code>paulus</code>,12,0.0045506
32,&thorn;&aelig;ra,<code>&amp;t;&amp;ae;ra</code>,10,0.0037922
32,dionisius,<code>dionisius</code>,10,0.0037922
32,lare,<code>lare</code>,10,0.0037922
35,&aelig;t,<code>&amp;ae;t</code>,9,0.0034130
35,&thorn;&aelig;re,<code>&amp;t;&amp;ae;re</code>,9,0.0034130
35,eac,<code>eac</code>,9,0.0034130
35,eft,<code>eft</code>,9,0.0034130
35,gode,<code>gode</code>,9,0.0034130
35,w&aelig;ron,<code>w&amp;ae;ron</code>,9,0.0034130
41,bisceop,<code>bisceop</code>,8,0.0030338
41,com,<code>com</code>,8,0.0030338
41,fela,<code>fela</code>,8,0.0030338
41,godes,<code>godes</code>,8,0.0030338
41,lic,<code>lic</code>,8,0.0030338
41,man,<code>man</code>,8,0.0030338
41,mihte,<code>mihte</code>,8,0.0030338
41,o&eth;,<code>o&amp;d;</code>,8,0.0030338
41,sona,<code>sona</code>,8,0.0030338
41,wolde,<code>wolde</code>,8,0.0030338
51,&thorn;u,<code>&amp;t;u</code>,7,0.0026545
51,be,<code>be</code>,7,0.0026545
51,byrig,<code>byrig</code>,7,0.0026545
51,cw&aelig;&eth;,<code>cw&amp;ae;&amp;d;</code>,7,0.0026545
51,h&aelig;lend,<code>h&amp;ae;lend</code>,7,0.0026545
51,mannum,<code>mannum</code>,7,0.0026545
51,sisinnius,<code>sisinnius</code>,7,0.0026545
58,&eth;e,<code>&amp;d;e</code>,6,0.0022753
58,bisceope,<code>bisceope</code>,6,0.0022753
58,dyonisius,<code>dyonisius</code>,6,0.0022753
58,gif,<code>gif</code>,6,0.0022753
58,h&aelig;lendes,<code>h&amp;ae;lendes</code>,6,0.0022753
58,halga,<code>halga</code>,6,0.0022753
58,hw&aelig;t,<code>hw&amp;ae;t</code>,6,0.0022753
58,ic,<code>ic</code>,6,0.0022753
58,ne,<code>ne</code>,6,0.0022753
58,of,<code>of</code>,6,0.0022753
58,rice,<code>rice</code>,6,0.0022753
69,&aelig;r,<code>&amp;ae;r</code>,5,0.0018961
69,&thorn;is,<code>&amp;t;is</code>,5,0.0018961
69,casere,<code>casere</code>,5,0.0018961
69,crist,<code>crist</code>,5,0.0018961
69,cwearterne,<code>cwearterne</code>,5,0.0018961
69,dema,<code>dema</code>,5,0.0018961
69,drihtnes,<code>drihtnes</code>,5,0.0018961
69,eallum,<code>eallum</code>,5,0.0018961
69,eode,<code>eode</code>,5,0.0018961
69,ferde,<code>ferde</code>,5,0.0018961
69,fram,<code>fram</code>,5,0.0018961
69,geboren,<code>geboren</code>,5,0.0018961
69,git,<code>git</code>,5,0.0018961
69,hu,<code>hu</code>,5,0.0018961
69,seo,<code>seo</code>,5,0.0018961
69,si&eth;&eth;an,<code>si&amp;d;&amp;d;an</code>,5,0.0018961
69,sylf,<code>sylf</code>,5,0.0018961
69,wer,<code>wer</code>,5,0.0018961
69,wundra,<code>wundra</code>,5,0.0018961
88,bec,<code>bec</code>,4,0.0015169
88,bodigende,<code>bodigende</code>,4,0.0015169
88,drihten,<code>drihten</code>,4,0.0015169
88,dyde,<code>dyde</code>,4,0.0015169
88,engla,<code>engla</code>,4,0.0015169
88,f&aelig;der,<code>f&amp;ae;der</code>,4,0.0015169
88,francena,<code>francena</code>,4,0.0015169
88,funde,<code>funde</code>,4,0.0015169
88,ge,<code>ge</code>,4,0.0015169
88,gebigde,<code>gebigde</code>,4,0.0015169
88,gehaten,<code>gehaten</code>,4,0.0015169
88,gelyfan,<code>gelyfan</code>,4,0.0015169
88,geond,<code>geond</code>,4,0.0015169
88,h&aelig;&eth;enan,<code>h&amp;ae;&amp;d;enan</code>,4,0.0015169
88,hit,<code>hit</code>,4,0.0015169
88,hra&eth;e,<code>hra&amp;d;e</code>,4,0.0015169
88,land,<code>land</code>,4,0.0015169
88,leoht,<code>leoht</code>,4,0.0015169
88,m&aelig;ran,<code>m&amp;ae;ran</code>,4,0.0015169
88,minum,<code>minum</code>,4,0.0015169
88,nero,<code>nero</code>,4,0.0015169
88,o&thorn;,<code>o&amp;t;</code>,4,0.0015169
88,o&thorn;rum,<code>o&amp;t;rum</code>,4,0.0015169
88,ofer,<code>ofer</code>,4,0.0015169
88,paule,<code>paule</code>,4,0.0015169
88,rome,<code>rome</code>,4,0.0015169
88,so&eth;lice,<code>so&amp;d;lice</code>,4,0.0015169
88,sum,<code>sum</code>,4,0.0015169
88,sume,<code>sume</code>,4,0.0015169
88,swi&eth;e,<code>swi&amp;d;e</code>,4,0.0015169
88,us,<code>us</code>,4,0.0015169
88,w&aelig;lhreowa,<code>w&amp;ae;lhreowa</code>,4,0.0015169
88,we,<code>we</code>,4,0.0015169
121,&aelig;fter,<code>&amp;ae;fter</code>,3,0.0011377
121,&thorn;onne,<code>&amp;t;onne</code>,3,0.0011377
121,acwellan,<code>acwellan</code>,3,0.0011377
121,andwyrde,<code>andwyrde</code>,3,0.0011377
121,aras,<code>aras</code>,3,0.0011377
121,arwur&eth;an,<code>arwur&amp;d;an</code>,3,0.0011377
121,bealdlice,<code>bealdlice</code>,3,0.0011377
121,beo,<code>beo</code>,3,0.0011377
121,bodode,<code>bodode</code>,3,0.0011377
121,cristenan,<code>cristenan</code>,3,0.0011377
121,cristendom,<code>cristendom</code>,3,0.0011377
121,cwelleras,<code>cwelleras</code>,3,0.0011377
121,deofol,<code>deofol</code>,3,0.0011377
121,dionisies,<code>dionisies</code>,3,0.0011377
121,drihtne,<code>drihtne</code>,3,0.0011377
121,eow,<code>eow</code>,3,0.0011377
121,gast,<code>gast</code>,3,0.0011377
121,geferan,<code>geferan</code>,3,0.0011377
121,gehadode,<code>gehadode</code>,3,0.0011377
121,georne,<code>georne</code>,3,0.0011377
121,gesawon,<code>gesawon</code>,3,0.0011377
121,godas,<code>godas</code>,3,0.0011377
121,godum,<code>godum</code>,3,0.0011377
121,h&aelig;&eth;enum,<code>h&amp;ae;&amp;d;enum</code>,3,0.0011377
121,heofonlican,<code>heofonlican</code>,3,0.0011377
121,heofonum,<code>heofonum</code>,3,0.0011377
121,lande,<code>lande</code>,3,0.0011377
121,lareow,<code>lareow</code>,3,0.0011377
121,leohte,<code>leohte</code>,3,0.0011377
121,life,<code>life</code>,3,0.0011377
121,menn,<code>menn</code>,3,0.0011377
121,micclum,<code>micclum</code>,3,0.0011377
121,micel,<code>micel</code>,3,0.0011377
121,nam,<code>nam</code>,3,0.0011377
121,naman,<code>naman</code>,3,0.0011377
121,nolde,<code>nolde</code>,3,0.0011377
121,nu,<code>nu</code>,3,0.0011377
121,sende,<code>sende</code>,3,0.0011377
121,sumne,<code>sumne</code>,3,0.0011377
121,swingan,<code>swingan</code>,3,0.0011377
121,w&aelig;lhreowan,<code>w&amp;ae;lhreowan</code>,3,0.0011377
121,wear&eth;,<code>wear&amp;d;</code>,3,0.0011377
121,were,<code>were</code>,3,0.0011377
121,witum,<code>witum</code>,3,0.0011377
121,worulde,<code>worulde</code>,3,0.0011377
121,wuna&eth;,<code>wuna&amp;d;</code>,3,0.0011377
121,wundor,<code>wundor</code>,3,0.0011377
121,wunode,<code>wunode</code>,3,0.0011377
121,wurdon,<code>wurdon</code>,3,0.0011377
170,&aelig;fre,<code>&amp;ae;fre</code>,2,0.0007584
170,&aelig;nne,<code>&amp;ae;nne</code>,2,0.0007584
170,&eth;&aelig;r,<code>&amp;d;&amp;ae;r</code>,2,0.0007584
170,&eth;am,<code>&amp;d;am</code>,2,0.0007584
170,&thorn;isne,<code>&amp;t;isne</code>,2,0.0007584
170,&thorn;rowian,<code>&amp;t;rowian</code>,2,0.0007584
170,&thorn;rowode,<code>&amp;t;rowode</code>,2,0.0007584
170,&thorn;ry,<code>&amp;t;ry</code>,2,0.0007584
170,&thorn;us,<code>&amp;t;us</code>,2,0.0007584
170,a,<code>a</code>,2,0.0007584
170,afyrhte,<code>afyrhte</code>,2,0.0007584
170,alysednysse,<code>alysednysse</code>,2,0.0007584
170,anum,<code>anum</code>,2,0.0007584
170,apostol,<code>apostol</code>,2,0.0007584
170,apostolas,<code>apostolas</code>,2,0.0007584
170,arwur&thorn;an,<code>arwur&amp;t;an</code>,2,0.0007584
170,asende,<code>asende</code>,2,0.0007584
170,aweg,<code>aweg</code>,2,0.0007584
170,axode,<code>axode</code>,2,0.0007584
170,b&aelig;d,<code>b&amp;ae;d</code>,2,0.0007584
170,bebead,<code>bebead</code>,2,0.0007584
170,becom,<code>becom</code>,2,0.0007584
170,bedde,<code>bedde</code>,2,0.0007584
170,beheafdode,<code>beheafdode</code>,2,0.0007584
170,belaf,<code>belaf</code>,2,0.0007584
170,bi&eth;,<code>bi&amp;d;</code>,2,0.0007584
170,biddende,<code>biddende</code>,2,0.0007584
170,biggencgum,<code>biggencgum</code>,2,0.0007584
170,biggengum,<code>biggengum</code>,2,0.0007584
170,blind,<code>blind</code>,2,0.0007584
170,burhware,<code>burhware</code>,2,0.0007584
170,buton,<code>buton</code>,2,0.0007584
170,clemens,<code>clemens</code>,2,0.0007584
170,comon,<code>comon</code>,2,0.0007584
170,cristene,<code>cristene</code>,2,0.0007584
170,cristes,<code>cristes</code>,2,0.0007584
170,cyrcan,<code>cyrcan</code>,2,0.0007584
170,d&aelig;ge,<code>d&amp;ae;ge</code>,2,0.0007584
170,dea&eth;,<code>dea&amp;d;</code>,2,0.0007584
170,dea&eth;e,<code>dea&amp;d;e</code>,2,0.0007584
170,deoplice,<code>deoplice</code>,2,0.0007584
170,drohtnunge,<code>drohtnunge</code>,2,0.0007584
170,dune,<code>dune</code>,2,0.0007584
170,dyonisie,<code>dyonisie</code>,2,0.0007584
170,eadiga,<code>eadiga</code>,2,0.0007584
170,eagan,<code>eagan</code>,2,0.0007584
170,eall,<code>eall</code>,2,0.0007584
170,eart,<code>eart</code>,2,0.0007584
170,eleutherius,<code>eleutherius</code>,2,0.0007584
170,embe,<code>embe</code>,2,0.0007584
170,ende,<code>ende</code>,2,0.0007584
170,ferdon,<code>ferdon</code>,2,0.0007584
170,folc,<code>folc</code>,2,0.0007584
170,fulum,<code>fulum</code>,2,0.0007584
170,geferum,<code>geferum</code>,2,0.0007584
170,gefullod,<code>gefullod</code>,2,0.0007584
170,geh&aelig;lde,<code>geh&amp;ae;lde</code>,2,0.0007584
170,gel&aelig;red,<code>gel&amp;ae;red</code>,2,0.0007584
170,gelamp,<code>gelamp</code>,2,0.0007584
170,geleaffullan,<code>geleaffullan</code>,2,0.0007584
170,geleafleaste,<code>geleafleaste</code>,2,0.0007584
170,gelome,<code>gelome</code>,2,0.0007584
170,gelyfdon,<code>gelyfdon</code>,2,0.0007584
170,gemynd,<code>gemynd</code>,2,0.0007584
170,geseah,<code>geseah</code>,2,0.0007584
170,gesih&eth;e,<code>gesih&amp;d;e</code>,2,0.0007584
170,gewear&eth;,<code>gewear&amp;d;</code>,2,0.0007584
170,gewende,<code>gewende</code>,2,0.0007584
170,geworhte,<code>geworhte</code>,2,0.0007584
170,gewrit,<code>gewrit</code>,2,0.0007584
170,godspel,<code>godspel</code>,2,0.0007584
170,h&aelig;&eth;enscipe,<code>h&amp;ae;&amp;d;enscipe</code>,2,0.0007584
170,h&aelig;&thorn;enan,<code>h&amp;ae;&amp;t;enan</code>,2,0.0007584
170,h&aelig;sa,<code>h&amp;ae;sa</code>,2,0.0007584
170,halgum,<code>halgum</code>,2,0.0007584
170,halige,<code>halige</code>,2,0.0007584
170,heardum,<code>heardum</code>,2,0.0007584
170,hencgene,<code>hencgene</code>,2,0.0007584
170,heo,<code>heo</code>,2,0.0007584
170,heofonlic,<code>heofonlic</code>,2,0.0007584
170,herigende,<code>herigende</code>,2,0.0007584
170,husel,<code>husel</code>,2,0.0007584
170,hwider,<code>hwider</code>,2,0.0007584
170,hwile,<code>hwile</code>,2,0.0007584
170,iglande,<code>iglande</code>,2,0.0007584
170,iohannes,<code>iohannes</code>,2,0.0007584
170,l&aelig;dan,<code>l&amp;ae;dan</code>,2,0.0007584
170,lagon,<code>lagon</code>,2,0.0007584
170,landum,<code>landum</code>,2,0.0007584
170,leofa,<code>leofa</code>,2,0.0007584
170,leohtleasum,<code>leohtleasum</code>,2,0.0007584
170,m&aelig;re,<code>m&amp;ae;re</code>,2,0.0007584
170,m&aelig;ssepreost,<code>m&amp;ae;ssepreost</code>,2,0.0007584
170,mancynnes,<code>mancynnes</code>,2,0.0007584
170,manfullan,<code>manfullan</code>,2,0.0007584
170,mann,<code>mann</code>,2,0.0007584
170,martyr,<code>martyr</code>,2,0.0007584
170,martyra,<code>martyra</code>,2,0.0007584
170,men,<code>men</code>,2,0.0007584
170,micelne,<code>micelne</code>,2,0.0007584
170,mihton,<code>mihton</code>,2,0.0007584
170,min,<code>min</code>,2,0.0007584
170,mu&eth;e,<code>mu&amp;d;e</code>,2,0.0007584
170,nan,<code>nan</code>,2,0.0007584
170,nextan,<code>nextan</code>,2,0.0007584
170,o&eth;&eth;e,<code>o&amp;d;&amp;d;e</code>,2,0.0007584
170,onlihte,<code>onlihte</code>,2,0.0007584
170,paulum,<code>paulum</code>,2,0.0007584
170,petre,<code>petre</code>,2,0.0007584
170,rusticus,<code>rusticus</code>,2,0.0007584
170,sang,<code>sang</code>,2,0.0007584
170,sceolde,<code>sceolde</code>,2,0.0007584
170,scipe,<code>scipe</code>,2,0.0007584
170,secga&eth;,<code>secga&amp;d;</code>,2,0.0007584
170,secga&thorn;,<code>secga&amp;t;</code>,2,0.0007584
170,so&eth;,<code>so&amp;d;</code>,2,0.0007584
170,so&eth;an,<code>so&amp;d;an</code>,2,0.0007584
170,sumum,<code>sumum</code>,2,0.0007584
170,sungon,<code>sungon</code>,2,0.0007584
170,sunne,<code>sunne</code>,2,0.0007584
170,sunu,<code>sunu</code>,2,0.0007584
170,swi&eth;licum,<code>swi&amp;d;licum</code>,2,0.0007584
170,swilce,<code>swilce</code>,2,0.0007584
170,swy&eth;e,<code>swy&amp;d;e</code>,2,0.0007584
170,swylce,<code>swylce</code>,2,0.0007584
170,sylfwilles,<code>sylfwilles</code>,2,0.0007584
170,tihte,<code>tihte</code>,2,0.0007584
170,tosomne,<code>tosomne</code>,2,0.0007584
170,towerd,<code>towerd</code>,2,0.0007584
170,under,<code>under</code>,2,0.0007584
170,underfeng,<code>underfeng</code>,2,0.0007584
170,uppan,<code>uppan</code>,2,0.0007584
170,w&aelig;pnum,<code>w&amp;ae;pnum</code>,2,0.0007584
170,w&aelig;re,<code>w&amp;ae;re</code>,2,0.0007584
170,weofod,<code>weofod</code>,2,0.0007584
170,wiste,<code>wiste</code>,2,0.0007584
170,wordum,<code>wordum</code>,2,0.0007584
170,worhte,<code>worhte</code>,2,0.0007584
170,wundrum,<code>wundrum</code>,2,0.0007584
309,&aelig;&thorn;elan,<code>&amp;ae;&amp;t;elan</code>,1,0.0003792
309,&aelig;&thorn;elboren,<code>&amp;ae;&amp;t;elboren</code>,1,0.0003792
309,&aelig;lcum,<code>&amp;ae;lcum</code>,1,0.0003792
309,&aelig;lmihtiga,<code>&amp;ae;lmihtiga</code>,1,0.0003792
309,&aelig;lmihtigan,<code>&amp;ae;lmihtigan</code>,1,0.0003792
309,&aelig;lmihtigne,<code>&amp;ae;lmihtigne</code>,1,0.0003792
309,&aelig;nig,<code>&amp;ae;nig</code>,1,0.0003792
309,&aelig;nlicum,<code>&amp;ae;nlicum</code>,1,0.0003792
309,&aelig;rendracan,<code>&amp;ae;rendracan</code>,1,0.0003792
309,&aelig;tbr&aelig;d,<code>&amp;ae;tbr&amp;ae;d</code>,1,0.0003792
309,&aelig;teowian,<code>&amp;ae;teowian</code>,1,0.0003792
309,&aelig;tstandendum,<code>&amp;ae;tstandendum</code>,1,0.0003792
309,&aelig;xum,<code>&amp;ae;xum</code>,1,0.0003792
309,&eth;&aelig;gen,<code>&amp;d;&amp;ae;gen</code>,1,0.0003792
309,&eth;&aelig;re,<code>&amp;d;&amp;ae;re</code>,1,0.0003792
309,&eth;&aelig;s,<code>&amp;d;&amp;ae;s</code>,1,0.0003792
309,&eth;&aelig;t,<code>&amp;d;&amp;ae;t</code>,1,0.0003792
309,&eth;eoda,<code>&amp;d;eoda</code>,1,0.0003792
309,&eth;one,<code>&amp;d;one</code>,1,0.0003792
309,&eth;onne,<code>&amp;d;onne</code>,1,0.0003792
309,&eth;ry,<code>&amp;d;ry</code>,1,0.0003792
309,&eth;rynnysse,<code>&amp;d;rynnysse</code>,1,0.0003792
309,&eth;us,<code>&amp;d;us</code>,1,0.0003792
309,&thorn;&aelig;gen,<code>&amp;t;&amp;ae;gen</code>,1,0.0003792
309,&thorn;&aelig;m,<code>&amp;t;&amp;ae;m</code>,1,0.0003792
309,&thorn;&aelig;ron,<code>&amp;t;&amp;ae;ron</code>,1,0.0003792
309,&thorn;&aelig;rto,<code>&amp;t;&amp;ae;rto</code>,1,0.0003792
309,&thorn;an,<code>&amp;t;an</code>,1,0.0003792
309,&thorn;ancode,<code>&amp;t;ancode</code>,1,0.0003792
309,&thorn;anon,<code>&amp;t;anon</code>,1,0.0003792
309,&thorn;as,<code>&amp;t;as</code>,1,0.0003792
309,&thorn;eah,<code>&amp;t;eah</code>,1,0.0003792
309,&thorn;eos,<code>&amp;t;eos</code>,1,0.0003792
309,&thorn;eowas,<code>&amp;t;eowas</code>,1,0.0003792
309,&thorn;eowian,<code>&amp;t;eowian</code>,1,0.0003792
309,&thorn;in,<code>&amp;t;in</code>,1,0.0003792
309,&thorn;inc&eth;,<code>&amp;t;inc&amp;d;</code>,1,0.0003792
309,&thorn;incg,<code>&amp;t;incg</code>,1,0.0003792
309,&thorn;ing,<code>&amp;t;ing</code>,1,0.0003792
309,&thorn;inre,<code>&amp;t;inre</code>,1,0.0003792
309,&thorn;inum,<code>&amp;t;inum</code>,1,0.0003792
309,&thorn;isre,<code>&amp;t;isre</code>,1,0.0003792
309,&thorn;reate,<code>&amp;t;reate</code>,1,0.0003792
309,&thorn;reo,<code>&amp;t;reo</code>,1,0.0003792
309,&thorn;urhwunodon,<code>&amp;t;urhwunodon</code>,1,0.0003792
309,&thorn;yder,<code>&amp;t;yder</code>,1,0.0003792
309,&thorn;yssere,<code>&amp;t;yssere</code>,1,0.0003792
309,&thorn;ysum,<code>&amp;t;ysum</code>,1,0.0003792
309,a&thorn;ystrode,<code>a&amp;t;ystrode</code>,1,0.0003792
309,abiton,<code>abiton</code>,1,0.0003792
309,acenned,<code>acenned</code>,1,0.0003792
309,acucode,<code>acucode</code>,1,0.0003792
309,adune,<code>adune</code>,1,0.0003792
309,adwescan,<code>adwescan</code>,1,0.0003792
309,adwescton,<code>adwescton</code>,1,0.0003792
309,adylegod,<code>adylegod</code>,1,0.0003792
309,afylled,<code>afylled</code>,1,0.0003792
309,afyrht,<code>afyrht</code>,1,0.0003792
309,agen,<code>agen</code>,1,0.0003792
309,ahreddan,<code>ahreddan</code>,1,0.0003792
309,alysenne,<code>alysenne</code>,1,0.0003792
309,amen,<code>amen</code>,1,0.0003792
309,an,<code>an</code>,1,0.0003792
309,andan,<code>andan</code>,1,0.0003792
309,andetta&eth;,<code>andetta&amp;d;</code>,1,0.0003792
309,andreas,<code>andreas</code>,1,0.0003792
309,andwyrdan,<code>andwyrdan</code>,1,0.0003792
309,ane,<code>ane</code>,1,0.0003792
309,anlicnyssa,<code>anlicnyssa</code>,1,0.0003792
309,anre,<code>anre</code>,1,0.0003792
309,ansyne,<code>ansyne</code>,1,0.0003792
309,apostole,<code>apostole</code>,1,0.0003792
309,apostolum,<code>apostolum</code>,1,0.0003792
309,ar&aelig;rde,<code>ar&amp;ae;rde</code>,1,0.0003792
309,arlease,<code>arlease</code>,1,0.0003792
309,arwur&eth;ia&eth;,<code>arwur&amp;d;ia&amp;d;</code>,1,0.0003792
309,arwur&eth;lice,<code>arwur&amp;d;lice</code>,1,0.0003792
309,arwur&eth;nysse,<code>arwur&amp;d;nysse</code>,1,0.0003792
309,arwur&eth;um,<code>arwur&amp;d;um</code>,1,0.0003792
309,asian,<code>asian</code>,1,0.0003792
309,astah,<code>astah</code>,1,0.0003792
309,astr&aelig;hton,<code>astr&amp;ae;hton</code>,1,0.0003792
309,astrehte,<code>astrehte</code>,1,0.0003792
309,astyrod,<code>astyrod</code>,1,0.0003792
309,astyrode,<code>astyrode</code>,1,0.0003792
309,astyrodon,<code>astyrodon</code>,1,0.0003792
309,athenas,<code>athenas</code>,1,0.0003792
309,atheniscan,<code>atheniscan</code>,1,0.0003792
309,aw&aelig;g,<code>aw&amp;ae;g</code>,1,0.0003792
309,awende,<code>awende</code>,1,0.0003792
309,awritan,<code>awritan</code>,1,0.0003792
309,awriton,<code>awriton</code>,1,0.0003792
309,awurpan,<code>awurpan</code>,1,0.0003792
309,awurpon,<code>awurpon</code>,1,0.0003792
309,b&aelig;don,<code>b&amp;ae;don</code>,1,0.0003792
309,b&aelig;ron,<code>b&amp;ae;ron</code>,1,0.0003792
309,bead,<code>bead</code>,1,0.0003792
309,become,<code>become</code>,1,0.0003792
309,beheafdian,<code>beheafdian</code>,1,0.0003792
309,behet,<code>behet</code>,1,0.0003792
309,bel&aelig;fde,<code>bel&amp;ae;fde</code>,1,0.0003792
309,bena,<code>bena</code>,1,0.0003792
309,beo&eth;,<code>beo&amp;d;</code>,1,0.0003792
309,beo&thorn;,<code>beo&amp;t;</code>,1,0.0003792
309,beorhte,<code>beorhte</code>,1,0.0003792
309,besencan,<code>besencan</code>,1,0.0003792
309,beswingan,<code>beswingan</code>,1,0.0003792
309,bet&aelig;hte,<code>bet&amp;ae;hte</code>,1,0.0003792
309,betwux,<code>betwux</code>,1,0.0003792
309,bewende,<code>bewende</code>,1,0.0003792
309,bi&thorn;,<code>bi&amp;t;</code>,1,0.0003792
309,bindene,<code>bindene</code>,1,0.0003792
309,binnan,<code>binnan</code>,1,0.0003792
309,bisceopes,<code>bisceopes</code>,1,0.0003792
309,bisceopstol,<code>bisceopstol</code>,1,0.0003792
309,bisceopstole,<code>bisceopstole</code>,1,0.0003792
309,bisceopum,<code>bisceopum</code>,1,0.0003792
309,bismore,<code>bismore</code>,1,0.0003792
309,bit,<code>bit</code>,1,0.0003792
309,bli&eth;elice,<code>bli&amp;d;elice</code>,1,0.0003792
309,blinda,<code>blinda</code>,1,0.0003792
309,blindan,<code>blindan</code>,1,0.0003792
309,blindne,<code>blindne</code>,1,0.0003792
309,bly&eth;re,<code>bly&amp;d;re</code>,1,0.0003792
309,boda&eth;,<code>boda&amp;d;</code>,1,0.0003792
309,bodia&eth;,<code>bodia&amp;d;</code>,1,0.0003792
309,bodian,<code>bodian</code>,1,0.0003792
309,bodige,<code>bodige</code>,1,0.0003792
309,bodung,<code>bodung</code>,1,0.0003792
309,bodunge,<code>bodunge</code>,1,0.0003792
309,breoste,<code>breoste</code>,1,0.0003792
309,bru&eth;or,<code>bru&amp;d;or</code>,1,0.0003792
309,bugan,<code>bugan</code>,1,0.0003792
309,burga,<code>burga</code>,1,0.0003792
309,burhwaru,<code>burhwaru</code>,1,0.0003792
309,byrnenda,<code>byrnenda</code>,1,0.0003792
309,byrnendum,<code>byrnendum</code>,1,0.0003792
309,bysmorfullum,<code>bysmorfullum</code>,1,0.0003792
309,ceaste,<code>ceaste</code>,1,0.0003792
309,cempa,<code>cempa</code>,1,0.0003792
309,cenum,<code>cenum</code>,1,0.0003792
309,clemente,<code>clemente</code>,1,0.0003792
309,cnottum,<code>cnottum</code>,1,0.0003792
309,cr&aelig;fte,<code>cr&amp;ae;fte</code>,1,0.0003792
309,cristen,<code>cristen</code>,1,0.0003792
309,cu&eth;lice,<code>cu&amp;d;lice</code>,1,0.0003792
309,cucu,<code>cucu</code>,1,0.0003792
309,cunnian,<code>cunnian</code>,1,0.0003792
309,cw&aelig;don,<code>cw&amp;ae;don</code>,1,0.0003792
309,cwe&eth;e,<code>cwe&amp;d;e</code>,1,0.0003792
309,cwealmb&aelig;rnysse,<code>cwealmb&amp;ae;rnysse</code>,1,0.0003792
309,cwealmb&aelig;rum,<code>cwealmb&amp;ae;rum</code>,1,0.0003792
309,cy&eth;&eth;e,<code>cy&amp;d;&amp;d;e</code>,1,0.0003792
309,cy&eth;an,<code>cy&amp;d;an</code>,1,0.0003792
309,cy&eth;ende,<code>cy&amp;d;ende</code>,1,0.0003792
309,cym&eth;,<code>cym&amp;d;</code>,1,0.0003792
309,cynincges,<code>cynincges</code>,1,0.0003792
309,d&aelig;dum,<code>d&amp;ae;dum</code>,1,0.0003792
309,d&aelig;g,<code>d&amp;ae;g</code>,1,0.0003792
309,d&aelig;ges,<code>d&amp;ae;ges</code>,1,0.0003792
309,d&aelig;ghwamlice,<code>d&amp;ae;ghwamlice</code>,1,0.0003792
309,d&aelig;l,<code>d&amp;ae;l</code>,1,0.0003792
309,deafan,<code>deafan</code>,1,0.0003792
309,dearnunga,<code>dearnunga</code>,1,0.0003792
309,demenne,<code>demenne</code>,1,0.0003792
309,deo,<code>deo</code>,1,0.0003792
309,deofla,<code>deofla</code>,1,0.0003792
309,deofle,<code>deofle</code>,1,0.0003792
309,deofles,<code>deofles</code>,1,0.0003792
309,deoflican,<code>deoflican</code>,1,0.0003792
309,deor,<code>deor</code>,1,0.0003792
309,deorce,<code>deorce</code>,1,0.0003792
309,deorum,<code>deorum</code>,1,0.0003792
309,deorwur&eth;a,<code>deorwur&amp;d;a</code>,1,0.0003792
309,diacon,<code>diacon</code>,1,0.0003792
309,diacones,<code>diacones</code>,1,0.0003792
309,digle,<code>digle</code>,1,0.0003792
309,dionisie,<code>dionisie</code>,1,0.0003792
309,dionisii,<code>dionisii</code>,1,0.0003792
309,discipulus,<code>discipulus</code>,1,0.0003792
309,domiciane,<code>domiciane</code>,1,0.0003792
309,domicianus,<code>domicianus</code>,1,0.0003792
309,don,<code>don</code>,1,0.0003792
309,drihtenlican,<code>drihtenlican</code>,1,0.0003792
309,dweledon,<code>dweledon</code>,1,0.0003792
309,ea&eth;e,<code>ea&amp;d;e</code>,1,0.0003792
309,eadigan,<code>eadigan</code>,1,0.0003792
309,eagum,<code>eagum</code>,1,0.0003792
309,ealdan,<code>ealdan</code>,1,0.0003792
309,ealde,<code>ealde</code>,1,0.0003792
309,eallswa,<code>eallswa</code>,1,0.0003792
309,ealne,<code>ealne</code>,1,0.0003792
309,ealra,<code>ealra</code>,1,0.0003792
309,ealwealdenda,<code>ealwealdenda</code>,1,0.0003792
309,earmlicum,<code>earmlicum</code>,1,0.0003792
309,ecnysse,<code>ecnysse</code>,1,0.0003792
309,efste,<code>efste</code>,1,0.0003792
309,egypta,<code>egypta</code>,1,0.0003792
309,ehtnys,<code>ehtnys</code>,1,0.0003792
309,eius,<code>eius</code>,1,0.0003792
309,endebyrdnysse,<code>endebyrdnysse</code>,1,0.0003792
309,englas,<code>englas</code>,1,0.0003792
309,englisc,<code>englisc</code>,1,0.0003792
309,englum,<code>englum</code>,1,0.0003792
309,eom,<code>eom</code>,1,0.0003792
309,eor&thorn;an,<code>eor&amp;t;an</code>,1,0.0003792
309,ercediacon,<code>ercediacon</code>,1,0.0003792
309,et,<code>et</code>,1,0.0003792
309,f&aelig;geran,<code>f&amp;ae;geran</code>,1,0.0003792
309,f&aelig;re,<code>f&amp;ae;re</code>,1,0.0003792
309,f&aelig;reld,<code>f&amp;ae;reld</code>,1,0.0003792
309,far,<code>far</code>,1,0.0003792
309,faran,<code>faran</code>,1,0.0003792
309,feawa,<code>feawa</code>,1,0.0003792
309,feng,<code>feng</code>,1,0.0003792
309,fleah,<code>fleah</code>,1,0.0003792
309,flode,<code>flode</code>,1,0.0003792
309,folce,<code>folce</code>,1,0.0003792
309,folces,<code>folces</code>,1,0.0003792
309,folgode,<code>folgode</code>,1,0.0003792
309,for&eth;,<code>for&amp;d;</code>,1,0.0003792
309,for&eth;an,<code>for&amp;d;an</code>,1,0.0003792
309,for&thorn;an,<code>for&amp;t;an</code>,1,0.0003792
309,fordemde,<code>fordemde</code>,1,0.0003792
309,fordrencte,<code>fordrencte</code>,1,0.0003792
309,fore,<code>fore</code>,1,0.0003792
309,foregengan,<code>foregengan</code>,1,0.0003792
309,fores&aelig;dan,<code>fores&amp;ae;dan</code>,1,0.0003792
309,forewitegunge,<code>forewitegunge</code>,1,0.0003792
309,forgeaf,<code>forgeaf</code>,1,0.0003792
309,forgeafe,<code>forgeafe</code>,1,0.0003792
309,forgifen,<code>forgifen</code>,1,0.0003792
309,forgifennysse,<code>forgifennysse</code>,1,0.0003792
309,forhra&eth;e,<code>forhra&amp;d;e</code>,1,0.0003792
309,foroft,<code>foroft</code>,1,0.0003792
309,forstelon,<code>forstelon</code>,1,0.0003792
309,fotum,<code>fotum</code>,1,0.0003792
309,francan,<code>francan</code>,1,0.0003792
309,francum,<code>francum</code>,1,0.0003792
309,frefrigende,<code>frefrigende</code>,1,0.0003792
309,frofre,<code>frofre</code>,1,0.0003792
309,fulfremednysse,<code>fulfremednysse</code>,1,0.0003792
309,fulluht,<code>fulluht</code>,1,0.0003792
309,fulluhte,<code>fulluhte</code>,1,0.0003792
309,fylste,<code>fylste</code>,1,0.0003792
309,fyrlenan,<code>fyrlenan</code>,1,0.0003792
309,fyrnlicum,<code>fyrnlicum</code>,1,0.0003792
309,fyrste,<code>fyrste</code>,1,0.0003792
309,gan,<code>gan</code>,1,0.0003792
309,gang,<code>gang</code>,1,0.0003792
309,ge&thorn;eodde,<code>ge&amp;t;eodde</code>,1,0.0003792
309,gear,<code>gear</code>,1,0.0003792
309,geaxode,<code>geaxode</code>,1,0.0003792
309,geb&aelig;d,<code>geb&amp;ae;d</code>,1,0.0003792
309,geb&aelig;de,<code>geb&amp;ae;de</code>,1,0.0003792
309,gebeda,<code>gebeda</code>,1,0.0003792
309,gebedu,<code>gebedu</code>,1,0.0003792
309,gebigan,<code>gebigan</code>,1,0.0003792
309,gebigdon,<code>gebigdon</code>,1,0.0003792
309,gebiged,<code>gebiged</code>,1,0.0003792
309,gebindan,<code>gebindan</code>,1,0.0003792
309,gebohte,<code>gebohte</code>,1,0.0003792
309,gebyld,<code>gebyld</code>,1,0.0003792
309,geciged,<code>geciged</code>,1,0.0003792
309,gecyrrednysse,<code>gecyrrednysse</code>,1,0.0003792
309,gecyrst,<code>gecyrst</code>,1,0.0003792
309,gedwyld,<code>gedwyld</code>,1,0.0003792
309,geedniwa&eth;,<code>geedniwa&amp;d;</code>,1,0.0003792
309,geefenl&aelig;cen,<code>geefenl&amp;ae;cen</code>,1,0.0003792
309,geendode,<code>geendode</code>,1,0.0003792
309,gefeccan,<code>gefeccan</code>,1,0.0003792
309,gefrefrode,<code>gefrefrode</code>,1,0.0003792
309,gefylle,<code>gefylle</code>,1,0.0003792
309,gegadan,<code>gegadan</code>,1,0.0003792
309,geglencged,<code>geglencged</code>,1,0.0003792
309,geh&aelig;leda,<code>geh&amp;ae;leda</code>,1,0.0003792
309,gehalgod,<code>gehalgod</code>,1,0.0003792
309,geheold,<code>geheold</code>,1,0.0003792
309,gehwider,<code>gehwider</code>,1,0.0003792
309,gehwilce,<code>gehwilce</code>,1,0.0003792
309,gehyra&eth;,<code>gehyra&amp;d;</code>,1,0.0003792
309,gehyrdon,<code>gehyrdon</code>,1,0.0003792
309,gehyrsum,<code>gehyrsum</code>,1,0.0003792
309,gehyrsumian,<code>gehyrsumian</code>,1,0.0003792
309,gela&eth;ode,<code>gela&amp;d;ode</code>,1,0.0003792
309,gela&eth;ung,<code>gela&amp;d;ung</code>,1,0.0003792
309,geleaffullice,<code>geleaffullice</code>,1,0.0003792
309,geleaffulnysse,<code>geleaffulnysse</code>,1,0.0003792
309,gelyfa&eth;,<code>gelyfa&amp;d;</code>,1,0.0003792
309,gelyfde,<code>gelyfde</code>,1,0.0003792
309,gemahlice,<code>gemahlice</code>,1,0.0003792
309,gemartyrode,<code>gemartyrode</code>,1,0.0003792
309,gemearcode,<code>gemearcode</code>,1,0.0003792
309,gemette,<code>gemette</code>,1,0.0003792
309,genyrwde,<code>genyrwde</code>,1,0.0003792
309,geoffrian,<code>geoffrian</code>,1,0.0003792
309,gerip,<code>gerip</code>,1,0.0003792
309,gerynu,<code>gerynu</code>,1,0.0003792
309,gesamnodon,<code>gesamnodon</code>,1,0.0003792
309,gesette,<code>gesette</code>,1,0.0003792
309,gesihst,<code>gesihst</code>,1,0.0003792
309,gesund,<code>gesund</code>,1,0.0003792
309,geswac,<code>geswac</code>,1,0.0003792
309,geswutela&eth;,<code>geswutela&amp;d;</code>,1,0.0003792
309,geswutelian,<code>geswutelian</code>,1,0.0003792
309,geswutelode,<code>geswutelode</code>,1,0.0003792
309,getacna&thorn;,<code>getacna&amp;t;</code>,1,0.0003792
309,gewendon,<code>gewendon</code>,1,0.0003792
309,gewislice,<code>gewislice</code>,1,0.0003792
309,gewissode,<code>gewissode</code>,1,0.0003792
309,gewittige,<code>gewittige</code>,1,0.0003792
309,gewritu,<code>gewritu</code>,1,0.0003792
309,gewritum,<code>gewritum</code>,1,0.0003792
309,gewur&eth;an,<code>gewur&amp;d;an</code>,1,0.0003792
309,gewylde,<code>gewylde</code>,1,0.0003792
309,gewylt,<code>gewylt</code>,1,0.0003792
309,gifu,<code>gifu</code>,1,0.0003792
309,gleawlice,<code>gleawlice</code>,1,0.0003792
309,gleda,<code>gleda</code>,1,0.0003792
309,goda,<code>goda</code>,1,0.0003792
309,godspellere,<code>godspellere</code>,1,0.0003792
309,graman,<code>graman</code>,1,0.0003792
309,gramlice,<code>gramlice</code>,1,0.0003792
309,greciscra,<code>greciscra</code>,1,0.0003792
309,greclande,<code>greclande</code>,1,0.0003792
309,guton,<code>guton</code>,1,0.0003792
309,gyrdum,<code>gyrdum</code>,1,0.0003792
309,gyt,<code>gyt</code>,1,0.0003792
309,h&aelig;&eth;engildan,<code>h&amp;ae;&amp;d;engildan</code>,1,0.0003792
309,h&aelig;&thorn;ena,<code>h&amp;ae;&amp;t;ena</code>,1,0.0003792
309,h&aelig;&thorn;engildan,<code>h&amp;ae;&amp;t;engildan</code>,1,0.0003792
309,h&aelig;&thorn;enra,<code>h&amp;ae;&amp;t;enra</code>,1,0.0003792
309,h&aelig;fde,<code>h&amp;ae;fde</code>,1,0.0003792
309,h&aelig;l,<code>h&amp;ae;l</code>,1,0.0003792
309,h&aelig;lende,<code>h&amp;ae;lende</code>,1,0.0003792
309,halgena,<code>halgena</code>,1,0.0003792
309,halig,<code>halig</code>,1,0.0003792
309,ham,<code>ham</code>,1,0.0003792
309,hand,<code>hand</code>,1,0.0003792
309,handa,<code>handa</code>,1,0.0003792
309,hangigende,<code>hangigende</code>,1,0.0003792
309,hata&eth;,<code>hata&amp;d;</code>,1,0.0003792
309,hatte,<code>hatte</code>,1,0.0003792
309,heafde,<code>heafde</code>,1,0.0003792
309,heafod,<code>heafod</code>,1,0.0003792
309,heafodburh,<code>heafodburh</code>,1,0.0003792
309,heafodleas,<code>heafodleas</code>,1,0.0003792
309,heahgerefan,<code>heahgerefan</code>,1,0.0003792
309,healic,<code>healic</code>,1,0.0003792
309,healtan,<code>healtan</code>,1,0.0003792
309,heapum,<code>heapum</code>,1,0.0003792
309,heofonas,<code>heofonas</code>,1,0.0003792
309,heofonlica,<code>heofonlica</code>,1,0.0003792
309,heold,<code>heold</code>,1,0.0003792
309,heorcnunge,<code>heorcnunge</code>,1,0.0003792
309,heorunge,<code>heorunge</code>,1,0.0003792
309,her,<code>her</code>,1,0.0003792
309,herunge,<code>herunge</code>,1,0.0003792
309,hetel,<code>hetel</code>,1,0.0003792
309,heteloste,<code>heteloste</code>,1,0.0003792
309,hire,<code>hire</code>,1,0.0003792
309,hiwum,<code>hiwum</code>,1,0.0003792
309,hon,<code>hon</code>,1,0.0003792
309,hra&eth;or,<code>hra&amp;d;or</code>,1,0.0003792
309,hus,<code>hus</code>,1,0.0003792
309,huse,<code>huse</code>,1,0.0003792
309,hw&aelig;ne,<code>hw&amp;ae;ne</code>,1,0.0003792
309,hwylcne,<code>hwylcne</code>,1,0.0003792
309,idus,<code>idus</code>,1,0.0003792
309,ignoto,<code>ignoto</code>,1,0.0003792
309,into,<code>into</code>,1,0.0003792
309,inwerdlice,<code>inwerdlice</code>,1,0.0003792
309,iohanne,<code>iohanne</code>,1,0.0003792
309,isenum,<code>isenum</code>,1,0.0003792
309,ispaniam,<code>ispaniam</code>,1,0.0003792
309,iuce,<code>iuce</code>,1,0.0003792
309,iung,<code>iung</code>,1,0.0003792
309,l&aelig;ddon,<code>l&amp;ae;ddon</code>,1,0.0003792
309,l&aelig;rende,<code>l&amp;ae;rende</code>,1,0.0003792
309,l&aelig;weda,<code>l&amp;ae;weda</code>,1,0.0003792
309,la,<code>la</code>,1,0.0003792
309,lac,<code>lac</code>,1,0.0003792
309,landfolc,<code>landfolc</code>,1,0.0003792
309,landfolce,<code>landfolce</code>,1,0.0003792
309,lange,<code>lange</code>,1,0.0003792
309,langne,<code>langne</code>,1,0.0003792
309,langsumum,<code>langsumum</code>,1,0.0003792
309,laurentium,<code>laurentium</code>,1,0.0003792
309,ledon,<code>ledon</code>,1,0.0003792
309,leng,<code>leng</code>,1,0.0003792
309,leodum,<code>leodum</code>,1,0.0003792
309,leofa&eth;,<code>leofa&amp;d;</code>,1,0.0003792
309,leofode,<code>leofode</code>,1,0.0003792
309,lice,<code>lice</code>,1,0.0003792
309,licga&eth;,<code>licga&amp;d;</code>,1,0.0003792
309,licgan,<code>licgan</code>,1,0.0003792
309,lichama,<code>lichama</code>,1,0.0003792
309,lif,<code>lif</code>,1,0.0003792
309,lifes,<code>lifes</code>,1,0.0003792
309,lifigendan,<code>lifigendan</code>,1,0.0003792
309,lifleasum,<code>lifleasum</code>,1,0.0003792
309,lig,<code>lig</code>,1,0.0003792
309,lofe,<code>lofe</code>,1,0.0003792
309,lofsangum,<code>lofsangum</code>,1,0.0003792
309,lufe,<code>lufe</code>,1,0.0003792
309,lufu,<code>lufu</code>,1,0.0003792
309,m&aelig;dene,<code>m&amp;ae;dene</code>,1,0.0003792
309,m&aelig;gnum,<code>m&amp;ae;gnum</code>,1,0.0003792
309,m&aelig;nigfeald,<code>m&amp;ae;nigfeald</code>,1,0.0003792
309,m&aelig;ssode,<code>m&amp;ae;ssode</code>,1,0.0003792
309,m&aelig;stan,<code>m&amp;ae;stan</code>,1,0.0003792
309,macodon,<code>macodon</code>,1,0.0003792
309,mancynn,<code>mancynn</code>,1,0.0003792
309,mancynne,<code>mancynne</code>,1,0.0003792
309,manegum,<code>manegum</code>,1,0.0003792
309,manna,<code>manna</code>,1,0.0003792
309,manncynne,<code>manncynne</code>,1,0.0003792
309,marian,<code>marian</code>,1,0.0003792
309,martyras,<code>martyras</code>,1,0.0003792
309,martyrdom,<code>martyrdom</code>,1,0.0003792
309,me,<code>me</code>,1,0.0003792
309,med,<code>med</code>,1,0.0003792
309,mede,<code>mede</code>,1,0.0003792
309,meniu,<code>meniu</code>,1,0.0003792
309,mergen,<code>mergen</code>,1,0.0003792
309,micclan,<code>micclan</code>,1,0.0003792
309,midd&aelig;ge,<code>midd&amp;ae;ge</code>,1,0.0003792
309,middaneard,<code>middaneard</code>,1,0.0003792
309,middanearde,<code>middanearde</code>,1,0.0003792
309,middaneardes,<code>middaneardes</code>,1,0.0003792
309,mila,<code>mila</code>,1,0.0003792
309,mildheortan,<code>mildheortan</code>,1,0.0003792
309,mine,<code>mine</code>,1,0.0003792
309,mislicum,<code>mislicum</code>,1,0.0003792
309,mode,<code>mode</code>,1,0.0003792
309,mycel,<code>mycel</code>,1,0.0003792
309,mynster,<code>mynster</code>,1,0.0003792
309,mynsterlicre,<code>mynsterlicre</code>,1,0.0003792
309,n&aelig;re,<code>n&amp;ae;re</code>,1,0.0003792
309,nacode,<code>nacode</code>,1,0.0003792
309,nateshwon,<code>nateshwon</code>,1,0.0003792
309,nebwlite,<code>nebwlite</code>,1,0.0003792
309,nella&eth;,<code>nella&amp;d;</code>,1,0.0003792
309,nelle,<code>nelle</code>,1,0.0003792
309,niht,<code>niht</code>,1,0.0003792
309,nihte,<code>nihte</code>,1,0.0003792
309,non,<code>non</code>,1,0.0003792
309,nor&eth;menn,<code>nor&amp;d;menn</code>,1,0.0003792
309,o&eth;re,<code>o&amp;d;re</code>,1,0.0003792
309,o&eth;rum,<code>o&amp;d;rum</code>,1,0.0003792
309,o&thorn;&thorn;e,<code>o&amp;t;&amp;t;e</code>,1,0.0003792
309,o&thorn;re,<code>o&amp;t;re</code>,1,0.0003792
309,octobr,<code>octobr</code>,1,0.0003792
309,ofaheawen,<code>ofaheawen</code>,1,0.0003792
309,ofaxian,<code>ofaxian</code>,1,0.0003792
309,ofhingrode,<code>ofhingrode</code>,1,0.0003792
309,ofne,<code>ofne</code>,1,0.0003792
309,ofslagen,<code>ofslagen</code>,1,0.0003792
309,ofste,<code>ofste</code>,1,0.0003792
309,ofwundrod,<code>ofwundrod</code>,1,0.0003792
309,onbugon,<code>onbugon</code>,1,0.0003792
309,oncneow,<code>oncneow</code>,1,0.0003792
309,onette,<code>onette</code>,1,0.0003792
309,ongean,<code>ongean</code>,1,0.0003792
309,ongin,<code>ongin</code>,1,0.0003792
309,onlocigendum,<code>onlocigendum</code>,1,0.0003792
309,onlocodon,<code>onlocodon</code>,1,0.0003792
309,papa,<code>papa</code>,1,0.0003792
309,papan,<code>papan</code>,1,0.0003792
309,parisius,<code>parisius</code>,1,0.0003792
309,passio,<code>passio</code>,1,0.0003792
309,pathmo,<code>pathmo</code>,1,0.0003792
309,paules,<code>paules</code>,1,0.0003792
309,petres,<code>petres</code>,1,0.0003792
309,petrus,<code>petrus</code>,1,0.0003792
309,policarpus,<code>policarpus</code>,1,0.0003792
309,prasse,<code>prasse</code>,1,0.0003792
309,preostes,<code>preostes</code>,1,0.0003792
309,r&aelig;d,<code>r&amp;ae;d</code>,1,0.0003792
309,r&aelig;df&aelig;ste,<code>r&amp;ae;df&amp;ae;ste</code>,1,0.0003792
309,r&aelig;dincge,<code>r&amp;ae;dincge</code>,1,0.0003792
309,racenteagum,<code>racenteagum</code>,1,0.0003792
309,re&eth;an,<code>re&amp;d;an</code>,1,0.0003792
309,re&thorn;an,<code>re&amp;t;an</code>,1,0.0003792
309,rihte,<code>rihte</code>,1,0.0003792
309,rode,<code>rode</code>,1,0.0003792
309,rohton,<code>rohton</code>,1,0.0003792
309,romana,<code>romana</code>,1,0.0003792
309,s&aelig;de,<code>s&amp;ae;de</code>,1,0.0003792
309,s&aelig;ge,<code>s&amp;ae;ge</code>,1,0.0003792
309,samod,<code>samod</code>,1,0.0003792
309,sancti,<code>sancti</code>,1,0.0003792
309,sawenne,<code>sawenne</code>,1,0.0003792
309,sawl,<code>sawl</code>,1,0.0003792
309,sawla,<code>sawla</code>,1,0.0003792
309,scean,<code>scean</code>,1,0.0003792
309,scearpum,<code>scearpum</code>,1,0.0003792
309,sceawode,<code>sceawode</code>,1,0.0003792
309,sceoldon,<code>sceoldon</code>,1,0.0003792
309,sceortum,<code>sceortum</code>,1,0.0003792
309,scinendan,<code>scinendan</code>,1,0.0003792
309,scyppend,<code>scyppend</code>,1,0.0003792
309,sealde,<code>sealde</code>,1,0.0003792
309,searocr&aelig;ftum,<code>searocr&amp;ae;ftum</code>,1,0.0003792
309,selran,<code>selran</code>,1,0.0003792
309,sendon,<code>sendon</code>,1,0.0003792
309,setle,<code>setle</code>,1,0.0003792
309,si&eth;&thorn;an,<code>si&amp;d;&amp;t;an</code>,1,0.0003792
309,si&eth;ode,<code>si&amp;d;ode</code>,1,0.0003792
309,si&thorn;ian,<code>si&amp;t;ian</code>,1,0.0003792
309,simle,<code>simle</code>,1,0.0003792
309,singallice,<code>singallice</code>,1,0.0003792
309,sitt,<code>sitt</code>,1,0.0003792
309,sl&aelig;ge,<code>sl&amp;ae;ge</code>,1,0.0003792
309,slege,<code>slege</code>,1,0.0003792
309,smeade,<code>smeade</code>,1,0.0003792
309,smeagunge,<code>smeagunge</code>,1,0.0003792
309,so&eth;f&aelig;sta,<code>so&amp;d;f&amp;ae;sta</code>,1,0.0003792
309,so&eth;f&aelig;stan,<code>so&amp;d;f&amp;ae;stan</code>,1,0.0003792
309,sociorum,<code>sociorum</code>,1,0.0003792
309,sohton,<code>sohton</code>,1,0.0003792
309,sprycst,<code>sprycst</code>,1,0.0003792
309,stent,<code>stent</code>,1,0.0003792
309,stod,<code>stod</code>,1,0.0003792
309,str&aelig;t,<code>str&amp;ae;t</code>,1,0.0003792
309,stranglice,<code>stranglice</code>,1,0.0003792
309,sumere,<code>sumere</code>,1,0.0003792
309,swa&thorn;eah,<code>swa&amp;t;eah</code>,1,0.0003792
309,sweartre,<code>sweartre</code>,1,0.0003792
309,swi&eth;or,<code>swi&amp;d;or</code>,1,0.0003792
309,swi&eth;ost,<code>swi&amp;d;ost</code>,1,0.0003792
309,swi&eth;ran,<code>swi&amp;d;ran</code>,1,0.0003792
309,swi&thorn;e,<code>swi&amp;t;e</code>,1,0.0003792
309,swilc,<code>swilc</code>,1,0.0003792
309,swinc&eth;,<code>swinc&amp;d;</code>,1,0.0003792
309,swinglum,<code>swinglum</code>,1,0.0003792
309,sy&eth;&eth;an,<code>sy&amp;d;&amp;d;an</code>,1,0.0003792
309,sylfne,<code>sylfne</code>,1,0.0003792
309,sylfum,<code>sylfum</code>,1,0.0003792
309,syllic,<code>syllic</code>,1,0.0003792
309,syllice,<code>syllice</code>,1,0.0003792
309,synd,<code>synd</code>,1,0.0003792
309,synnum,<code>synnum</code>,1,0.0003792
309,tacn,<code>tacn</code>,1,0.0003792
309,tacnum,<code>tacnum</code>,1,0.0003792
309,teonan,<code>teonan</code>,1,0.0003792
309,ti&eth;a,<code>ti&amp;d;a</code>,1,0.0003792
309,timotheus,<code>timotheus</code>,1,0.0003792
309,titus,<code>titus</code>,1,0.0003792
309,tobr&aelig;c,<code>tobr&amp;ae;c</code>,1,0.0003792
309,tobrocene,<code>tobrocene</code>,1,0.0003792
309,tog&aelig;dere,<code>tog&amp;ae;dere</code>,1,0.0003792
309,tomiddes,<code>tomiddes</code>,1,0.0003792
309,twa,<code>twa</code>,1,0.0003792
309,u&eth;witan,<code>u&amp;d;witan</code>,1,0.0003792
309,uncu&eth;,<code>uncu&amp;d;</code>,1,0.0003792
309,uncu&eth;a,<code>uncu&amp;d;a</code>,1,0.0003792
309,uncu&eth;ne,<code>uncu&amp;d;ne</code>,1,0.0003792
309,uncu&eth;um,<code>uncu&amp;d;um</code>,1,0.0003792
309,underfeh&eth;,<code>underfeh&amp;d;</code>,1,0.0003792
309,underfo,<code>underfo</code>,1,0.0003792
309,underfo&eth;,<code>underfo&amp;d;</code>,1,0.0003792
309,underfoh,<code>underfoh</code>,1,0.0003792
309,undernam,<code>undernam</code>,1,0.0003792
309,unforht,<code>unforht</code>,1,0.0003792
309,ungerime,<code>ungerime</code>,1,0.0003792
309,unges&aelig;liga,<code>unges&amp;ae;liga</code>,1,0.0003792
309,unm&aelig;&eth;lice,<code>unm&amp;ae;&amp;d;lice</code>,1,0.0003792
309,unr&aelig;d,<code>unr&amp;ae;d</code>,1,0.0003792
309,unr&aelig;de,<code>unr&amp;ae;de</code>,1,0.0003792
309,unscrydan,<code>unscrydan</code>,1,0.0003792
309,untrume,<code>untrume</code>,1,0.0003792
309,ure,<code>ure</code>,1,0.0003792
309,ures,<code>ures</code>,1,0.0003792
309,vii,<code>vii</code>,1,0.0003792
309,w&aelig;g,<code>w&amp;ae;g</code>,1,0.0003792
309,w&aelig;lhreowlice,<code>w&amp;ae;lhreowlice</code>,1,0.0003792
309,w&aelig;penleasan,<code>w&amp;ae;penleasan</code>,1,0.0003792
309,w&aelig;pna,<code>w&amp;ae;pna</code>,1,0.0003792
309,wanda,<code>wanda</code>,1,0.0003792
309,welwillendnys,<code>welwillendnys</code>,1,0.0003792
309,weofoda,<code>weofoda</code>,1,0.0003792
309,weox,<code>weox</code>,1,0.0003792
309,weras,<code>weras</code>,1,0.0003792
309,werod,<code>werod</code>,1,0.0003792
309,werodum,<code>werodum</code>,1,0.0003792
309,wi&eth;err&aelig;dan,<code>wi&amp;d;err&amp;ae;dan</code>,1,0.0003792
309,wi&eth;sloh,<code>wi&amp;d;sloh</code>,1,0.0003792
309,wi&eth;standan,<code>wi&amp;d;standan</code>,1,0.0003792
309,wi&thorn;,<code>wi&amp;t;</code>,1,0.0003792
309,wide,<code>wide</code>,1,0.0003792
309,wif,<code>wif</code>,1,0.0003792
309,wige,<code>wige</code>,1,0.0003792
309,willa&eth;,<code>willa&amp;d;</code>,1,0.0003792
309,wine,<code>wine</code>,1,0.0003792
309,wisan,<code>wisan</code>,1,0.0003792
309,woda,<code>woda</code>,1,0.0003792
309,wodan,<code>wodan</code>,1,0.0003792
309,wodlice,<code>wodlice</code>,1,0.0003792
309,woge,<code>woge</code>,1,0.0003792
309,woldon,<code>woldon</code>,1,0.0003792
309,worhton,<code>worhton</code>,1,0.0003792
309,wr&aelig;csi&eth;e,<code>wr&amp;ae;csi&amp;d;e</code>,1,0.0003792
309,wuldorfullum,<code>wuldorfullum</code>,1,0.0003792
309,wuldres,<code>wuldres</code>,1,0.0003792
309,wundorlic,<code>wundorlic</code>,1,0.0003792
309,wundorlicre,<code>wundorlicre</code>,1,0.0003792
309,wundorlicum,<code>wundorlicum</code>,1,0.0003792
309,wundrodon,<code>wundrodon</code>,1,0.0003792
309,wundrunge,<code>wundrunge</code>,1,0.0003792
309,wunia&eth;,<code>wunia&amp;d;</code>,1,0.0003792
309,wunigende,<code>wunigende</code>,1,0.0003792
309,wunodon,<code>wunodon</code>,1,0.0003792
309,wur&eth;a&eth;,<code>wur&amp;d;a&amp;d;</code>,1,0.0003792
309,wur&eth;igende,<code>wur&amp;d;igende</code>,1,0.0003792
309,wur&eth;mynte,<code>wur&amp;d;mynte</code>,1,0.0003792
309,wur&eth;ode,<code>wur&amp;d;ode</code>,1,0.0003792
309,wurde,<code>wurde</code>,1,0.0003792
309,wurpan,<code>wurpan</code>,1,0.0003792
309,wynsuman,<code>wynsuman</code>,1,0.0003792
309,wynsumlice,<code>wynsumlice</code>,1,0.0003792
309,wyrcan,<code>wyrcan</code>,1,0.0003792
309,wyrhtan,<code>wyrhtan</code>,1,0.0003792
309,ylca,<code>ylca</code>,1,0.0003792
309,yrnan,<code>yrnan</code>,1,0.0003792
