B_Prose,B01,B01.003.024_AELS__Abdon_and_Sennes__T03240.txt,582,392,1468
RANK,HTML WORD,RAW WORD,COUNT,RELATIVE FREQUENCY
1,and,<code>and</code>,83,0.0565395
2,to,<code>to</code>,61,0.0415531
3,&thorn;a,<code>&amp;t;a</code>,35,0.0238420
4,on,<code>on</code>,33,0.0224796
5,&thorn;&aelig;t,<code>&amp;t;&amp;ae;t</code>,30,0.0204360
6,&thorn;e,<code>&amp;t;e</code>,29,0.0197548
7,he,<code>he</code>,26,0.0177112
8,him,<code>him</code>,24,0.0163488
9,&eth;a,<code>&amp;d;a</code>,21,0.0143052
9,&thorn;am,<code>&amp;t;am</code>,21,0.0143052
11,hi,<code>hi</code>,20,0.0136240
11,his,<code>his</code>,20,0.0136240
11,ic,<code>ic</code>,20,0.0136240
14,se,<code>se</code>,18,0.0122616
15,&eth;am,<code>&amp;d;am</code>,16,0.0108992
16,swa,<code>swa</code>,15,0.0102180
17,me,<code>me</code>,14,0.0095368
18,&eth;e,<code>&amp;d;e</code>,13,0.0088556
18,be,<code>be</code>,13,0.0088556
20,cw&aelig;&eth;,<code>cw&amp;ae;&amp;d;</code>,11,0.0074932
21,&eth;u,<code>&amp;d;u</code>,10,0.0068120
21,het,<code>het</code>,10,0.0068120
21,we,<code>we</code>,10,0.0068120
24,&thorn;u,<code>&amp;t;u</code>,9,0.0061308
24,for,<code>for</code>,9,0.0061308
26,mid,<code>mid</code>,8,0.0054496
27,h&aelig;lend,<code>h&amp;ae;lend</code>,7,0.0047684
27,halgan,<code>halgan</code>,7,0.0047684
27,ne,<code>ne</code>,7,0.0047684
27,tatheus,<code>tatheus</code>,7,0.0047684
31,&thorn;&aelig;re,<code>&amp;t;&amp;ae;re</code>,6,0.0040872
31,&thorn;is,<code>&amp;t;is</code>,6,0.0040872
31,&thorn;one,<code>&amp;t;one</code>,6,0.0040872
31,&thorn;urh,<code>&amp;t;urh</code>,6,0.0040872
31,abgarus,<code>abgarus</code>,6,0.0040872
31,cristes,<code>cristes</code>,6,0.0040872
31,ge,<code>ge</code>,6,0.0040872
31,geleafan,<code>geleafan</code>,6,0.0040872
31,w&aelig;s,<code>w&amp;ae;s</code>,6,0.0040872
31,wolde,<code>wolde</code>,6,0.0040872
41,&eth;&aelig;s,<code>&amp;d;&amp;ae;s</code>,5,0.0034060
41,&thorn;us,<code>&amp;t;us</code>,5,0.0034060
41,asende,<code>asende</code>,5,0.0034060
41,cyninge,<code>cyninge</code>,5,0.0034060
41,eft,<code>eft</code>,5,0.0034060
41,godum,<code>godum</code>,5,0.0034060
41,heora,<code>heora</code>,5,0.0034060
41,hine,<code>hine</code>,5,0.0034060
41,hu,<code>hu</code>,5,0.0034060
41,is,<code>is</code>,5,0.0034060
41,mannum,<code>mannum</code>,5,0.0034060
41,mihte,<code>mihte</code>,5,0.0034060
53,&aelig;r,<code>&amp;ae;r</code>,4,0.0027248
53,&thorn;&aelig;r,<code>&amp;t;&amp;ae;r</code>,4,0.0027248
53,abdon,<code>abdon</code>,4,0.0027248
53,asend,<code>asend</code>,4,0.0027248
53,casere,<code>casere</code>,4,0.0027248
53,criste,<code>criste</code>,4,0.0027248
53,cyning,<code>cyning</code>,4,0.0027248
53,decius,<code>decius</code>,4,0.0027248
53,eac,<code>eac</code>,4,0.0027248
53,ealle,<code>ealle</code>,4,0.0027248
53,eom,<code>eom</code>,4,0.0027248
53,fram,<code>fram</code>,4,0.0027248
53,geh&aelig;lde,<code>geh&amp;ae;lde</code>,4,0.0027248
53,godes,<code>godes</code>,4,0.0027248
53,h&aelig;lendes,<code>h&amp;ae;lendes</code>,4,0.0027248
53,of,<code>of</code>,4,0.0027248
53,sennes,<code>sennes</code>,4,0.0027248
53,swy&eth;e,<code>swy&amp;d;e</code>,4,0.0027248
53,sy&eth;&eth;an,<code>sy&amp;d;&amp;d;an</code>,4,0.0027248
53,sylf,<code>sylf</code>,4,0.0027248
53,ure,<code>ure</code>,4,0.0027248
74,&eth;us,<code>&amp;d;us</code>,3,0.0020436
74,&thorn;&aelig;s,<code>&amp;t;&amp;ae;s</code>,3,0.0020436
74,ac,<code>ac</code>,3,0.0020436
74,andwyrde,<code>andwyrde</code>,3,0.0020436
74,behet,<code>behet</code>,3,0.0020436
74,beran,<code>beran</code>,3,0.0020436
74,com,<code>com</code>,3,0.0020436
74,come,<code>come</code>,3,0.0020436
74,crist,<code>crist</code>,3,0.0020436
74,cynegum,<code>cynegum</code>,3,0.0020436
74,cynincg,<code>cynincg</code>,3,0.0020436
74,cyningas,<code>cyningas</code>,3,0.0020436
74,deor,<code>deor</code>,3,0.0020436
74,eallum,<code>eallum</code>,3,0.0020436
74,eow,<code>eow</code>,3,0.0020436
74,f&aelig;der,<code>f&amp;ae;der</code>,3,0.0020436
74,for&eth;an,<code>for&amp;d;an</code>,3,0.0020436
74,gehaten,<code>gehaten</code>,3,0.0020436
74,gelyfa&eth;,<code>gelyfa&amp;d;</code>,3,0.0020436
74,gif,<code>gif</code>,3,0.0020436
74,h&aelig;lende,<code>h&amp;ae;lende</code>,3,0.0020436
74,huse,<code>huse</code>,3,0.0020436
74,hw&aelig;t,<code>hw&amp;ae;t</code>,3,0.0020436
74,leon,<code>leon</code>,3,0.0020436
74,lif,<code>lif</code>,3,0.0020436
74,niman,<code>niman</code>,3,0.0020436
74,nu,<code>nu</code>,3,0.0020436
74,o&eth;&eth;e,<code>o&amp;d;&amp;d;e</code>,3,0.0020436
74,sylfne,<code>sylfne</code>,3,0.0020436
74,ualerianus,<code>ualerianus</code>,3,0.0020436
74,wear&eth;,<code>wear&amp;d;</code>,3,0.0020436
105,&aelig;fter,<code>&amp;ae;fter</code>,2,0.0013624
105,&aelig;nne,<code>&amp;ae;nne</code>,2,0.0013624
105,&aelig;rendgewrit,<code>&amp;ae;rendgewrit</code>,2,0.0013624
105,&eth;one,<code>&amp;d;one</code>,2,0.0013624
105,&thorn;ine,<code>&amp;t;ine</code>,2,0.0013624
105,&thorn;inre,<code>&amp;t;inre</code>,2,0.0013624
105,&thorn;ysum,<code>&amp;t;ysum</code>,2,0.0013624
105,a,<code>a</code>,2,0.0013624
105,abitan,<code>abitan</code>,2,0.0013624
105,adames,<code>adames</code>,2,0.0013624
105,agen,<code>agen</code>,2,0.0013624
105,ana,<code>ana</code>,2,0.0013624
105,andwyrdon,<code>andwyrdon</code>,2,0.0013624
105,ane,<code>ane</code>,2,0.0013624
105,arleasan,<code>arleasan</code>,2,0.0013624
105,astah,<code>astah</code>,2,0.0013624
105,beo,<code>beo</code>,2,0.0013624
105,beon,<code>beon</code>,2,0.0013624
105,bodigenne,<code>bodigenne</code>,2,0.0013624
105,bodunge,<code>bodunge</code>,2,0.0013624
105,bugon,<code>bugon</code>,2,0.0013624
105,byrig,<code>byrig</code>,2,0.0013624
105,bysne,<code>bysne</code>,2,0.0013624
105,ceastergewaran,<code>ceastergewaran</code>,2,0.0013624
105,cempum,<code>cempum</code>,2,0.0013624
105,cristenan,<code>cristenan</code>,2,0.0013624
105,cuman,<code>cuman</code>,2,0.0013624
105,cwelleras,<code>cwelleras</code>,2,0.0013624
105,cynegas,<code>cynegas</code>,2,0.0013624
105,cynincge,<code>cynincge</code>,2,0.0013624
105,dagum,<code>dagum</code>,2,0.0013624
105,dema,<code>dema</code>,2,0.0013624
105,deora,<code>deora</code>,2,0.0013624
105,eart,<code>eart</code>,2,0.0013624
105,ecnysse,<code>ecnysse</code>,2,0.0013624
105,fores&aelig;dan,<code>fores&amp;ae;dan</code>,2,0.0013624
105,forleton,<code>forleton</code>,2,0.0013624
105,forsawon,<code>forsawon</code>,2,0.0013624
105,fotum,<code>fotum</code>,2,0.0013624
105,gan,<code>gan</code>,2,0.0013624
105,geh&aelig;led,<code>geh&amp;ae;led</code>,2,0.0013624
105,gelyfdest,<code>gelyfdest</code>,2,0.0013624
105,gelyfe,<code>gelyfe</code>,2,0.0013624
105,genumen,<code>genumen</code>,2,0.0013624
105,geseo&eth;,<code>geseo&amp;d;</code>,2,0.0013624
105,gewrit,<code>gewrit</code>,2,0.0013624
105,god,<code>god</code>,2,0.0013624
105,h&aelig;bbe,<code>h&amp;ae;bbe</code>,2,0.0013624
105,h&aelig;le,<code>h&amp;ae;le</code>,2,0.0013624
105,habba&eth;,<code>habba&amp;d;</code>,2,0.0013624
105,halgena,<code>halgena</code>,2,0.0013624
105,hit,<code>hit</code>,2,0.0013624
105,l&aelig;tan,<code>l&amp;ae;tan</code>,2,0.0013624
105,lac,<code>lac</code>,2,0.0013624
105,lic,<code>lic</code>,2,0.0013624
105,life,<code>life</code>,2,0.0013624
105,lyfigendan,<code>lyfigendan</code>,2,0.0013624
105,magon,<code>magon</code>,2,0.0013624
105,micclan,<code>micclan</code>,2,0.0013624
105,mine,<code>mine</code>,2,0.0013624
105,naman,<code>naman</code>,2,0.0013624
105,nan,<code>nan</code>,2,0.0013624
105,o&eth;re,<code>o&amp;d;re</code>,2,0.0013624
105,ofslean,<code>ofslean</code>,2,0.0013624
105,onwrigennysse,<code>onwrigennysse</code>,2,0.0013624
105,rice,<code>rice</code>,2,0.0013624
105,s&aelig;de,<code>s&amp;ae;de</code>,2,0.0013624
105,sceal,<code>sceal</code>,2,0.0013624
105,sceoldon,<code>sceoldon</code>,2,0.0013624
105,sende,<code>sende</code>,2,0.0013624
105,so&eth;lice,<code>so&amp;d;lice</code>,2,0.0013624
105,sona,<code>sona</code>,2,0.0013624
105,sum,<code>sum</code>,2,0.0013624
105,sunnan,<code>sunnan</code>,2,0.0013624
105,twegen,<code>twegen</code>,2,0.0013624
105,untrumne,<code>untrumne</code>,2,0.0013624
105,untrumnysse,<code>untrumnysse</code>,2,0.0013624
105,urum,<code>urum</code>,2,0.0013624
105,w&aelig;lhreowan,<code>w&amp;ae;lhreowan</code>,2,0.0013624
105,ware,<code>ware</code>,2,0.0013624
105,witum,<code>witum</code>,2,0.0013624
105,word,<code>word</code>,2,0.0013624
105,wundra,<code>wundra</code>,2,0.0013624
105,wundrum,<code>wundrum</code>,2,0.0013624
105,wunode,<code>wunode</code>,2,0.0013624
105,wurdon,<code>wurdon</code>,2,0.0013624
191,&aelig;hta,<code>&amp;ae;hta</code>,1,0.0006812
191,&aelig;lcum,<code>&amp;ae;lcum</code>,1,0.0006812
191,&aelig;lmihtig,<code>&amp;ae;lmihtig</code>,1,0.0006812
191,&aelig;nigre,<code>&amp;ae;nigre</code>,1,0.0006812
191,&aelig;rest,<code>&amp;ae;rest</code>,1,0.0006812
191,&aelig;rnemergen,<code>&amp;ae;rnemergen</code>,1,0.0006812
191,&aelig;t,<code>&amp;ae;t</code>,1,0.0006812
191,&aelig;tforan,<code>&amp;ae;tforan</code>,1,0.0006812
191,&eth;&aelig;ra,<code>&amp;d;&amp;ae;ra</code>,1,0.0006812
191,&eth;&aelig;re,<code>&amp;d;&amp;ae;re</code>,1,0.0006812
191,&eth;an,<code>&amp;d;an</code>,1,0.0006812
191,&eth;as,<code>&amp;d;as</code>,1,0.0006812
191,&eth;egnum,<code>&amp;d;egnum</code>,1,0.0006812
191,&eth;ine,<code>&amp;d;ine</code>,1,0.0006812
191,&eth;ingc,<code>&amp;d;ingc</code>,1,0.0006812
191,&eth;ruh,<code>&amp;d;ruh</code>,1,0.0006812
191,&eth;yssere,<code>&amp;d;yssere</code>,1,0.0006812
191,&eth;ysum,<code>&amp;d;ysum</code>,1,0.0006812
191,&thorn;&aelig;ra,<code>&amp;t;&amp;ae;ra</code>,1,0.0006812
191,&thorn;as,<code>&amp;t;as</code>,1,0.0006812
191,&thorn;incg,<code>&amp;t;incg</code>,1,0.0006812
191,&thorn;inum,<code>&amp;t;inum</code>,1,0.0006812
191,&thorn;onne,<code>&amp;t;onne</code>,1,0.0006812
191,&thorn;rowode,<code>&amp;t;rowode</code>,1,0.0006812
191,&thorn;rym,<code>&amp;t;rym</code>,1,0.0006812
191,&thorn;urhwunast,<code>&amp;t;urhwunast</code>,1,0.0006812
191,&thorn;ysne,<code>&amp;t;ysne</code>,1,0.0006812
191,abgar,<code>abgar</code>,1,0.0006812
191,abgare,<code>abgare</code>,1,0.0006812
191,abiton,<code>abiton</code>,1,0.0006812
191,abitst,<code>abitst</code>,1,0.0006812
191,acwealde,<code>acwealde</code>,1,0.0006812
191,afligst,<code>afligst</code>,1,0.0006812
191,afundene,<code>afundene</code>,1,0.0006812
191,afyllan,<code>afyllan</code>,1,0.0006812
191,alia,<code>alia</code>,1,0.0006812
191,alysednysse,<code>alysednysse</code>,1,0.0006812
191,amen,<code>amen</code>,1,0.0006812
191,andwlite,<code>andwlite</code>,1,0.0006812
191,anlicnysse,<code>anlicnysse</code>,1,0.0006812
191,anlicnyssum,<code>anlicnyssum</code>,1,0.0006812
191,anr&aelig;dlice,<code>anr&amp;ae;dlice</code>,1,0.0006812
191,ar&aelig;st,<code>ar&amp;ae;st</code>,1,0.0006812
191,aras,<code>aras</code>,1,0.0006812
191,ardlice,<code>ardlice</code>,1,0.0006812
191,arwur&eth;an,<code>arwur&amp;d;an</code>,1,0.0006812
191,arwur&eth;nysse,<code>arwur&amp;d;nysse</code>,1,0.0006812
191,asprang,<code>asprang</code>,1,0.0006812
191,augusti,<code>augusti</code>,1,0.0006812
191,aw&aelig;g,<code>aw&amp;ae;g</code>,1,0.0006812
191,awrat,<code>awrat</code>,1,0.0006812
191,awrecst,<code>awrecst</code>,1,0.0006812
191,awrite,<code>awrite</code>,1,0.0006812
191,awriten,<code>awriten</code>,1,0.0006812
191,b&aelig;don,<code>b&amp;ae;don</code>,1,0.0006812
191,bam,<code>bam</code>,1,0.0006812
191,bead,<code>bead</code>,1,0.0006812
191,bealdlice,<code>bealdlice</code>,1,0.0006812
191,beatus,<code>beatus</code>,1,0.0006812
191,bebead,<code>bebead</code>,1,0.0006812
191,becom,<code>becom</code>,1,0.0006812
191,beddryda,<code>beddryda</code>,1,0.0006812
191,bediglode,<code>bediglode</code>,1,0.0006812
191,bedrydan,<code>bedrydan</code>,1,0.0006812
191,bendum,<code>bendum</code>,1,0.0006812
191,beorga&eth;,<code>beorga&amp;d;</code>,1,0.0006812
191,beorhtnysse,<code>beorhtnysse</code>,1,0.0006812
191,ber&aelig;dan,<code>ber&amp;ae;dan</code>,1,0.0006812
191,beswingan,<code>beswingan</code>,1,0.0006812
191,bet&aelig;hte,<code>bet&amp;ae;hte</code>,1,0.0006812
191,betwynan,<code>betwynan</code>,1,0.0006812
191,biddan,<code>biddan</code>,1,0.0006812
191,bidde,<code>bidde</code>,1,0.0006812
191,biggencgum,<code>biggencgum</code>,1,0.0006812
191,biggenga,<code>biggenga</code>,1,0.0006812
191,binnan,<code>binnan</code>,1,0.0006812
191,blinde,<code>blinde</code>,1,0.0006812
191,bodade,<code>bodade</code>,1,0.0006812
191,bodode,<code>bodode</code>,1,0.0006812
191,buga&eth;,<code>buga&amp;d;</code>,1,0.0006812
191,bugan,<code>bugan</code>,1,0.0006812
191,burh,<code>burh</code>,1,0.0006812
191,burhware,<code>burhware</code>,1,0.0006812
191,butan,<code>butan</code>,1,0.0006812
191,buton,<code>buton</code>,1,0.0006812
191,bydele,<code>bydele</code>,1,0.0006812
191,bysmorfullum,<code>bysmorfullum</code>,1,0.0006812
191,caseres,<code>caseres</code>,1,0.0006812
191,cneowodon,<code>cneowodon</code>,1,0.0006812
191,constantinus,<code>constantinus</code>,1,0.0006812
191,credidisti,<code>credidisti</code>,1,0.0006812
191,cristene,<code>cristene</code>,1,0.0006812
191,cum,<code>cum</code>,1,0.0006812
191,cw&aelig;&eth;ende,<code>cw&amp;ae;&amp;d;ende</code>,1,0.0006812
191,cw&aelig;don,<code>cw&amp;ae;don</code>,1,0.0006812
191,cwealmb&aelig;rum,<code>cwealmb&amp;ae;rum</code>,1,0.0006812
191,cwellere,<code>cwellere</code>,1,0.0006812
191,cwyde,<code>cwyde</code>,1,0.0006812
191,cy&eth;,<code>cy&amp;d;</code>,1,0.0006812
191,cy&eth;an,<code>cy&amp;d;an</code>,1,0.0006812
191,cy&eth;e,<code>cy&amp;d;e</code>,1,0.0006812
191,cym&eth;,<code>cym&amp;d;</code>,1,0.0006812
191,cynedom,<code>cynedom</code>,1,0.0006812
191,cynincgas,<code>cynincgas</code>,1,0.0006812
191,cyningum,<code>cyningum</code>,1,0.0006812
191,cynne,<code>cynne</code>,1,0.0006812
191,d&aelig;dum,<code>d&amp;ae;dum</code>,1,0.0006812
191,d&aelig;ge,<code>d&amp;ae;ge</code>,1,0.0006812
191,d&aelig;l,<code>d&amp;ae;l</code>,1,0.0006812
191,dea&eth;e,<code>dea&amp;d;e</code>,1,0.0006812
191,deadan,<code>deadan</code>,1,0.0006812
191,decies,<code>decies</code>,1,0.0006812
191,demenne,<code>demenne</code>,1,0.0006812
191,deofles,<code>deofles</code>,1,0.0006812
191,deoflican,<code>deoflican</code>,1,0.0006812
191,deofolgildum,<code>deofolgildum</code>,1,0.0006812
191,diacon,<code>diacon</code>,1,0.0006812
191,digellice,<code>digellice</code>,1,0.0006812
191,discipulus,<code>discipulus</code>,1,0.0006812
191,do,<code>do</code>,1,0.0006812
191,do&eth;,<code>do&amp;d;</code>,1,0.0006812
191,don,<code>don</code>,1,0.0006812
191,dorste,<code>dorste</code>,1,0.0006812
191,drihtne,<code>drihtne</code>,1,0.0006812
191,drycr&aelig;ft,<code>drycr&amp;ae;ft</code>,1,0.0006812
191,dyde,<code>dyde</code>,1,0.0006812
191,eadig,<code>eadig</code>,1,0.0006812
191,eadmodlice,<code>eadmodlice</code>,1,0.0006812
191,eall,<code>eall</code>,1,0.0006812
191,ealles,<code>ealles</code>,1,0.0006812
191,earfo&eth;nysse,<code>earfo&amp;d;nysse</code>,1,0.0006812
191,ece,<code>ece</code>,1,0.0006812
191,egeslice,<code>egeslice</code>,1,0.0006812
191,egeslicum,<code>egeslicum</code>,1,0.0006812
191,engliscum,<code>engliscum</code>,1,0.0006812
191,eowrum,<code>eowrum</code>,1,0.0006812
191,es,<code>es</code>,1,0.0006812
191,et,<code>et</code>,1,0.0006812
191,faran,<code>faran</code>,1,0.0006812
191,fela,<code>fela</code>,1,0.0006812
191,feng,<code>feng</code>,1,0.0006812
191,feoll,<code>feoll</code>,1,0.0006812
191,feower,<code>feower</code>,1,0.0006812
191,ferde,<code>ferde</code>,1,0.0006812
191,folce,<code>folce</code>,1,0.0006812
191,for&eth;am,<code>for&amp;d;am</code>,1,0.0006812
191,for&thorn;i,<code>for&amp;t;i</code>,1,0.0006812
191,fordon,<code>fordon</code>,1,0.0006812
191,fore,<code>fore</code>,1,0.0006812
191,fores&aelig;dum,<code>fores&amp;ae;dum</code>,1,0.0006812
191,foresceawode,<code>foresceawode</code>,1,0.0006812
191,fotadle,<code>fotadle</code>,1,0.0006812
191,fry&eth;es,<code>fry&amp;d;es</code>,1,0.0006812
191,fyrste,<code>fyrste</code>,1,0.0006812
191,gastas,<code>gastas</code>,1,0.0006812
191,ge&thorn;ohtas,<code>ge&amp;t;ohtas</code>,1,0.0006812
191,gearcigenne,<code>gearcigenne</code>,1,0.0006812
191,geaxod,<code>geaxod</code>,1,0.0006812
191,gebidda&eth;,<code>gebidda&amp;d;</code>,1,0.0006812
191,gebigan,<code>gebigan</code>,1,0.0006812
191,gebigdum,<code>gebigdum</code>,1,0.0006812
191,gebringan,<code>gebringan</code>,1,0.0006812
191,gebrohton,<code>gebrohton</code>,1,0.0006812
191,gebundon,<code>gebundon</code>,1,0.0006812
191,gebyrdum,<code>gebyrdum</code>,1,0.0006812
191,geceas,<code>geceas</code>,1,0.0006812
191,geciged,<code>geciged</code>,1,0.0006812
191,gecl&aelig;nsast,<code>gecl&amp;ae;nsast</code>,1,0.0006812
191,gecorenra,<code>gecorenra</code>,1,0.0006812
191,gecuman,<code>gecuman</code>,1,0.0006812
191,gecw&aelig;&eth;,<code>gecw&amp;ae;&amp;d;</code>,1,0.0006812
191,gedon,<code>gedon</code>,1,0.0006812
191,gedwyldum,<code>gedwyldum</code>,1,0.0006812
191,gef&aelig;stnodon,<code>gef&amp;ae;stnodon</code>,1,0.0006812
191,gefeccan,<code>gefeccan</code>,1,0.0006812
191,gefyllan,<code>gefyllan</code>,1,0.0006812
191,gegearca&eth;,<code>gegearca&amp;d;</code>,1,0.0006812
191,geh&aelig;fd,<code>geh&amp;ae;fd</code>,1,0.0006812
191,geh&aelig;le,<code>geh&amp;ae;le</code>,1,0.0006812
191,geh&aelig;lst,<code>geh&amp;ae;lst</code>,1,0.0006812
191,gehelpene,<code>gehelpene</code>,1,0.0006812
191,gehyred,<code>gehyred</code>,1,0.0006812
191,gehyrod,<code>gehyrod</code>,1,0.0006812
191,gel&aelig;hte,<code>gel&amp;ae;hte</code>,1,0.0006812
191,gelacnia&eth;,<code>gelacnia&amp;d;</code>,1,0.0006812
191,geleafa,<code>geleafa</code>,1,0.0006812
191,geleaffullum,<code>geleaffullum</code>,1,0.0006812
191,gelencgan,<code>gelencgan</code>,1,0.0006812
191,gelyfde,<code>gelyfde</code>,1,0.0006812
191,gemedemige,<code>gemedemige</code>,1,0.0006812
191,gemunde,<code>gemunde</code>,1,0.0006812
191,geneadodon,<code>geneadodon</code>,1,0.0006812
191,genealecan,<code>genealecan</code>,1,0.0006812
191,genihtsuma&eth;,<code>genihtsuma&amp;d;</code>,1,0.0006812
191,geoffra,<code>geoffra</code>,1,0.0006812
191,geoffria&eth;,<code>geoffria&amp;d;</code>,1,0.0006812
191,geoffrian,<code>geoffrian</code>,1,0.0006812
191,gereorde,<code>gereorde</code>,1,0.0006812
191,ges&aelig;d,<code>ges&amp;ae;d</code>,1,0.0006812
191,ges&aelig;lig,<code>ges&amp;ae;lig</code>,1,0.0006812
191,gesawe,<code>gesawe</code>,1,0.0006812
191,geseah,<code>geseah</code>,1,0.0006812
191,gesund,<code>gesund</code>,1,0.0006812
191,gesyne,<code>gesyne</code>,1,0.0006812
191,geti&eth;ian,<code>geti&amp;d;ian</code>,1,0.0006812
191,geweold,<code>geweold</code>,1,0.0006812
191,gewilnunga,<code>gewilnunga</code>,1,0.0006812
191,geworden,<code>geworden</code>,1,0.0006812
191,git,<code>git</code>,1,0.0006812
191,godan,<code>godan</code>,1,0.0006812
191,godas,<code>godas</code>,1,0.0006812
191,gode,<code>gode</code>,1,0.0006812
191,godne,<code>godne</code>,1,0.0006812
191,goldes,<code>goldes</code>,1,0.0006812
191,gram,<code>gram</code>,1,0.0006812
191,gret,<code>gret</code>,1,0.0006812
191,grymetende,<code>grymetende</code>,1,0.0006812
191,gyt,<code>gyt</code>,1,0.0006812
191,h&aelig;&eth;enan,<code>h&amp;ae;&amp;d;enan</code>,1,0.0006812
191,h&aelig;&thorn;engilde,<code>h&amp;ae;&amp;t;engilde</code>,1,0.0006812
191,h&aelig;f&eth;,<code>h&amp;ae;f&amp;d;</code>,1,0.0006812
191,h&aelig;fde,<code>h&amp;ae;fde</code>,1,0.0006812
191,h&aelig;lendum,<code>h&amp;ae;lendum</code>,1,0.0006812
191,habbon,<code>habbon</code>,1,0.0006812
191,halgum,<code>halgum</code>,1,0.0006812
191,hand,<code>hand</code>,1,0.0006812
191,handgeweorc,<code>handgeweorc</code>,1,0.0006812
191,hat,<code>hat</code>,1,0.0006812
191,healte,<code>healte</code>,1,0.0006812
191,helle,<code>helle</code>,1,0.0006812
191,heofonum,<code>heofonum</code>,1,0.0006812
191,heortan,<code>heortan</code>,1,0.0006812
191,hetelice,<code>hetelice</code>,1,0.0006812
191,hopia&eth;,<code>hopia&amp;d;</code>,1,0.0006812
191,hreoflige,<code>hreoflige</code>,1,0.0006812
191,hrepode,<code>hrepode</code>,1,0.0006812
191,hundseofontigum,<code>hundseofontigum</code>,1,0.0006812
191,hw&aelig;s,<code>hw&amp;ae;s</code>,1,0.0006812
191,hwi,<code>hwi</code>,1,0.0006812
191,iii,<code>iii</code>,1,0.0006812
191,in,<code>in</code>,1,0.0006812
191,ineode,<code>ineode</code>,1,0.0006812
191,ingan,<code>ingan</code>,1,0.0006812
191,into,<code>into</code>,1,0.0006812
191,ipse,<code>ipse</code>,1,0.0006812
191,isenum,<code>isenum</code>,1,0.0006812
191,item,<code>item</code>,1,0.0006812
191,iudan,<code>iudan</code>,1,0.0006812
191,iudas,<code>iudas</code>,1,0.0006812
191,iudeiscan,<code>iudeiscan</code>,1,0.0006812
191,iudeiscum,<code>iudeiscum</code>,1,0.0006812
191,kal,<code>kal</code>,1,0.0006812
191,kyningas,<code>kyningas</code>,1,0.0006812
191,l&aelig;cewyrtum,<code>l&amp;ae;cewyrtum</code>,1,0.0006812
191,l&aelig;dan,<code>l&amp;ae;dan</code>,1,0.0006812
191,l&aelig;dde,<code>l&amp;ae;dde</code>,1,0.0006812
191,l&aelig;dene,<code>l&amp;ae;dene</code>,1,0.0006812
191,l&aelig;g,<code>l&amp;ae;g</code>,1,0.0006812
191,l&aelig;s,<code>l&amp;ae;s</code>,1,0.0006812
191,lace,<code>lace</code>,1,0.0006812
191,lagon,<code>lagon</code>,1,0.0006812
191,lande,<code>lande</code>,1,0.0006812
191,landleode,<code>landleode</code>,1,0.0006812
191,langum,<code>langum</code>,1,0.0006812
191,leadenum,<code>leadenum</code>,1,0.0006812
191,ledde,<code>ledde</code>,1,0.0006812
191,lede,<code>lede</code>,1,0.0006812
191,leofa&eth;,<code>leofa&amp;d;</code>,1,0.0006812
191,leorningcnihta,<code>leorningcnihta</code>,1,0.0006812
191,libba&eth;,<code>libba&amp;d;</code>,1,0.0006812
191,limum,<code>limum</code>,1,0.0006812
191,lofe,<code>lofe</code>,1,0.0006812
191,lybban,<code>lybban</code>,1,0.0006812
191,m&aelig;g,<code>m&amp;ae;g</code>,1,0.0006812
191,m&aelig;rlican,<code>m&amp;ae;rlican</code>,1,0.0006812
191,man,<code>man</code>,1,0.0006812
191,mancynnes,<code>mancynnes</code>,1,0.0006812
191,mann,<code>mann</code>,1,0.0006812
191,manna,<code>manna</code>,1,0.0006812
191,mannes,<code>mannes</code>,1,0.0006812
191,medes,<code>medes</code>,1,0.0006812
191,menn,<code>menn</code>,1,0.0006812
191,mi&eth;,<code>mi&amp;d;</code>,1,0.0006812
191,middanearde,<code>middanearde</code>,1,0.0006812
191,middaneardes,<code>middaneardes</code>,1,0.0006812
191,mildan,<code>mildan</code>,1,0.0006812
191,minra,<code>minra</code>,1,0.0006812
191,minum,<code>minum</code>,1,0.0006812
191,mode,<code>mode</code>,1,0.0006812
191,mycele,<code>mycele</code>,1,0.0006812
191,n&aelig;fre,<code>n&amp;ae;fre</code>,1,0.0006812
191,natalis,<code>natalis</code>,1,0.0006812
191,nextan,<code>nextan</code>,1,0.0006812
191,nihtes,<code>nihtes</code>,1,0.0006812
191,nima&eth;,<code>nima&amp;d;</code>,1,0.0006812
191,nocode,<code>nocode</code>,1,0.0006812
191,nolde,<code>nolde</code>,1,0.0006812
191,noldon,<code>noldon</code>,1,0.0006812
191,non,<code>non</code>,1,0.0006812
191,o&eth;,<code>o&amp;d;</code>,1,0.0006812
191,o&eth;rum,<code>o&amp;d;rum</code>,1,0.0006812
191,o&thorn;res,<code>o&amp;t;res</code>,1,0.0006812
191,o&thorn;rum,<code>o&amp;t;rum</code>,1,0.0006812
191,ofer,<code>ofer</code>,1,0.0006812
191,offria&eth;,<code>offria&amp;d;</code>,1,0.0006812
191,offrunga,<code>offrunga</code>,1,0.0006812
191,onbuga&eth;,<code>onbuga&amp;d;</code>,1,0.0006812
191,orsorge,<code>orsorge</code>,1,0.0006812
191,qui,<code>qui</code>,1,0.0006812
191,quirinus,<code>quirinus</code>,1,0.0006812
191,racenteagum,<code>racenteagum</code>,1,0.0006812
191,re&thorn;estan,<code>re&amp;t;estan</code>,1,0.0006812
191,rihtlice,<code>rihtlice</code>,1,0.0006812
191,rodehencgene,<code>rodehencgene</code>,1,0.0006812
191,runia&eth;,<code>runia&amp;d;</code>,1,0.0006812
191,s&aelig;don,<code>s&amp;ae;don</code>,1,0.0006812
191,sanctorum,<code>sanctorum</code>,1,0.0006812
191,sande,<code>sande</code>,1,0.0006812
191,sceandlicum,<code>sceandlicum</code>,1,0.0006812
191,sceawian,<code>sceawian</code>,1,0.0006812
191,sceole,<code>sceole</code>,1,0.0006812
191,sceolon,<code>sceolon</code>,1,0.0006812
191,scinende,<code>scinende</code>,1,0.0006812
191,sege,<code>sege</code>,1,0.0006812
191,seolfres,<code>seolfres</code>,1,0.0006812
191,sette,<code>sette</code>,1,0.0006812
191,si&eth;&eth;an,<code>si&amp;d;&amp;d;an</code>,1,0.0006812
191,si&eth;ige,<code>si&amp;d;ige</code>,1,0.0006812
191,so&eth;,<code>so&amp;d;</code>,1,0.0006812
191,so&eth;a,<code>so&amp;d;a</code>,1,0.0006812
191,so&eth;an,<code>so&amp;d;an</code>,1,0.0006812
191,so&eth;f&aelig;stan,<code>so&amp;d;f&amp;ae;stan</code>,1,0.0006812
191,so&eth;um,<code>so&amp;d;um</code>,1,0.0006812
191,spr&aelig;con,<code>spr&amp;ae;con</code>,1,0.0006812
191,sume,<code>sume</code>,1,0.0006812
191,sumne,<code>sumne</code>,1,0.0006812
191,sumum,<code>sumum</code>,1,0.0006812
191,sunu,<code>sunu</code>,1,0.0006812
191,swipum,<code>swipum</code>,1,0.0006812
191,swurdum,<code>swurdum</code>,1,0.0006812
191,swutollice,<code>swutollice</code>,1,0.0006812
191,swy&eth;or,<code>swy&amp;d;or</code>,1,0.0006812
191,swylce,<code>swylce</code>,1,0.0006812
191,sy&thorn;&thorn;an,<code>sy&amp;t;&amp;t;an</code>,1,0.0006812
191,syllan,<code>syllan</code>,1,0.0006812
191,syndon,<code>syndon</code>,1,0.0006812
191,syrian,<code>syrian</code>,1,0.0006812
191,syrwia&eth;,<code>syrwia&amp;d;</code>,1,0.0006812
191,tatheum,<code>tatheum</code>,1,0.0006812
191,teon,<code>teon</code>,1,0.0006812
191,timan,<code>timan</code>,1,0.0006812
191,tocyme,<code>tocyme</code>,1,0.0006812
191,toeacan,<code>toeacan</code>,1,0.0006812
191,tosomne,<code>tosomne</code>,1,0.0006812
191,towurpon,<code>towurpon</code>,1,0.0006812
191,ualeriane,<code>ualeriane</code>,1,0.0006812
191,uideris,<code>uideris</code>,1,0.0006812
191,unc,<code>unc</code>,1,0.0006812
191,uncl&aelig;nan,<code>uncl&amp;ae;nan</code>,1,0.0006812
191,unscrydan,<code>unscrydan</code>,1,0.0006812
191,untruman,<code>untruman</code>,1,0.0006812
191,untrumnyssum,<code>untrumnyssum</code>,1,0.0006812
191,urnon,<code>urnon</code>,1,0.0006812
191,us,<code>us</code>,1,0.0006812
191,w&aelig;ferhuse,<code>w&amp;ae;ferhuse</code>,1,0.0006812
191,w&aelig;lhreowlice,<code>w&amp;ae;lhreowlice</code>,1,0.0006812
191,w&aelig;re,<code>w&amp;ae;re</code>,1,0.0006812
191,w&aelig;ron,<code>w&amp;ae;ron</code>,1,0.0006812
191,wanhalan,<code>wanhalan</code>,1,0.0006812
191,wat,<code>wat</code>,1,0.0006812
191,weredon,<code>weredon</code>,1,0.0006812
191,wican,<code>wican</code>,1,0.0006812
191,wile,<code>wile</code>,1,0.0006812
191,willa&eth;,<code>willa&amp;d;</code>,1,0.0006812
191,willan,<code>willan</code>,1,0.0006812
191,wita,<code>wita</code>,1,0.0006812
191,wite,<code>wite</code>,1,0.0006812
191,witegungbocum,<code>witegungbocum</code>,1,0.0006812
191,wodum,<code>wodum</code>,1,0.0006812
191,worhte,<code>worhte</code>,1,0.0006812
191,wunderlicre,<code>wunderlicre</code>,1,0.0006812
191,wundria&eth;,<code>wundria&amp;d;</code>,1,0.0006812
191,wundrode,<code>wundrode</code>,1,0.0006812
191,wundrodon,<code>wundrodon</code>,1,0.0006812
191,wunodon,<code>wunodon</code>,1,0.0006812
191,wur&thorn;odon,<code>wur&amp;t;odon</code>,1,0.0006812
191,wylle,<code>wylle</code>,1,0.0006812
191,wylt,<code>wylt</code>,1,0.0006812
191,wyrce,<code>wyrce</code>,1,0.0006812
191,wyrcst,<code>wyrcst</code>,1,0.0006812
191,yfele,<code>yfele</code>,1,0.0006812
191,ylcan,<code>ylcan</code>,1,0.0006812
