B_Prose,B01,B01.002.049_AECHom_II__45_T02990.txt,1094,698,3191
RANK,HTML WORD,RAW WORD,COUNT,RELATIVE FREQUENCY
1,and,<code>and</code>,174,0.0545284
2,&thorn;&aelig;t,<code>&amp;t;&amp;ae;t</code>,79,0.0247571
3,on,<code>on</code>,77,0.0241304
4,to,<code>to</code>,55,0.0172360
5,swa,<code>swa</code>,54,0.0169226
6,he,<code>he</code>,50,0.0156691
7,his,<code>his</code>,44,0.0137888
8,&eth;a,<code>&amp;d;a</code>,40,0.0125353
9,se,<code>se</code>,39,0.0122219
10,ne,<code>ne</code>,38,0.0119085
11,&eth;e,<code>&amp;d;e</code>,37,0.0115951
11,&thorn;e,<code>&amp;t;e</code>,37,0.0115951
13,&eth;am,<code>&amp;d;am</code>,33,0.0103416
13,is,<code>is</code>,33,0.0103416
15,godes,<code>godes</code>,31,0.0097148
16,mid,<code>mid</code>,26,0.0081479
17,we,<code>we</code>,24,0.0075212
18,be,<code>be</code>,23,0.0072078
19,him,<code>him</code>,22,0.0068944
20,gode,<code>gode</code>,20,0.0062676
21,for,<code>for</code>,19,0.0059542
22,hi,<code>hi</code>,18,0.0056409
22,seo,<code>seo</code>,18,0.0056409
24,ac,<code>ac</code>,17,0.0053275
24,ealle,<code>ealle</code>,17,0.0053275
26,&eth;&aelig;re,<code>&amp;d;&amp;ae;re</code>,16,0.0050141
26,&eth;an,<code>&amp;d;an</code>,16,0.0050141
26,&eth;urh,<code>&amp;d;urh</code>,16,0.0050141
26,&thorn;a,<code>&amp;t;a</code>,16,0.0050141
26,sind,<code>sind</code>,16,0.0050141
31,ic,<code>ic</code>,15,0.0047007
32,fyre,<code>fyre</code>,14,0.0043873
32,man,<code>man</code>,14,0.0043873
32,nu,<code>nu</code>,14,0.0043873
32,salomon,<code>salomon</code>,14,0.0043873
36,cw&aelig;&eth;,<code>cw&amp;ae;&amp;d;</code>,13,0.0040740
36,heo,<code>heo</code>,13,0.0040740
38,o&eth;&eth;e,<code>o&amp;d;&amp;d;e</code>,12,0.0037606
38,wisdom,<code>wisdom</code>,12,0.0037606
40,&aelig;r,<code>&amp;ae;r</code>,11,0.0034472
40,&thorn;urh,<code>&amp;t;urh</code>,11,0.0034472
40,beo&eth;,<code>beo&amp;d;</code>,11,0.0034472
40,cyrcan,<code>cyrcan</code>,11,0.0034472
40,eac,<code>eac</code>,11,0.0034472
40,gif,<code>gif</code>,11,0.0034472
40,hit,<code>hit</code>,11,0.0034472
40,hus,<code>hus</code>,11,0.0034472
40,nan,<code>nan</code>,11,0.0034472
40,w&aelig;s,<code>w&amp;ae;s</code>,11,0.0034472
50,&eth;eah,<code>&amp;d;eah</code>,10,0.0031338
50,bi&eth;,<code>bi&amp;d;</code>,10,0.0031338
50,cwen,<code>cwen</code>,10,0.0031338
50,ge,<code>ge</code>,10,0.0031338
50,hire,<code>hire</code>,10,0.0031338
50,lac,<code>lac</code>,10,0.0031338
50,ofer,<code>ofer</code>,10,0.0031338
50,tempel,<code>tempel</code>,10,0.0031338
58,&thorn;&aelig;re,<code>&amp;t;&amp;ae;re</code>,9,0.0028204
58,&thorn;am,<code>&amp;t;am</code>,9,0.0028204
58,buton,<code>buton</code>,9,0.0028204
58,crist,<code>crist</code>,9,0.0028204
58,fyr,<code>fyr</code>,9,0.0028204
58,gela&eth;unge,<code>gela&amp;d;unge</code>,9,0.0028204
58,god,<code>god</code>,9,0.0028204
58,halgan,<code>halgan</code>,9,0.0028204
58,hine,<code>hine</code>,9,0.0028204
58,magon,<code>magon</code>,9,0.0028204
58,us,<code>us</code>,9,0.0028204
69,&eth;onne,<code>&amp;d;onne</code>,8,0.0025071
69,&eth;u,<code>&amp;d;u</code>,8,0.0025071
69,&thorn;&aelig;s,<code>&amp;t;&amp;ae;s</code>,8,0.0025071
69,fram,<code>fram</code>,8,0.0025071
69,heora,<code>heora</code>,8,0.0025071
69,ure,<code>ure</code>,8,0.0025071
69,weorc,<code>weorc</code>,8,0.0025071
76,&aelig;t,<code>&amp;ae;t</code>,7,0.0021937
76,&thorn;onne,<code>&amp;t;onne</code>,7,0.0021937
76,eow,<code>eow</code>,7,0.0021937
76,gela&eth;ung,<code>gela&amp;d;ung</code>,7,0.0021937
76,geleafan,<code>geleafan</code>,7,0.0021937
76,m&aelig;g,<code>m&amp;ae;g</code>,7,0.0021937
76,me,<code>me</code>,7,0.0021937
83,&aelig;lmihtigan,<code>&amp;ae;lmihtigan</code>,6,0.0018803
83,&eth;as,<code>&amp;d;as</code>,6,0.0018803
83,beon,<code>beon</code>,6,0.0018803
83,criste,<code>criste</code>,6,0.0018803
83,cristes,<code>cristes</code>,6,0.0018803
83,f&aelig;der,<code>f&amp;ae;der</code>,6,0.0018803
83,gastlican,<code>gastlican</code>,6,0.0018803
83,h&aelig;fde,<code>h&amp;ae;fde</code>,6,0.0018803
83,o&thorn;&thorn;e,<code>o&amp;t;&amp;t;e</code>,6,0.0018803
83,of,<code>of</code>,6,0.0018803
83,s&aelig;de,<code>s&amp;ae;de</code>,6,0.0018803
94,&aelig;fter,<code>&amp;ae;fter</code>,5,0.0015669
94,&eth;in,<code>&amp;d;in</code>,5,0.0015669
94,&eth;one,<code>&amp;d;one</code>,5,0.0015669
94,&thorn;one,<code>&amp;t;one</code>,5,0.0015669
94,apostol,<code>apostol</code>,5,0.0015669
94,ealra,<code>ealra</code>,5,0.0015669
94,ecan,<code>ecan</code>,5,0.0015669
94,f&aelig;&eth;ma,<code>f&amp;ae;&amp;d;ma</code>,5,0.0015669
94,gastlice,<code>gastlice</code>,5,0.0015669
94,gastlicum,<code>gastlicum</code>,5,0.0015669
94,hierusalem,<code>hierusalem</code>,5,0.0015669
94,men,<code>men</code>,5,0.0015669
94,micele,<code>micele</code>,5,0.0015669
94,salomones,<code>salomones</code>,5,0.0015669
94,sy,<code>sy</code>,5,0.0015669
94,w&aelig;ron,<code>w&amp;ae;ron</code>,5,0.0015669
94,wi&eth;,<code>wi&amp;d;</code>,5,0.0015669
111,&eth;eoda,<code>&amp;d;eoda</code>,4,0.0012535
111,&eth;eowum,<code>&amp;d;eowum</code>,4,0.0012535
111,&eth;isum,<code>&amp;d;isum</code>,4,0.0012535
111,&eth;usend,<code>&amp;d;usend</code>,4,0.0012535
111,b&aelig;ron,<code>b&amp;ae;ron</code>,4,0.0012535
111,com,<code>com</code>,4,0.0012535
111,cyning,<code>cyning</code>,4,0.0012535
111,de&eth;,<code>de&amp;d;</code>,4,0.0012535
111,deorwur&eth;e,<code>deorwur&amp;d;e</code>,4,0.0012535
111,ealdan,<code>ealdan</code>,4,0.0012535
111,eallum,<code>eallum</code>,4,0.0012535
111,est,<code>est</code>,4,0.0012535
111,fela,<code>fela</code>,4,0.0012535
111,forgeaf,<code>forgeaf</code>,4,0.0012535
111,geoffrode,<code>geoffrode</code>,4,0.0012535
111,gesette,<code>gesette</code>,4,0.0012535
111,getacnunge,<code>getacnunge</code>,4,0.0012535
111,getimbrode,<code>getimbrode</code>,4,0.0012535
111,gold,<code>gold</code>,4,0.0012535
111,gyltas,<code>gyltas</code>,4,0.0012535
111,h&aelig;f&eth;,<code>h&amp;ae;f&amp;d;</code>,4,0.0012535
111,h&aelig;lend,<code>h&amp;ae;lend</code>,4,0.0012535
111,heortan,<code>heortan</code>,4,0.0012535
111,hired,<code>hired</code>,4,0.0012535
111,hu,<code>hu</code>,4,0.0012535
111,hw&aelig;s,<code>hw&amp;ae;s</code>,4,0.0012535
111,in,<code>in</code>,4,0.0012535
111,lif,<code>lif</code>,4,0.0012535
111,life,<code>life</code>,4,0.0012535
111,n&aelig;fre,<code>n&amp;ae;fre</code>,4,0.0012535
111,n&aelig;s,<code>n&amp;ae;s</code>,4,0.0012535
111,na,<code>na</code>,4,0.0012535
111,rice,<code>rice</code>,4,0.0012535
111,salomone,<code>salomone</code>,4,0.0012535
111,sceal,<code>sceal</code>,4,0.0012535
111,stanas,<code>stanas</code>,4,0.0012535
111,swi&eth;e,<code>swi&amp;d;e</code>,4,0.0012535
111,sylf,<code>sylf</code>,4,0.0012535
111,twentig,<code>twentig</code>,4,0.0012535
111,wite,<code>wite</code>,4,0.0012535
111,wur&eth;mynte,<code>wur&amp;d;mynte</code>,4,0.0012535
152,&aelig;g&eth;er,<code>&amp;ae;g&amp;d;er</code>,3,0.0009401
152,&aelig;lcere,<code>&amp;ae;lcere</code>,3,0.0009401
152,&aelig;lcum,<code>&amp;ae;lcum</code>,3,0.0009401
152,&aelig;tforan,<code>&amp;ae;tforan</code>,3,0.0009401
152,&eth;eowan,<code>&amp;d;eowan</code>,3,0.0009401
152,&eth;i,<code>&amp;d;i</code>,3,0.0009401
152,&eth;is,<code>&amp;d;is</code>,3,0.0009401
152,a,<code>a</code>,3,0.0009401
152,afeormode,<code>afeormode</code>,3,0.0009401
152,an,<code>an</code>,3,0.0009401
152,anre,<code>anre</code>,3,0.0009401
152,ar&aelig;ran,<code>ar&amp;ae;ran</code>,3,0.0009401
152,ar&aelig;rde,<code>ar&amp;ae;rde</code>,3,0.0009401
152,betwux,<code>betwux</code>,3,0.0009401
152,binnon,<code>binnon</code>,3,0.0009401
152,ceaf,<code>ceaf</code>,3,0.0009401
152,drihten,<code>drihten</code>,3,0.0009401
152,dyde,<code>dyde</code>,3,0.0009401
152,ealne,<code>ealne</code>,3,0.0009401
152,et,<code>et</code>,3,0.0009401
152,feowertig,<code>feowertig</code>,3,0.0009401
152,folc,<code>folc</code>,3,0.0009401
152,folce,<code>folce</code>,3,0.0009401
152,forgife,<code>forgife</code>,3,0.0009401
152,gast,<code>gast</code>,3,0.0009401
152,geara,<code>geara</code>,3,0.0009401
152,gedafena&eth;,<code>gedafena&amp;d;</code>,3,0.0009401
152,gehyran,<code>gehyran</code>,3,0.0009401
152,gehyrde,<code>gehyrde</code>,3,0.0009401
152,geleaffullan,<code>geleaffullan</code>,3,0.0009401
152,gesibsuman,<code>gesibsuman</code>,3,0.0009401
152,getealde,<code>getealde</code>,3,0.0009401
152,getimbra&eth;,<code>getimbra&amp;d;</code>,3,0.0009401
152,grundwealle,<code>grundwealle</code>,3,0.0009401
152,habba&eth;,<code>habba&amp;d;</code>,3,0.0009401
152,heofenan,<code>heofenan</code>,3,0.0009401
152,hw&aelig;t,<code>hw&amp;ae;t</code>,3,0.0009401
152,hwa,<code>hwa</code>,3,0.0009401
152,hylt,<code>hylt</code>,3,0.0009401
152,lare,<code>lare</code>,3,0.0009401
152,m&aelig;re,<code>m&amp;ae;re</code>,3,0.0009401
152,manna,<code>manna</code>,3,0.0009401
152,mannes,<code>mannes</code>,3,0.0009401
152,maran,<code>maran</code>,3,0.0009401
152,menigfealdan,<code>menigfealdan</code>,3,0.0009401
152,middaneard,<code>middaneard</code>,3,0.0009401
152,mildheortnysse,<code>mildheortnysse</code>,3,0.0009401
152,mine,<code>mine</code>,3,0.0009401
152,minum,<code>minum</code>,3,0.0009401
152,mot,<code>mot</code>,3,0.0009401
152,olfendas,<code>olfendas</code>,3,0.0009401
152,paulus,<code>paulus</code>,3,0.0009401
152,quod,<code>quod</code>,3,0.0009401
152,sawla,<code>sawla</code>,3,0.0009401
152,seolfor,<code>seolfor</code>,3,0.0009401
152,sibbe,<code>sibbe</code>,3,0.0009401
152,so&eth;lice,<code>so&amp;d;lice</code>,3,0.0009401
152,spr&aelig;ce,<code>spr&amp;ae;ce</code>,3,0.0009401
152,stane,<code>stane</code>,3,0.0009401
152,streaw,<code>streaw</code>,3,0.0009401
152,sum,<code>sum</code>,3,0.0009401
152,synna,<code>synna</code>,3,0.0009401
152,treowa,<code>treowa</code>,3,0.0009401
152,w&aelig;re,<code>w&amp;ae;re</code>,3,0.0009401
152,welan,<code>welan</code>,3,0.0009401
152,weorces,<code>weorces</code>,3,0.0009401
152,wisdomes,<code>wisdomes</code>,3,0.0009401
152,wolde,<code>wolde</code>,3,0.0009401
220,&aelig;,<code>&amp;ae;</code>,2,0.0006268
220,&aelig;ftergengan,<code>&amp;ae;ftergengan</code>,2,0.0006268
220,&aelig;lc,<code>&amp;ae;lc</code>,2,0.0006268
220,&aelig;lces,<code>&amp;ae;lces</code>,2,0.0006268
220,&aelig;nne,<code>&amp;ae;nne</code>,2,0.0006268
220,&eth;&aelig;s,<code>&amp;d;&amp;ae;s</code>,2,0.0006268
220,&eth;enunga,<code>&amp;d;enunga</code>,2,0.0006268
220,&eth;ing,<code>&amp;d;ing</code>,2,0.0006268
220,&eth;inum,<code>&amp;d;inum</code>,2,0.0006268
220,&eth;rowia&eth;,<code>&amp;d;rowia&amp;d;</code>,2,0.0006268
220,&eth;rowian,<code>&amp;d;rowian</code>,2,0.0006268
220,&eth;urfe,<code>&amp;d;urfe</code>,2,0.0006268
220,&eth;yllice,<code>&amp;d;yllice</code>,2,0.0006268
220,&thorn;&aelig;ra,<code>&amp;t;&amp;ae;ra</code>,2,0.0006268
220,&thorn;eah,<code>&amp;t;eah</code>,2,0.0006268
220,&thorn;in,<code>&amp;t;in</code>,2,0.0006268
220,&thorn;ine,<code>&amp;t;ine</code>,2,0.0006268
220,&thorn;inum,<code>&amp;t;inum</code>,2,0.0006268
220,&thorn;usend,<code>&amp;t;usend</code>,2,0.0006268
220,andgit,<code>andgit</code>,2,0.0006268
220,anum,<code>anum</code>,2,0.0006268
220,ar&aelig;red,<code>ar&amp;ae;red</code>,2,0.0006268
220,asmeagan,<code>asmeagan</code>,2,0.0006268
220,astealde,<code>astealde</code>,2,0.0006268
220,b&aelig;de,<code>b&amp;ae;de</code>,2,0.0006268
220,becume,<code>becume</code>,2,0.0006268
220,beo,<code>beo</code>,2,0.0006268
220,ber&eth;,<code>ber&amp;d;</code>,2,0.0006268
220,bet&aelig;hte,<code>bet&amp;ae;hte</code>,2,0.0006268
220,bradum,<code>bradum</code>,2,0.0006268
220,brohton,<code>brohton</code>,2,0.0006268
220,cristene,<code>cristene</code>,2,0.0006268
220,cwene,<code>cwene</code>,2,0.0006268
220,cym&eth;,<code>cym&amp;d;</code>,2,0.0006268
220,cyninge,<code>cyninge</code>,2,0.0006268
220,cyrce,<code>cyrce</code>,2,0.0006268
220,d&aelig;g,<code>d&amp;ae;g</code>,2,0.0006268
220,d&aelig;ge,<code>d&amp;ae;ge</code>,2,0.0006268
220,d&aelig;ghwomlice,<code>d&amp;ae;ghwomlice</code>,2,0.0006268
220,d&aelig;le,<code>d&amp;ae;le</code>,2,0.0006268
220,dagas,<code>dagas</code>,2,0.0006268
220,dagum,<code>dagum</code>,2,0.0006268
220,dauid,<code>dauid</code>,2,0.0006268
220,deorwur&eth;an,<code>deorwur&amp;d;an</code>,2,0.0006268
220,deorwur&eth;ra,<code>deorwur&amp;d;ra</code>,2,0.0006268
220,deorwur&eth;um,<code>deorwur&amp;d;um</code>,2,0.0006268
220,do,<code>do</code>,2,0.0006268
220,dome,<code>dome</code>,2,0.0006268
220,eal,<code>eal</code>,2,0.0006268
220,earde,<code>earde</code>,2,0.0006268
220,ecnysse,<code>ecnysse</code>,2,0.0006268
220,eom,<code>eom</code>,2,0.0006268
220,eor&eth;lice,<code>eor&amp;d;lice</code>,2,0.0006268
220,eor&eth;licum,<code>eor&amp;d;licum</code>,2,0.0006268
220,folces,<code>folces</code>,2,0.0006268
220,forbyrnan,<code>forbyrnan</code>,2,0.0006268
220,fores&aelig;dan,<code>fores&amp;ae;dan</code>,2,0.0006268
220,fornumene,<code>fornumene</code>,2,0.0006268
220,fur&eth;or,<code>fur&amp;d;or</code>,2,0.0006268
220,gastes,<code>gastes</code>,2,0.0006268
220,gebedhus,<code>gebedhus</code>,2,0.0006268
220,gebete,<code>gebete</code>,2,0.0006268
220,gebletsod,<code>gebletsod</code>,2,0.0006268
220,gebytlu,<code>gebytlu</code>,2,0.0006268
220,geceas,<code>geceas</code>,2,0.0006268
220,gecydd,<code>gecydd</code>,2,0.0006268
220,gehaten,<code>gehaten</code>,2,0.0006268
220,gehealden,<code>gehealden</code>,2,0.0006268
220,gehyrenne,<code>gehyrenne</code>,2,0.0006268
220,gelica,<code>gelica</code>,2,0.0006268
220,gerynum,<code>gerynum</code>,2,0.0006268
220,ges&aelig;d,<code>ges&amp;ae;d</code>,2,0.0006268
220,geseon,<code>geseon</code>,2,0.0006268
220,gesibsuma,<code>gesibsuma</code>,2,0.0006268
220,getacnode,<code>getacnode</code>,2,0.0006268
220,geteon,<code>geteon</code>,2,0.0006268
220,getimbrung,<code>getimbrung</code>,2,0.0006268
220,getimbrunge,<code>getimbrunge</code>,2,0.0006268
220,gewende,<code>gewende</code>,2,0.0006268
220,goda,<code>goda</code>,2,0.0006268
220,goddra,<code>goddra</code>,2,0.0006268
220,godspellican,<code>godspellican</code>,2,0.0006268
220,golde,<code>golde</code>,2,0.0006268
220,goldes,<code>goldes</code>,2,0.0006268
220,grundweall,<code>grundweall</code>,2,0.0006268
220,gymstanas,<code>gymstanas</code>,2,0.0006268
220,h&aelig;bbe,<code>h&amp;ae;bbe</code>,2,0.0006268
220,halgum,<code>halgum</code>,2,0.0006268
220,halig,<code>halig</code>,2,0.0006268
220,halignys,<code>halignys</code>,2,0.0006268
220,heafodleahtras,<code>heafodleahtras</code>,2,0.0006268
220,healde,<code>healde</code>,2,0.0006268
220,healfan,<code>healfan</code>,2,0.0006268
220,hearm,<code>hearm</code>,2,0.0006268
220,hirede,<code>hirede</code>,2,0.0006268
220,hundtwelftig,<code>hundtwelftig</code>,2,0.0006268
220,huse,<code>huse</code>,2,0.0006268
220,husum,<code>husum</code>,2,0.0006268
220,ingehyd,<code>ingehyd</code>,2,0.0006268
220,into,<code>into</code>,2,0.0006268
220,iudan,<code>iudan</code>,2,0.0006268
220,iudea,<code>iudea</code>,2,0.0006268
220,l&aelig;weda,<code>l&amp;ae;weda</code>,2,0.0006268
220,l&aelig;wede,<code>l&amp;ae;wede</code>,2,0.0006268
220,langsum,<code>langsum</code>,2,0.0006268
220,leahtras,<code>leahtras</code>,2,0.0006268
220,lenge,<code>lenge</code>,2,0.0006268
220,leofode,<code>leofode</code>,2,0.0006268
220,lybbendum,<code>lybbendum</code>,2,0.0006268
220,m&aelig;r&eth;e,<code>m&amp;ae;r&amp;d;e</code>,2,0.0006268
220,mancynn,<code>mancynn</code>,2,0.0006268
220,manega,<code>manega</code>,2,0.0006268
220,mare,<code>mare</code>,2,0.0006268
220,melowes,<code>melowes</code>,2,0.0006268
220,menigfealde,<code>menigfealde</code>,2,0.0006268
220,menigfealdum,<code>menigfealdum</code>,2,0.0006268
220,menn,<code>menn</code>,2,0.0006268
220,miccle,<code>miccle</code>,2,0.0006268
220,micclum,<code>micclum</code>,2,0.0006268
220,mihta,<code>mihta</code>,2,0.0006268
220,mislice,<code>mislice</code>,2,0.0006268
220,mittan,<code>mittan</code>,2,0.0006268
220,n&aelig;nne,<code>n&amp;ae;nne</code>,2,0.0006268
220,nanes,<code>nanes</code>,2,0.0006268
220,neod,<code>neod</code>,2,0.0006268
220,o&eth;,<code>o&amp;d;</code>,2,0.0006268
220,o&eth;re,<code>o&amp;d;re</code>,2,0.0006268
220,o&eth;res,<code>o&amp;d;res</code>,2,0.0006268
220,o&thorn;erne,<code>o&amp;t;erne</code>,2,0.0006268
220,oferg&aelig;&eth;,<code>oferg&amp;ae;&amp;d;</code>,2,0.0006268
220,ongean,<code>ongean</code>,2,0.0006268
220,pacem,<code>pacem</code>,2,0.0006268
220,rices,<code>rices</code>,2,0.0006268
220,rihtwisnysse,<code>rihtwisnysse</code>,2,0.0006268
220,rixode,<code>rixode</code>,2,0.0006268
220,s&aelig;don,<code>s&amp;ae;don</code>,2,0.0006268
220,saba,<code>saba</code>,2,0.0006268
220,sawul,<code>sawul</code>,2,0.0006268
220,sceolon,<code>sceolon</code>,2,0.0006268
220,sixtig,<code>sixtig</code>,2,0.0006268
220,so&eth;,<code>so&amp;d;</code>,2,0.0006268
220,so&eth;an,<code>so&amp;d;an</code>,2,0.0006268
220,so&eth;ne,<code>so&amp;d;ne</code>,2,0.0006268
220,so&eth;re,<code>so&amp;d;re</code>,2,0.0006268
220,spr&aelig;c,<code>spr&amp;ae;c</code>,2,0.0006268
220,stan,<code>stan</code>,2,0.0006268
220,stanum,<code>stanum</code>,2,0.0006268
220,stent,<code>stent</code>,2,0.0006268
220,stowe,<code>stowe</code>,2,0.0006268
220,sume,<code>sume</code>,2,0.0006268
220,sunu,<code>sunu</code>,2,0.0006268
220,sylfe,<code>sylfe</code>,2,0.0006268
220,sylfwilles,<code>sylfwilles</code>,2,0.0006268
220,sylle,<code>sylle</code>,2,0.0006268
220,templ,<code>templ</code>,2,0.0006268
220,temples,<code>temples</code>,2,0.0006268
220,twelf,<code>twelf</code>,2,0.0006268
220,understanda&eth;,<code>understanda&amp;d;</code>,2,0.0006268
220,ungerim,<code>ungerim</code>,2,0.0006268
220,uobis,<code>uobis</code>,2,0.0006268
220,ures,<code>ures</code>,2,0.0006268
220,werode,<code>werode</code>,2,0.0006268
220,widnysse,<code>widnysse</code>,2,0.0006268
220,wile,<code>wile</code>,2,0.0006268
220,wissunge,<code>wissunge</code>,2,0.0006268
220,witan,<code>witan</code>,2,0.0006268
220,witega,<code>witega</code>,2,0.0006268
220,witegan,<code>witegan</code>,2,0.0006268
220,word,<code>word</code>,2,0.0006268
220,wuldor,<code>wuldor</code>,2,0.0006268
220,wuna&eth;,<code>wuna&amp;d;</code>,2,0.0006268
220,wur&eth;ia&eth;,<code>wur&amp;d;ia&amp;d;</code>,2,0.0006268
220,wylla&eth;,<code>wylla&amp;d;</code>,2,0.0006268
220,wyrhta,<code>wyrhta</code>,2,0.0006268
220,wyrta,<code>wyrta</code>,2,0.0006268
220,ydel,<code>ydel</code>,2,0.0006268
220,ylcan,<code>ylcan</code>,2,0.0006268
397,&aelig;lce,<code>&amp;ae;lce</code>,1,0.0003134
397,&aelig;lincge,<code>&amp;ae;lincge</code>,1,0.0003134
397,&aelig;lmihtiga,<code>&amp;ae;lmihtiga</code>,1,0.0003134
397,&aelig;nig,<code>&amp;ae;nig</code>,1,0.0003134
397,&aelig;ristes,<code>&amp;ae;ristes</code>,1,0.0003134
397,&aelig;rrum,<code>&amp;ae;rrum</code>,1,0.0003134
397,&aelig;te,<code>&amp;ae;te</code>,1,0.0003134
397,&aelig;teowod,<code>&amp;ae;teowod</code>,1,0.0003134
397,&aelig;teowode,<code>&amp;ae;teowode</code>,1,0.0003134
397,&eth;&aelig;r,<code>&amp;d;&amp;ae;r</code>,1,0.0003134
397,&eth;&aelig;ra,<code>&amp;d;&amp;ae;ra</code>,1,0.0003134
397,&eth;ancigende,<code>&amp;d;ancigende</code>,1,0.0003134
397,&eth;ancunga,<code>&amp;d;ancunga</code>,1,0.0003134
397,&eth;earfan,<code>&amp;d;earfan</code>,1,0.0003134
397,&eth;eawa,<code>&amp;d;eawa</code>,1,0.0003134
397,&eth;egnas,<code>&amp;d;egnas</code>,1,0.0003134
397,&eth;egnum,<code>&amp;d;egnum</code>,1,0.0003134
397,&eth;enia&eth;,<code>&amp;d;enia&amp;d;</code>,1,0.0003134
397,&eth;enung,<code>&amp;d;enung</code>,1,0.0003134
397,&eth;eos,<code>&amp;d;eos</code>,1,0.0003134
397,&eth;inc&eth;,<code>&amp;d;inc&amp;d;</code>,1,0.0003134
397,&eth;incan,<code>&amp;d;incan</code>,1,0.0003134
397,&eth;ine,<code>&amp;d;ine</code>,1,0.0003134
397,&eth;ingum,<code>&amp;d;ingum</code>,1,0.0003134
397,&eth;inne,<code>&amp;d;inne</code>,1,0.0003134
397,&eth;inra,<code>&amp;d;inra</code>,1,0.0003134
397,&eth;inre,<code>&amp;d;inre</code>,1,0.0003134
397,&eth;rim,<code>&amp;d;rim</code>,1,0.0003134
397,&eth;ritig,<code>&amp;d;ritig</code>,1,0.0003134
397,&eth;urhwuna&eth;,<code>&amp;d;urhwuna&amp;d;</code>,1,0.0003134
397,&eth;yssere,<code>&amp;d;yssere</code>,1,0.0003134
397,&thorn;&aelig;r,<code>&amp;t;&amp;ae;r</code>,1,0.0003134
397,&thorn;&aelig;rinne,<code>&amp;t;&amp;ae;rinne</code>,1,0.0003134
397,&thorn;&aelig;rto,<code>&amp;t;&amp;ae;rto</code>,1,0.0003134
397,&thorn;earf,<code>&amp;t;earf</code>,1,0.0003134
397,&thorn;eoda,<code>&amp;t;eoda</code>,1,0.0003134
397,&thorn;eodum,<code>&amp;t;eodum</code>,1,0.0003134
397,&thorn;eos,<code>&amp;t;eos</code>,1,0.0003134
397,&thorn;issere,<code>&amp;t;issere</code>,1,0.0003134
397,&thorn;olia&eth;,<code>&amp;t;olia&amp;d;</code>,1,0.0003134
397,&thorn;reo,<code>&amp;t;reo</code>,1,0.0003134
397,&thorn;rittig,<code>&amp;t;rittig</code>,1,0.0003134
397,&thorn;urfon,<code>&amp;t;urfon</code>,1,0.0003134
397,&thorn;urhwunia&eth;,<code>&amp;t;urhwunia&amp;d;</code>,1,0.0003134
397,&thorn;us,<code>&amp;t;us</code>,1,0.0003134
397,&thorn;usendfealde,<code>&amp;t;usendfealde</code>,1,0.0003134
397,&thorn;yllic,<code>&amp;t;yllic</code>,1,0.0003134
397,&thorn;yllice,<code>&amp;t;yllice</code>,1,0.0003134
397,a&eth;ryt,<code>a&amp;d;ryt</code>,1,0.0003134
397,adstitit,<code>adstitit</code>,1,0.0003134
397,afanda&eth;,<code>afanda&amp;d;</code>,1,0.0003134
397,afandod,<code>afandod</code>,1,0.0003134
397,afandode,<code>afandode</code>,1,0.0003134
397,afeormod,<code>afeormod</code>,1,0.0003134
397,afyldon,<code>afyldon</code>,1,0.0003134
397,afylled,<code>afylled</code>,1,0.0003134
397,ahwar,<code>ahwar</code>,1,0.0003134
397,aliud,<code>aliud</code>,1,0.0003134
397,alysednys,<code>alysednys</code>,1,0.0003134
397,amen,<code>amen</code>,1,0.0003134
397,anda,<code>anda</code>,1,0.0003134
397,andetnysse,<code>andetnysse</code>,1,0.0003134
397,andetta&eth;,<code>andetta&amp;d;</code>,1,0.0003134
397,andgite,<code>andgite</code>,1,0.0003134
397,andgitleasum,<code>andgitleasum</code>,1,0.0003134
397,andwerd,<code>andwerd</code>,1,0.0003134
397,andwerdum,<code>andwerdum</code>,1,0.0003134
397,anes,<code>anes</code>,1,0.0003134
397,anlicnyssum,<code>anlicnyssum</code>,1,0.0003134
397,anlipig,<code>anlipig</code>,1,0.0003134
397,anlipige,<code>anlipige</code>,1,0.0003134
397,annysse,<code>annysse</code>,1,0.0003134
397,antimbre,<code>antimbre</code>,1,0.0003134
397,apostolum,<code>apostolum</code>,1,0.0003134
397,ar&aelig;rdon,<code>ar&amp;ae;rdon</code>,1,0.0003134
397,ar&aelig;renne,<code>ar&amp;ae;renne</code>,1,0.0003134
397,asmeade,<code>asmeade</code>,1,0.0003134
397,astah,<code>astah</code>,1,0.0003134
397,astod,<code>astod</code>,1,0.0003134
397,atelice,<code>atelice</code>,1,0.0003134
397,ateoria&eth;,<code>ateoria&amp;d;</code>,1,0.0003134
397,awl&aelig;tan,<code>awl&amp;ae;tan</code>,1,0.0003134
397,awoc,<code>awoc</code>,1,0.0003134
397,aworpen,<code>aworpen</code>,1,0.0003134
397,awrat,<code>awrat</code>,1,0.0003134
397,awurpon,<code>awurpon</code>,1,0.0003134
397,awyrigedan,<code>awyrigedan</code>,1,0.0003134
397,awyrigedum,<code>awyrigedum</code>,1,0.0003134
397,axode,<code>axode</code>,1,0.0003134
397,bearne,<code>bearne</code>,1,0.0003134
397,bearnes,<code>bearnes</code>,1,0.0003134
397,beboda,<code>beboda</code>,1,0.0003134
397,becomon,<code>becomon</code>,1,0.0003134
397,becuman,<code>becuman</code>,1,0.0003134
397,becym&eth;,<code>becym&amp;d;</code>,1,0.0003134
397,bede,<code>bede</code>,1,0.0003134
397,begytan,<code>begytan</code>,1,0.0003134
397,behreowsunge,<code>behreowsunge</code>,1,0.0003134
397,ben,<code>ben</code>,1,0.0003134
397,beran,<code>beran</code>,1,0.0003134
397,bet&aelig;ce,<code>bet&amp;ae;ce</code>,1,0.0003134
397,bet&aelig;ht,<code>bet&amp;ae;ht</code>,1,0.0003134
397,bidde,<code>bidde</code>,1,0.0003134
397,biddendne,<code>biddendne</code>,1,0.0003134
397,bide,<code>bide</code>,1,0.0003134
397,bigleofa,<code>bigleofa</code>,1,0.0003134
397,bigspella,<code>bigspella</code>,1,0.0003134
397,bleo,<code>bleo</code>,1,0.0003134
397,bletsunga,<code>bletsunga</code>,1,0.0003134
397,bli&eth;re,<code>bli&amp;d;re</code>,1,0.0003134
397,boca,<code>boca</code>,1,0.0003134
397,bradnysse,<code>bradnysse</code>,1,0.0003134
397,brinc&eth;,<code>brinc&amp;d;</code>,1,0.0003134
397,bruce,<code>bruce</code>,1,0.0003134
397,bryde,<code>bryde</code>,1,0.0003134
397,bryne,<code>bryne</code>,1,0.0003134
397,byrig,<code>byrig</code>,1,0.0003134
397,ceafe,<code>ceafe</code>,1,0.0003134
397,cederbeame,<code>cederbeame</code>,1,0.0003134
397,christus,<code>christus</code>,1,0.0003134
397,circumdata,<code>circumdata</code>,1,0.0003134
397,cl&aelig;nes,<code>cl&amp;ae;nes</code>,1,0.0003134
397,cl&aelig;nheortan,<code>cl&amp;ae;nheortan</code>,1,0.0003134
397,cl&aelig;num,<code>cl&amp;ae;num</code>,1,0.0003134
397,clipigendum,<code>clipigendum</code>,1,0.0003134
397,cn&aelig;pling,<code>cn&amp;ae;pling</code>,1,0.0003134
397,cneowum,<code>cneowum</code>,1,0.0003134
397,comon,<code>comon</code>,1,0.0003134
397,cr&aelig;ta,<code>cr&amp;ae;ta</code>,1,0.0003134
397,cristenes,<code>cristenes</code>,1,0.0003134
397,cristenra,<code>cristenra</code>,1,0.0003134
397,cunne,<code>cunne</code>,1,0.0003134
397,cwe&eth;a&eth;,<code>cwe&amp;d;a&amp;d;</code>,1,0.0003134
397,cwe&eth;ende,<code>cwe&amp;d;ende</code>,1,0.0003134
397,cwy&eth;,<code>cwy&amp;d;</code>,1,0.0003134
397,cyddest,<code>cyddest</code>,1,0.0003134
397,cyde,<code>cyde</code>,1,0.0003134
397,cynegum,<code>cynegum</code>,1,0.0003134
397,cynelican,<code>cynelican</code>,1,0.0003134
397,cynerices,<code>cynerices</code>,1,0.0003134
397,cynges,<code>cynges</code>,1,0.0003134
397,cyninga,<code>cyninga</code>,1,0.0003134
397,cyrcbr&aelig;ce,<code>cyrcbr&amp;ae;ce</code>,1,0.0003134
397,cyrchalgunge,<code>cyrchalgunge</code>,1,0.0003134
397,cyrclican,<code>cyrclican</code>,1,0.0003134
397,daga,<code>daga</code>,1,0.0003134
397,dare,<code>dare</code>,1,0.0003134
397,dauide,<code>dauide</code>,1,0.0003134
397,dea&eth;,<code>dea&amp;d;</code>,1,0.0003134
397,deadum,<code>deadum</code>,1,0.0003134
397,dear,<code>dear</code>,1,0.0003134
397,deaurato,<code>deaurato</code>,1,0.0003134
397,decet,<code>decet</code>,1,0.0003134
397,dedicatione,<code>dedicatione</code>,1,0.0003134
397,dei,<code>dei</code>,1,0.0003134
397,deofle,<code>deofle</code>,1,0.0003134
397,deofol,<code>deofol</code>,1,0.0003134
397,deofolgyld,<code>deofolgyld</code>,1,0.0003134
397,deoplicor,<code>deoplicor</code>,1,0.0003134
397,deorwur&eth;re,<code>deorwur&amp;d;re</code>,1,0.0003134
397,dera&eth;,<code>dera&amp;d;</code>,1,0.0003134
397,dextris,<code>dextris</code>,1,0.0003134
397,dierum,<code>dierum</code>,1,0.0003134
397,digelan,<code>digelan</code>,1,0.0003134
397,digelnysse,<code>digelnysse</code>,1,0.0003134
397,discedite,<code>discedite</code>,1,0.0003134
397,domas,<code>domas</code>,1,0.0003134
397,domes,<code>domes</code>,1,0.0003134
397,domine,<code>domine</code>,1,0.0003134
397,domum,<code>domum</code>,1,0.0003134
397,drihtne,<code>drihtne</code>,1,0.0003134
397,drohtnunga,<code>drohtnunga</code>,1,0.0003134
397,drycr&aelig;ft,<code>drycr&amp;ae;ft</code>,1,0.0003134
397,e&eth;ele,<code>e&amp;d;ele</code>,1,0.0003134
397,eadige,<code>eadige</code>,1,0.0003134
397,eage,<code>eage</code>,1,0.0003134
397,eahteo&eth;an,<code>eahteo&amp;d;an</code>,1,0.0003134
397,ealdordom,<code>ealdordom</code>,1,0.0003134
397,ealdorscipe,<code>ealdorscipe</code>,1,0.0003134
397,ealdres,<code>ealdres</code>,1,0.0003134
397,eall,<code>eall</code>,1,0.0003134
397,ealles,<code>ealles</code>,1,0.0003134
397,eare,<code>eare</code>,1,0.0003134
397,earfo&eth;nysse,<code>earfo&amp;d;nysse</code>,1,0.0003134
397,eastportic,<code>eastportic</code>,1,0.0003134
397,ecclesiae,<code>ecclesiae</code>,1,0.0003134
397,ece,<code>ece</code>,1,0.0003134
397,ecere,<code>ecere</code>,1,0.0003134
397,ecum,<code>ecum</code>,1,0.0003134
397,edlean,<code>edlean</code>,1,0.0003134
397,efne,<code>efne</code>,1,0.0003134
397,eft,<code>eft</code>,1,0.0003134
397,endenextan,<code>endenextan</code>,1,0.0003134
397,engla,<code>engla</code>,1,0.0003134
397,englas,<code>englas</code>,1,0.0003134
397,englum,<code>englum</code>,1,0.0003134
397,eor&eth;an,<code>eor&amp;d;an</code>,1,0.0003134
397,eor&eth;lic,<code>eor&amp;d;lic</code>,1,0.0003134
397,eor&eth;licere,<code>eor&amp;d;licere</code>,1,0.0003134
397,eowere,<code>eowere</code>,1,0.0003134
397,estis,<code>estis</code>,1,0.0003134
397,f&aelig;gernysse,<code>f&amp;ae;gernysse</code>,1,0.0003134
397,f&aelig;res,<code>f&amp;ae;res</code>,1,0.0003134
397,f&aelig;rst,<code>f&amp;ae;rst</code>,1,0.0003134
397,f&aelig;tte,<code>f&amp;ae;tte</code>,1,0.0003134
397,fahnysse,<code>fahnysse</code>,1,0.0003134
397,fara&eth;,<code>fara&amp;d;</code>,1,0.0003134
397,fare,<code>fare</code>,1,0.0003134
397,faron,<code>faron</code>,1,0.0003134
397,fecit,<code>fecit</code>,1,0.0003134
397,feldoxan,<code>feldoxan</code>,1,0.0003134
397,feng,<code>feng</code>,1,0.0003134
397,feo,<code>feo</code>,1,0.0003134
397,feoh,<code>feoh</code>,1,0.0003134
397,feonda,<code>feonda</code>,1,0.0003134
397,feower,<code>feower</code>,1,0.0003134
397,fif,<code>fif</code>,1,0.0003134
397,fingra,<code>fingra</code>,1,0.0003134
397,fixum,<code>fixum</code>,1,0.0003134
397,folca,<code>folca</code>,1,0.0003134
397,forbih&eth;,<code>forbih&amp;d;</code>,1,0.0003134
397,forbyrn&eth;,<code>forbyrn&amp;d;</code>,1,0.0003134
397,forgif,<code>forgif</code>,1,0.0003134
397,forl&aelig;te,<code>forl&amp;ae;te</code>,1,0.0003134
397,forniman,<code>forniman</code>,1,0.0003134
397,forseon,<code>forseon</code>,1,0.0003134
397,forsewennysse,<code>forsewennysse</code>,1,0.0003134
397,forwyrde,<code>forwyrde</code>,1,0.0003134
397,fr&aelig;tewunge,<code>fr&amp;ae;tewunge</code>,1,0.0003134
397,fremia&eth;,<code>fremia&amp;d;</code>,1,0.0003134
397,fugela,<code>fugela</code>,1,0.0003134
397,fugelum,<code>fugelum</code>,1,0.0003134
397,fugolo&eth;e,<code>fugolo&amp;d;e</code>,1,0.0003134
397,fulan,<code>fulan</code>,1,0.0003134
397,fullice,<code>fullice</code>,1,0.0003134
397,fulluhtes,<code>fulluhtes</code>,1,0.0003134
397,fulre,<code>fulre</code>,1,0.0003134
397,fundamentum,<code>fundamentum</code>,1,0.0003134
397,fur&eth;on,<code>fur&amp;d;on</code>,1,0.0003134
397,fylstan,<code>fylstan</code>,1,0.0003134
397,fyres,<code>fyres</code>,1,0.0003134
397,fyrhte,<code>fyrhte</code>,1,0.0003134
397,g&aelig;mnige,<code>g&amp;ae;mnige</code>,1,0.0003134
397,gaste,<code>gaste</code>,1,0.0003134
397,gastlicra,<code>gastlicra</code>,1,0.0003134
397,ge&aelig;biligde,<code>ge&amp;ae;biligde</code>,1,0.0003134
397,ge&eth;eo&eth;,<code>ge&amp;d;eo&amp;d;</code>,1,0.0003134
397,ge&eth;ohtas,<code>ge&amp;d;ohtas</code>,1,0.0003134
397,ge&eth;ohte,<code>ge&amp;d;ohte</code>,1,0.0003134
397,ge&eth;rowian,<code>ge&amp;d;rowian</code>,1,0.0003134
397,ge&eth;w&aelig;rl&aelig;can,<code>ge&amp;d;w&amp;ae;rl&amp;ae;can</code>,1,0.0003134
397,ge&eth;ylde,<code>ge&amp;d;ylde</code>,1,0.0003134
397,geaf,<code>geaf</code>,1,0.0003134
397,gearca&eth;,<code>gearca&amp;d;</code>,1,0.0003134
397,gearum,<code>gearum</code>,1,0.0003134
397,gearwur&eth;od,<code>gearwur&amp;d;od</code>,1,0.0003134
397,gearwur&eth;ode,<code>gearwur&amp;d;ode</code>,1,0.0003134
397,geb&aelig;d,<code>geb&amp;ae;d</code>,1,0.0003134
397,gebeda,<code>gebeda</code>,1,0.0003134
397,gebedhuse,<code>gebedhuse</code>,1,0.0003134
397,gebeta&eth;,<code>gebeta&amp;d;</code>,1,0.0003134
397,gebiddan,<code>gebiddan</code>,1,0.0003134
397,gebigedum,<code>gebigedum</code>,1,0.0003134
397,gebletsode,<code>gebletsode</code>,1,0.0003134
397,gebro&eth;ra,<code>gebro&amp;d;ra</code>,1,0.0003134
397,gebytlunge,<code>gebytlunge</code>,1,0.0003134
397,gecigede,<code>gecigede</code>,1,0.0003134
397,gecl&aelig;nsige,<code>gecl&amp;ae;nsige</code>,1,0.0003134
397,gecl&aelig;nsode,<code>gecl&amp;ae;nsode</code>,1,0.0003134
397,gecoren,<code>gecoren</code>,1,0.0003134
397,gecorenum,<code>gecorenum</code>,1,0.0003134
397,gecr&aelig;ft,<code>gecr&amp;ae;ft</code>,1,0.0003134
397,gecwemednysse,<code>gecwemednysse</code>,1,0.0003134
397,gecwemlice,<code>gecwemlice</code>,1,0.0003134
397,gecyrrednysse,<code>gecyrrednysse</code>,1,0.0003134
397,gedyrstl&aelig;ce,<code>gedyrstl&amp;ae;ce</code>,1,0.0003134
397,geearnia&eth;,<code>geearnia&amp;d;</code>,1,0.0003134
397,geearnige,<code>geearnige</code>,1,0.0003134
397,geenda&eth;,<code>geenda&amp;d;</code>,1,0.0003134
397,geendia&eth;,<code>geendia&amp;d;</code>,1,0.0003134
397,geendod,<code>geendod</code>,1,0.0003134
397,geendunge,<code>geendunge</code>,1,0.0003134
397,gefadod,<code>gefadod</code>,1,0.0003134
397,gefeohte,<code>gefeohte</code>,1,0.0003134
397,gegaderode,<code>gegaderode</code>,1,0.0003134
397,gegearcod,<code>gegearcod</code>,1,0.0003134
397,gegladige,<code>gegladige</code>,1,0.0003134
397,geglencged,<code>geglencged</code>,1,0.0003134
397,gegodian,<code>gegodian</code>,1,0.0003134
397,gehadod,<code>gehadod</code>,1,0.0003134
397,gehadodum,<code>gehadodum</code>,1,0.0003134
397,gehatene,<code>gehatene</code>,1,0.0003134
397,gehoforode,<code>gehoforode</code>,1,0.0003134
397,gehwa,<code>gehwa</code>,1,0.0003134
397,gehwilc,<code>gehwilc</code>,1,0.0003134
397,gehwilces,<code>gehwilces</code>,1,0.0003134
397,gehwilcum,<code>gehwilcum</code>,1,0.0003134
397,gehylt,<code>gehylt</code>,1,0.0003134
397,gehyra&eth;,<code>gehyra&amp;d;</code>,1,0.0003134
397,gehyrdon,<code>gehyrdon</code>,1,0.0003134
397,gel&aelig;de,<code>gel&amp;ae;de</code>,1,0.0003134
397,geleaffulla,<code>geleaffulla</code>,1,0.0003134
397,geleaffulle,<code>geleaffulle</code>,1,0.0003134
397,geleaffulre,<code>geleaffulre</code>,1,0.0003134
397,geled,<code>geled</code>,1,0.0003134
397,gelenge,<code>gelenge</code>,1,0.0003134
397,gelic,<code>gelic</code>,1,0.0003134
397,gelicode,<code>gelicode</code>,1,0.0003134
397,gelyfan,<code>gelyfan</code>,1,0.0003134
397,gem&aelig;nelican,<code>gem&amp;ae;nelican</code>,1,0.0003134
397,gem&aelig;nelicum,<code>gem&amp;ae;nelicum</code>,1,0.0003134
397,gem&aelig;rsod,<code>gem&amp;ae;rsod</code>,1,0.0003134
397,gem&aelig;rum,<code>gem&amp;ae;rum</code>,1,0.0003134
397,gem&aelig;stra,<code>gem&amp;ae;stra</code>,1,0.0003134
397,gemete,<code>gemete</code>,1,0.0003134
397,gemetum,<code>gemetum</code>,1,0.0003134
397,gemicclian,<code>gemicclian</code>,1,0.0003134
397,gemynt,<code>gemynt</code>,1,0.0003134
397,gemynte,<code>gemynte</code>,1,0.0003134
397,genam,<code>genam</code>,1,0.0003134
397,geneal&aelig;ca&eth;,<code>geneal&amp;ae;ca&amp;d;</code>,1,0.0003134
397,genihtsumnys,<code>genihtsumnys</code>,1,0.0003134
397,geoffria&eth;,<code>geoffria&amp;d;</code>,1,0.0003134
397,geogo&eth;e,<code>geogo&amp;d;e</code>,1,0.0003134
397,geopena&eth;,<code>geopena&amp;d;</code>,1,0.0003134
397,gereccenne,<code>gereccenne</code>,1,0.0003134
397,gereht,<code>gereht</code>,1,0.0003134
397,gereord,<code>gereord</code>,1,0.0003134
397,gereordige,<code>gereordige</code>,1,0.0003134
397,gereordum,<code>gereordum</code>,1,0.0003134
397,ges&aelig;lige,<code>ges&amp;ae;lige</code>,1,0.0003134
397,gesawe,<code>gesawe</code>,1,0.0003134
397,gesawon,<code>gesawon</code>,1,0.0003134
397,gesceafta,<code>gesceafta</code>,1,0.0003134
397,gescyldnysse,<code>gescyldnysse</code>,1,0.0003134
397,geseah,<code>geseah</code>,1,0.0003134
397,geseonne,<code>geseonne</code>,1,0.0003134
397,geset,<code>geset</code>,1,0.0003134
397,gesetnysse,<code>gesetnysse</code>,1,0.0003134
397,gesettum,<code>gesettum</code>,1,0.0003134
397,gesibbian,<code>gesibbian</code>,1,0.0003134
397,gesibsum,<code>gesibsum</code>,1,0.0003134
397,gesih&eth;,<code>gesih&amp;d;</code>,1,0.0003134
397,gesih&eth;e,<code>gesih&amp;d;e</code>,1,0.0003134
397,gestreone,<code>gestreone</code>,1,0.0003134
397,gesungen,<code>gesungen</code>,1,0.0003134
397,geswutela&eth;,<code>geswutela&amp;d;</code>,1,0.0003134
397,geteald,<code>geteald</code>,1,0.0003134
397,getele,<code>getele</code>,1,0.0003134
397,getimbrod,<code>getimbrod</code>,1,0.0003134
397,getimbrunga,<code>getimbrunga</code>,1,0.0003134
397,getingnysse,<code>getingnysse</code>,1,0.0003134
397,geu&eth;est,<code>geu&amp;d;est</code>,1,0.0003134
397,gewilnia&eth;,<code>gewilnia&amp;d;</code>,1,0.0003134
397,gewilnodon,<code>gewilnodon</code>,1,0.0003134
397,gewissian,<code>gewissian</code>,1,0.0003134
397,gewita&eth;,<code>gewita&amp;d;</code>,1,0.0003134
397,gewitnys,<code>gewitnys</code>,1,0.0003134
397,geworhte,<code>geworhte</code>,1,0.0003134
397,gitsung,<code>gitsung</code>,1,0.0003134
397,godum,<code>godum</code>,1,0.0003134
397,gylp,<code>gylp</code>,1,0.0003134
397,gylta,<code>gylta</code>,1,0.0003134
397,gymeleaste,<code>gymeleaste</code>,1,0.0003134
397,gymmas,<code>gymmas</code>,1,0.0003134
397,gymstana,<code>gymstana</code>,1,0.0003134
397,gymstanum,<code>gymstanum</code>,1,0.0003134
397,gyrde,<code>gyrde</code>,1,0.0003134
397,gyrlan,<code>gyrlan</code>,1,0.0003134
397,gyrnde,<code>gyrnde</code>,1,0.0003134
397,gytsunge,<code>gytsunge</code>,1,0.0003134
397,h&aelig;&eth;enan,<code>h&amp;ae;&amp;d;enan</code>,1,0.0003134
397,h&aelig;&eth;engyld,<code>h&amp;ae;&amp;d;engyld</code>,1,0.0003134
397,h&aelig;fdon,<code>h&amp;ae;fdon</code>,1,0.0003134
397,h&aelig;l,<code>h&amp;ae;l</code>,1,0.0003134
397,h&aelig;l&eth;e,<code>h&amp;ae;l&amp;d;e</code>,1,0.0003134
397,h&aelig;lendes,<code>h&amp;ae;lendes</code>,1,0.0003134
397,habban,<code>habban</code>,1,0.0003134
397,halga,<code>halga</code>,1,0.0003134
397,halgena,<code>halgena</code>,1,0.0003134
397,halgunge,<code>halgunge</code>,1,0.0003134
397,halige,<code>halige</code>,1,0.0003134
397,haligra,<code>haligra</code>,1,0.0003134
397,ham,<code>ham</code>,1,0.0003134
397,handa,<code>handa</code>,1,0.0003134
397,handum,<code>handum</code>,1,0.0003134
397,heagan,<code>heagan</code>,1,0.0003134
397,heahnysse,<code>heahnysse</code>,1,0.0003134
397,healdan,<code>healdan</code>,1,0.0003134
397,healican,<code>healican</code>,1,0.0003134
397,healicra,<code>healicra</code>,1,0.0003134
397,hefe,<code>hefe</code>,1,0.0003134
397,heofenlica,<code>heofenlica</code>,1,0.0003134
397,heofenlican,<code>heofenlican</code>,1,0.0003134
397,heofenlicum,<code>heofenlicum</code>,1,0.0003134
397,heofenum,<code>heofenum</code>,1,0.0003134
397,heorte,<code>heorte</code>,1,0.0003134
397,heria&eth;,<code>heria&amp;d;</code>,1,0.0003134
397,herunga,<code>herunga</code>,1,0.0003134
397,hihte,<code>hihte</code>,1,0.0003134
397,hlisa,<code>hlisa</code>,1,0.0003134
397,hlisan,<code>hlisan</code>,1,0.0003134
397,hund,<code>hund</code>,1,0.0003134
397,hunteontig,<code>hunteontig</code>,1,0.0003134
397,hunto&eth;e,<code>hunto&amp;d;e</code>,1,0.0003134
397,huru,<code>huru</code>,1,0.0003134
397,hwan,<code>hwan</code>,1,0.0003134
397,hwilc,<code>hwilc</code>,1,0.0003134
397,hwile,<code>hwile</code>,1,0.0003134
397,hylst,<code>hylst</code>,1,0.0003134
397,id,<code>id</code>,1,0.0003134
397,iesus,<code>iesus</code>,1,0.0003134
397,intingan,<code>intingan</code>,1,0.0003134
397,ipse,<code>ipse</code>,1,0.0003134
397,israhel,<code>israhel</code>,1,0.0003134
397,israhela,<code>israhela</code>,1,0.0003134
397,iudei,<code>iudei</code>,1,0.0003134
397,iudeum,<code>iudeum</code>,1,0.0003134
397,l&aelig;ran,<code>l&amp;ae;ran</code>,1,0.0003134
397,l&aelig;rde,<code>l&amp;ae;rde</code>,1,0.0003134
397,l&aelig;ssan,<code>l&amp;ae;ssan</code>,1,0.0003134
397,l&aelig;tan,<code>l&amp;ae;tan</code>,1,0.0003134
397,la&eth;ettan,<code>la&amp;d;ettan</code>,1,0.0003134
397,lace,<code>lace</code>,1,0.0003134
397,lacum,<code>lacum</code>,1,0.0003134
397,lande,<code>lande</code>,1,0.0003134
397,langlice,<code>langlice</code>,1,0.0003134
397,langsumnysse,<code>langsumnysse</code>,1,0.0003134
397,lareow,<code>lareow</code>,1,0.0003134
397,lareowa,<code>lareowa</code>,1,0.0003134
397,lareowum,<code>lareowum</code>,1,0.0003134
397,leahtrum,<code>leahtrum</code>,1,0.0003134
397,leas,<code>leas</code>,1,0.0003134
397,leasre,<code>leasre</code>,1,0.0003134
397,lecgan,<code>lecgan</code>,1,0.0003134
397,leo&eth;a,<code>leo&amp;d;a</code>,1,0.0003134
397,leoda,<code>leoda</code>,1,0.0003134
397,leodum,<code>leodum</code>,1,0.0003134
397,leofostan,<code>leofostan</code>,1,0.0003134
397,leohtan,<code>leohtan</code>,1,0.0003134
397,leohtlice,<code>leohtlice</code>,1,0.0003134
397,leoman,<code>leoman</code>,1,0.0003134
397,leorningcnihtum,<code>leorningcnihtum</code>,1,0.0003134
397,li&eth;,<code>li&amp;d;</code>,1,0.0003134
397,lichama,<code>lichama</code>,1,0.0003134
397,lichaman,<code>lichaman</code>,1,0.0003134
397,lifleasum,<code>lifleasum</code>,1,0.0003134
397,liflican,<code>liflican</code>,1,0.0003134
397,lima,<code>lima</code>,1,0.0003134
397,loce,<code>loce</code>,1,0.0003134
397,lof,<code>lof</code>,1,0.0003134
397,lofsangas,<code>lofsangas</code>,1,0.0003134
397,lofsangum,<code>lofsangum</code>,1,0.0003134
397,longitudinem,<code>longitudinem</code>,1,0.0003134
397,lufa&eth;,<code>lufa&amp;d;</code>,1,0.0003134
397,lufia&eth;,<code>lufia&amp;d;</code>,1,0.0003134
397,lufode,<code>lufode</code>,1,0.0003134
397,lybban,<code>lybban</code>,1,0.0003134
397,lybbenda,<code>lybbenda</code>,1,0.0003134
397,lybbende,<code>lybbende</code>,1,0.0003134
397,lyffetunge,<code>lyffetunge</code>,1,0.0003134
397,lytlan,<code>lytlan</code>,1,0.0003134
397,lytlum,<code>lytlum</code>,1,0.0003134
397,m&aelig;&eth;e,<code>m&amp;ae;&amp;d;e</code>,1,0.0003134
397,m&aelig;ge,<code>m&amp;ae;ge</code>,1,0.0003134
397,m&aelig;gena,<code>m&amp;ae;gena</code>,1,0.0003134
397,m&aelig;le,<code>m&amp;ae;le</code>,1,0.0003134
397,m&aelig;r&eth;,<code>m&amp;ae;r&amp;d;</code>,1,0.0003134
397,m&aelig;r&eth;a,<code>m&amp;ae;r&amp;d;a</code>,1,0.0003134
397,m&aelig;ra,<code>m&amp;ae;ra</code>,1,0.0003134
397,m&aelig;rsunge,<code>m&amp;ae;rsunge</code>,1,0.0003134
397,maledicti,<code>maledicti</code>,1,0.0003134
397,manfullan,<code>manfullan</code>,1,0.0003134
397,mannum,<code>mannum</code>,1,0.0003134
397,mansliht,<code>mansliht</code>,1,0.0003134
397,meam,<code>meam</code>,1,0.0003134
397,menigfeald,<code>menigfeald</code>,1,0.0003134
397,menigfealdre,<code>menigfealdre</code>,1,0.0003134
397,menigu,<code>menigu</code>,1,0.0003134
397,menniscnysse,<code>menniscnysse</code>,1,0.0003134
397,mensura,<code>mensura</code>,1,0.0003134
397,micclan,<code>micclan</code>,1,0.0003134
397,micel,<code>micel</code>,1,0.0003134
397,micelne,<code>micelne</code>,1,0.0003134
397,micelre,<code>micelre</code>,1,0.0003134
397,middanearde,<code>middanearde</code>,1,0.0003134
397,mihte,<code>mihte</code>,1,0.0003134
397,mines,<code>mines</code>,1,0.0003134
397,mislicum,<code>mislicum</code>,1,0.0003134
397,misr&aelig;ce,<code>misr&amp;ae;ce</code>,1,0.0003134
397,modignys,<code>modignys</code>,1,0.0003134
397,moton,<code>moton</code>,1,0.0003134
397,moysen,<code>moysen</code>,1,0.0003134
397,mynster,<code>mynster</code>,1,0.0003134
397,myrh&eth;e,<code>myrh&amp;d;e</code>,1,0.0003134
397,n&aelig;f&eth;,<code>n&amp;ae;f&amp;d;</code>,1,0.0003134
397,n&aelig;fde,<code>n&amp;ae;fde</code>,1,0.0003134
397,n&aelig;re,<code>n&amp;ae;re</code>,1,0.0003134
397,naht,<code>naht</code>,1,0.0003134
397,nane,<code>nane</code>,1,0.0003134
397,nathan,<code>nathan</code>,1,0.0003134
397,neadunge,<code>neadunge</code>,1,0.0003134
397,nemo,<code>nemo</code>,1,0.0003134
397,nihte,<code>nihte</code>,1,0.0003134
397,niman,<code>niman</code>,1,0.0003134
397,niwan,<code>niwan</code>,1,0.0003134
397,nolde,<code>nolde</code>,1,0.0003134
397,nostra,<code>nostra</code>,1,0.0003134
397,notu,<code>notu</code>,1,0.0003134
397,numero,<code>numero</code>,1,0.0003134
397,nyte,<code>nyte</code>,1,0.0003134
397,nytende,<code>nytende</code>,1,0.0003134
397,nytenum,<code>nytenum</code>,1,0.0003134
397,o&eth;er,<code>o&amp;d;er</code>,1,0.0003134
397,o&eth;rum,<code>o&amp;d;rum</code>,1,0.0003134
397,oferdrenc,<code>oferdrenc</code>,1,0.0003134
397,ofergyldum,<code>ofergyldum</code>,1,0.0003134
397,offra&eth;,<code>offra&amp;d;</code>,1,0.0003134
397,offrode,<code>offrode</code>,1,0.0003134
397,offrunga,<code>offrunga</code>,1,0.0003134
397,offrunge,<code>offrunge</code>,1,0.0003134
397,ofslean,<code>ofslean</code>,1,0.0003134
397,oftor,<code>oftor</code>,1,0.0003134
397,ofwundrod,<code>ofwundrod</code>,1,0.0003134
397,ol&aelig;ce,<code>ol&amp;ae;ce</code>,1,0.0003134
397,onlihtinge,<code>onlihtinge</code>,1,0.0003134
397,ons&aelig;gednyssa,<code>ons&amp;ae;gednyssa</code>,1,0.0003134
397,onscyte,<code>onscyte</code>,1,0.0003134
397,onwununge,<code>onwununge</code>,1,0.0003134
397,oxan,<code>oxan</code>,1,0.0003134
397,oxena,<code>oxena</code>,1,0.0003134
397,pax,<code>pax</code>,1,0.0003134
397,petrus,<code>petrus</code>,1,0.0003134
397,pinunge,<code>pinunge</code>,1,0.0003134
397,pondere,<code>pondere</code>,1,0.0003134
397,ponere,<code>ponere</code>,1,0.0003134
397,positum,<code>positum</code>,1,0.0003134
397,potest,<code>potest</code>,1,0.0003134
397,preter,<code>preter</code>,1,0.0003134
397,punda,<code>punda</code>,1,0.0003134
397,qui,<code>qui</code>,1,0.0003134
397,r&aelig;de,<code>r&amp;ae;de</code>,1,0.0003134
397,racu,<code>racu</code>,1,0.0003134
397,readum,<code>readum</code>,1,0.0003134
397,reaflac,<code>reaflac</code>,1,0.0003134
397,reccan,<code>reccan</code>,1,0.0003134
397,regina,<code>regina</code>,1,0.0003134
397,relinquo,<code>relinquo</code>,1,0.0003134
397,reliqua,<code>reliqua</code>,1,0.0003134
397,reste,<code>reste</code>,1,0.0003134
397,riccetere,<code>riccetere</code>,1,0.0003134
397,riddena,<code>riddena</code>,1,0.0003134
397,rihtlice,<code>rihtlice</code>,1,0.0003134
397,rihtwisan,<code>rihtwisan</code>,1,0.0003134
397,rihtwise,<code>rihtwise</code>,1,0.0003134
397,rixa&eth;,<code>rixa&amp;d;</code>,1,0.0003134
397,s&aelig;strande,<code>s&amp;ae;strande</code>,1,0.0003134
397,samod,<code>samod</code>,1,0.0003134
397,sanctitudo,<code>sanctitudo</code>,1,0.0003134
397,sanctum,<code>sanctum</code>,1,0.0003134
397,sandceosol,<code>sandceosol</code>,1,0.0003134
397,sawle,<code>sawle</code>,1,0.0003134
397,sawlum,<code>sawlum</code>,1,0.0003134
397,sceapa,<code>sceapa</code>,1,0.0003134
397,sceattas,<code>sceattas</code>,1,0.0003134
397,sceolde,<code>sceolde</code>,1,0.0003134
397,scyppend,<code>scyppend</code>,1,0.0003134
397,sealmas,<code>sealmas</code>,1,0.0003134
397,secgan,<code>secgan</code>,1,0.0003134
397,sette,<code>sette</code>,1,0.0003134
397,settest,<code>settest</code>,1,0.0003134
397,si&eth;&eth;an,<code>si&amp;d;&amp;d;an</code>,1,0.0003134
397,sib,<code>sib</code>,1,0.0003134
397,sindon,<code>sindon</code>,1,0.0003134
397,singa&eth;,<code>singa&amp;d;</code>,1,0.0003134
397,singal,<code>singal</code>,1,0.0003134
397,smea&eth;,<code>smea&amp;d;</code>,1,0.0003134
397,smeade,<code>smeade</code>,1,0.0003134
397,smeagan,<code>smeagan</code>,1,0.0003134
397,snoter,<code>snoter</code>,1,0.0003134
397,snoternysse,<code>snoternysse</code>,1,0.0003134
397,so&eth;f&aelig;stnysse,<code>so&amp;d;f&amp;ae;stnysse</code>,1,0.0003134
397,sona,<code>sona</code>,1,0.0003134
397,spelige,<code>spelige</code>,1,0.0003134
397,spr&aelig;ca,<code>spr&amp;ae;ca</code>,1,0.0003134
397,spreca&eth;,<code>spreca&amp;d;</code>,1,0.0003134
397,stala,<code>stala</code>,1,0.0003134
397,standa&eth;,<code>standa&amp;d;</code>,1,0.0003134
397,steore,<code>steore</code>,1,0.0003134
397,stilnysse,<code>stilnysse</code>,1,0.0003134
397,stowa,<code>stowa</code>,1,0.0003134
397,streawe,<code>streawe</code>,1,0.0003134
397,styran,<code>styran</code>,1,0.0003134
397,su&eth;d&aelig;le,<code>su&amp;d;d&amp;ae;le</code>,1,0.0003134
397,su&eth;erne,<code>su&amp;d;erne</code>,1,0.0003134
397,su&eth;ernum,<code>su&amp;d;ernum</code>,1,0.0003134
397,sunnan,<code>sunnan</code>,1,0.0003134
397,sw&aelig;ran,<code>sw&amp;ae;ran</code>,1,0.0003134
397,swefen,<code>swefen</code>,1,0.0003134
397,swefne,<code>swefne</code>,1,0.0003134
397,swi&eth;or,<code>swi&amp;d;or</code>,1,0.0003134
397,swicola,<code>swicola</code>,1,0.0003134
397,swilc,<code>swilc</code>,1,0.0003134
397,swilce,<code>swilce</code>,1,0.0003134
397,swilcum,<code>swilcum</code>,1,0.0003134
397,swutel,<code>swutel</code>,1,0.0003134
397,swy&eth;ran,<code>swy&amp;d;ran</code>,1,0.0003134
397,swylce,<code>swylce</code>,1,0.0003134
397,sy&eth;&eth;an,<code>sy&amp;d;&amp;d;an</code>,1,0.0003134
397,sybbe,<code>sybbe</code>,1,0.0003134
397,syfon,<code>syfon</code>,1,0.0003134
397,symle,<code>symle</code>,1,0.0003134
397,syndon,<code>syndon</code>,1,0.0003134
397,synnum,<code>synnum</code>,1,0.0003134
397,t&aelig;c&eth;,<code>t&amp;ae;c&amp;d;</code>,1,0.0003134
397,t&aelig;cunge,<code>t&amp;ae;cunge</code>,1,0.0003134
397,t&aelig;hte,<code>t&amp;ae;hte</code>,1,0.0003134
397,teart,<code>teart</code>,1,0.0003134
397,teartum,<code>teartum</code>,1,0.0003134
397,templa,<code>templa</code>,1,0.0003134
397,templum,<code>templum</code>,1,0.0003134
397,tide,<code>tide</code>,1,0.0003134
397,tihtendlice,<code>tihtendlice</code>,1,0.0003134
397,timan,<code>timan</code>,1,0.0003134
397,tintregige,<code>tintregige</code>,1,0.0003134
397,tocnawan,<code>tocnawan</code>,1,0.0003134
397,toforan,<code>toforan</code>,1,0.0003134
397,toweardan,<code>toweardan</code>,1,0.0003134
397,trahtnian,<code>trahtnian</code>,1,0.0003134
397,treowcynne,<code>treowcynne</code>,1,0.0003134
397,treowu,<code>treowu</code>,1,0.0003134
397,trymminge,<code>trymminge</code>,1,0.0003134
397,tuam,<code>tuam</code>,1,0.0003134
397,tuis,<code>tuis</code>,1,0.0003134
397,twa,<code>twa</code>,1,0.0003134
397,tyn,<code>tyn</code>,1,0.0003134
397,uarietate,<code>uarietate</code>,1,0.0003134
397,uestitu,<code>uestitu</code>,1,0.0003134
397,undeadlicnysse,<code>undeadlicnysse</code>,1,0.0003134
397,underfeh&eth;,<code>underfeh&amp;d;</code>,1,0.0003134
397,underfo,<code>underfo</code>,1,0.0003134
397,understod,<code>understod</code>,1,0.0003134
397,ungel&aelig;redum,<code>ungel&amp;ae;redum</code>,1,0.0003134
397,ungeleaffullan,<code>ungeleaffullan</code>,1,0.0003134
397,ungemetlice,<code>ungemetlice</code>,1,0.0003134
397,unrihtlice,<code>unrihtlice</code>,1,0.0003134
397,unrihtwisan,<code>unrihtwisan</code>,1,0.0003134
397,untwylice,<code>untwylice</code>,1,0.0003134
397,unum,<code>unum</code>,1,0.0003134
397,uos,<code>uos</code>,1,0.0003134
397,up,<code>up</code>,1,0.0003134
397,urum,<code>urum</code>,1,0.0003134
397,utraque,<code>utraque</code>,1,0.0003134
397,w&aelig;te,<code>w&amp;ae;te</code>,1,0.0003134
397,wagum,<code>wagum</code>,1,0.0003134
397,we&eth;era,<code>we&amp;d;era</code>,1,0.0003134
397,weallum,<code>weallum</code>,1,0.0003134
397,wegum,<code>wegum</code>,1,0.0003134
397,wene,<code>wene</code>,1,0.0003134
397,weofode,<code>weofode</code>,1,0.0003134
397,werod,<code>werod</code>,1,0.0003134
397,wi&eth;stent,<code>wi&amp;d;stent</code>,1,0.0003134
397,wican,<code>wican</code>,1,0.0003134
397,wiccecr&aelig;ft,<code>wiccecr&amp;ae;ft</code>,1,0.0003134
397,wid,<code>wid</code>,1,0.0003134
397,wif,<code>wif</code>,1,0.0003134
397,wifes,<code>wifes</code>,1,0.0003134
397,wille,<code>wille</code>,1,0.0003134
397,wis,<code>wis</code>,1,0.0003134
397,wisdome,<code>wisdome</code>,1,0.0003134
397,wise,<code>wise</code>,1,0.0003134
397,witniendlice,<code>witniendlice</code>,1,0.0003134
397,witniendlicum,<code>witniendlicum</code>,1,0.0003134
397,witnigendlicum,<code>witnigendlicum</code>,1,0.0003134
397,witodlice,<code>witodlice</code>,1,0.0003134
397,woldon,<code>woldon</code>,1,0.0003134
397,worda,<code>worda</code>,1,0.0003134
397,wordum,<code>wordum</code>,1,0.0003134
397,woruld,<code>woruld</code>,1,0.0003134
397,worulda,<code>worulda</code>,1,0.0003134
397,worulde,<code>worulde</code>,1,0.0003134
397,wuldre,<code>wuldre</code>,1,0.0003134
397,wundorlice,<code>wundorlice</code>,1,0.0003134
397,wundra&eth;,<code>wundra&amp;d;</code>,1,0.0003134
397,wundrode,<code>wundrode</code>,1,0.0003134
397,wunodon,<code>wunodon</code>,1,0.0003134
397,wununge,<code>wununge</code>,1,0.0003134
397,wur&eth;e,<code>wur&amp;d;e</code>,1,0.0003134
397,wur&eth;odon,<code>wur&amp;d;odon</code>,1,0.0003134
397,wyrc&eth;,<code>wyrc&amp;d;</code>,1,0.0003134
397,wyrtbr&aelig;&eth;as,<code>wyrtbr&amp;ae;&amp;d;as</code>,1,0.0003134
397,wyrtbr&aelig;&eth;um,<code>wyrtbr&amp;ae;&amp;d;um</code>,1,0.0003134
397,ydele,<code>ydele</code>,1,0.0003134
397,yfel,<code>yfel</code>,1,0.0003134
397,ylca,<code>ylca</code>,1,0.0003134
397,ymbe,<code>ymbe</code>,1,0.0003134
397,ymbscryd,<code>ymbscryd</code>,1,0.0003134
397,ysopan,<code>ysopan</code>,1,0.0003134
