B_Prose,B01,B01.003.007_AELS__Maur__T03070.txt,961,650,2842
RANK,HTML WORD,RAW WORD,COUNT,RELATIVE FREQUENCY
1,and,<code>and</code>,172,0.0605208
2,he,<code>he</code>,86,0.0302604
3,on,<code>on</code>,76,0.0267417
4,to,<code>to</code>,62,0.0218156
5,his,<code>his</code>,59,0.0207600
6,&thorn;a,<code>&amp;t;a</code>,57,0.0200563
7,&thorn;&aelig;t,<code>&amp;t;&amp;ae;t</code>,52,0.0182970
8,swa,<code>swa</code>,48,0.0168895
9,mid,<code>mid</code>,47,0.0165376
10,&thorn;e,<code>&amp;t;e</code>,46,0.0161858
11,him,<code>him</code>,44,0.0154821
12,se,<code>se</code>,42,0.0147783
13,&eth;am,<code>&amp;d;am</code>,37,0.0130190
14,&eth;a,<code>&amp;d;a</code>,28,0.0098522
14,of,<code>of</code>,28,0.0098522
14,w&aelig;s,<code>w&amp;ae;s</code>,28,0.0098522
17,&thorn;am,<code>&amp;t;am</code>,27,0.0095004
18,maurus,<code>maurus</code>,26,0.0091485
19,hi,<code>hi</code>,24,0.0084448
20,&thorn;&aelig;s,<code>&amp;t;&amp;ae;s</code>,18,0.0063336
21,be,<code>be</code>,17,0.0059817
22,eac,<code>eac</code>,16,0.0056298
23,ac,<code>ac</code>,15,0.0052780
23,hine,<code>hine</code>,15,0.0052780
25,godes,<code>godes</code>,14,0.0049261
25,mynstre,<code>mynstre</code>,14,0.0049261
27,for,<code>for</code>,13,0.0045742
27,fram,<code>fram</code>,13,0.0045742
29,&thorn;one,<code>&amp;t;one</code>,12,0.0042224
29,&thorn;u,<code>&amp;t;u</code>,12,0.0042224
29,gode,<code>gode</code>,12,0.0042224
29,halgan,<code>halgan</code>,12,0.0042224
29,heora,<code>heora</code>,12,0.0042224
34,&thorn;eah,<code>&amp;t;eah</code>,11,0.0038705
34,eft,<code>eft</code>,11,0.0038705
34,florus,<code>florus</code>,11,0.0038705
37,cw&aelig;&eth;,<code>cw&amp;ae;&amp;d;</code>,10,0.0035186
37,eode,<code>eode</code>,10,0.0035186
37,hw&aelig;t,<code>hw&amp;ae;t</code>,10,0.0035186
37,maure,<code>maure</code>,10,0.0035186
37,si&eth;&eth;an,<code>si&amp;d;&amp;d;an</code>,10,0.0035186
37,we,<code>we</code>,10,0.0035186
43,&aelig;fter,<code>&amp;ae;fter</code>,9,0.0031668
43,&eth;e,<code>&amp;d;e</code>,9,0.0031668
43,het,<code>het</code>,9,0.0031668
43,maures,<code>maures</code>,9,0.0031668
43,sona,<code>sona</code>,9,0.0031668
43,wear&eth;,<code>wear&amp;d;</code>,9,0.0031668
43,wolde,<code>wolde</code>,9,0.0031668
50,&aelig;r,<code>&amp;ae;r</code>,8,0.0028149
50,&thorn;urh,<code>&amp;t;urh</code>,8,0.0028149
50,b&aelig;d,<code>b&amp;ae;d</code>,8,0.0028149
50,god,<code>god</code>,8,0.0028149
50,muneca,<code>muneca</code>,8,0.0028149
50,ne,<code>ne</code>,8,0.0028149
56,benedicte,<code>benedicte</code>,7,0.0024631
56,benedictus,<code>benedictus</code>,7,0.0024631
56,hit,<code>hit</code>,7,0.0024631
56,mihte,<code>mihte</code>,7,0.0024631
56,munecas,<code>munecas</code>,7,0.0024631
56,o&eth;re,<code>o&amp;d;re</code>,7,0.0024631
56,sylf,<code>sylf</code>,7,0.0024631
56,w&aelig;re,<code>w&amp;ae;re</code>,7,0.0024631
64,&eth;&aelig;s,<code>&amp;d;&amp;ae;s</code>,6,0.0021112
64,&thorn;&aelig;r,<code>&amp;t;&amp;ae;r</code>,6,0.0021112
64,&thorn;&aelig;ra,<code>&amp;t;&amp;ae;ra</code>,6,0.0021112
64,agenum,<code>agenum</code>,6,0.0021112
64,beon,<code>beon</code>,6,0.0021112
64,cyning,<code>cyning</code>,6,0.0021112
64,cyrcan,<code>cyrcan</code>,6,0.0021112
64,eall,<code>eall</code>,6,0.0021112
64,ealle,<code>ealle</code>,6,0.0021112
64,ferde,<code>ferde</code>,6,0.0021112
64,geh&aelig;lde,<code>geh&amp;ae;lde</code>,6,0.0021112
64,life,<code>life</code>,6,0.0021112
64,mynster,<code>mynster</code>,6,0.0021112
64,sum,<code>sum</code>,6,0.0021112
64,sume,<code>sume</code>,6,0.0021112
64,wurdon,<code>wurdon</code>,6,0.0021112
80,&aelig;nne,<code>&amp;ae;nne</code>,5,0.0017593
80,&thorn;eowdome,<code>&amp;t;eowdome</code>,5,0.0017593
80,abbod,<code>abbod</code>,5,0.0017593
80,aras,<code>aras</code>,5,0.0017593
80,bletsode,<code>bletsode</code>,5,0.0017593
80,com,<code>com</code>,5,0.0017593
80,dihte,<code>dihte</code>,5,0.0017593
80,eallum,<code>eallum</code>,5,0.0017593
80,geare,<code>geare</code>,5,0.0017593
80,gif,<code>gif</code>,5,0.0017593
80,lande,<code>lande</code>,5,0.0017593
80,martines,<code>martines</code>,5,0.0017593
80,menn,<code>menn</code>,5,0.0017593
80,na,<code>na</code>,5,0.0017593
80,naman,<code>naman</code>,5,0.0017593
80,nu,<code>nu</code>,5,0.0017593
80,sawle,<code>sawle</code>,5,0.0017593
80,sceolde,<code>sceolde</code>,5,0.0017593
80,stowe,<code>stowe</code>,5,0.0017593
99,&aelig;lmihtigan,<code>&amp;ae;lmihtigan</code>,4,0.0014075
99,&aelig;t,<code>&amp;ae;t</code>,4,0.0014075
99,&eth;one,<code>&amp;d;one</code>,4,0.0014075
99,&eth;u,<code>&amp;d;u</code>,4,0.0014075
99,&thorn;&aelig;re,<code>&amp;t;&amp;ae;re</code>,4,0.0014075
99,&thorn;inum,<code>&amp;t;inum</code>,4,0.0014075
99,an,<code>an</code>,4,0.0014075
99,anum,<code>anum</code>,4,0.0014075
99,asende,<code>asende</code>,4,0.0014075
99,binnan,<code>binnan</code>,4,0.0014075
99,bisceope,<code>bisceope</code>,4,0.0014075
99,engel,<code>engel</code>,4,0.0014075
99,eow,<code>eow</code>,4,0.0014075
99,for&eth;an,<code>for&amp;d;an</code>,4,0.0014075
99,fores&aelig;dan,<code>fores&amp;ae;dan</code>,4,0.0014075
99,fotum,<code>fotum</code>,4,0.0014075
99,francena,<code>francena</code>,4,0.0014075
99,ge,<code>ge</code>,4,0.0014075
99,gebro&eth;rum,<code>gebro&amp;d;rum</code>,4,0.0014075
99,georne,<code>georne</code>,4,0.0014075
99,geseah,<code>geseah</code>,4,0.0014075
99,gesund,<code>gesund</code>,4,0.0014075
99,h&aelig;fde,<code>h&amp;ae;fde</code>,4,0.0014075
99,halga,<code>halga</code>,4,0.0014075
99,ic,<code>ic</code>,4,0.0014075
99,into,<code>into</code>,4,0.0014075
99,lac,<code>lac</code>,4,0.0014075
99,maurum,<code>maurum</code>,4,0.0014075
99,micclum,<code>micclum</code>,4,0.0014075
99,munecum,<code>munecum</code>,4,0.0014075
99,munuc,<code>munuc</code>,4,0.0014075
99,r&aelig;de,<code>r&amp;ae;de</code>,4,0.0014075
99,rice,<code>rice</code>,4,0.0014075
99,sunu,<code>sunu</code>,4,0.0014075
99,twegen,<code>twegen</code>,4,0.0014075
99,us,<code>us</code>,4,0.0014075
99,wel,<code>wel</code>,4,0.0014075
99,wer,<code>wer</code>,4,0.0014075
99,wordum,<code>wordum</code>,4,0.0014075
99,ylcan,<code>ylcan</code>,4,0.0014075
139,&aelig;fre,<code>&amp;ae;fre</code>,3,0.0010556
139,&aelig;tforan,<code>&amp;ae;tforan</code>,3,0.0010556
139,&eth;urh,<code>&amp;d;urh</code>,3,0.0010556
139,&thorn;anon,<code>&amp;t;anon</code>,3,0.0010556
139,&thorn;as,<code>&amp;t;as</code>,3,0.0010556
139,&thorn;earle,<code>&amp;t;earle</code>,3,0.0010556
139,ar&aelig;rde,<code>ar&amp;ae;rde</code>,3,0.0010556
139,benedictes,<code>benedictes</code>,3,0.0010556
139,butan,<code>butan</code>,3,0.0010556
139,cnapa,<code>cnapa</code>,3,0.0010556
139,cnapan,<code>cnapan</code>,3,0.0010556
139,cyninge,<code>cyninge</code>,3,0.0010556
139,d&aelig;ge,<code>d&amp;ae;ge</code>,3,0.0010556
139,drihten,<code>drihten</code>,3,0.0010556
139,drohtnunge,<code>drohtnunge</code>,3,0.0010556
139,feond,<code>feond</code>,3,0.0010556
139,feowertig,<code>feowertig</code>,3,0.0010556
139,for&eth;,<code>for&amp;d;</code>,3,0.0010556
139,foresceawode,<code>foresceawode</code>,3,0.0010556
139,gebro&eth;ra,<code>gebro&amp;d;ra</code>,3,0.0010556
139,geferan,<code>geferan</code>,3,0.0010556
139,gewitan,<code>gewitan</code>,3,0.0010556
139,h&aelig;le,<code>h&amp;ae;le</code>,3,0.0010556
139,ham,<code>ham</code>,3,0.0010556
139,heofonum,<code>heofonum</code>,3,0.0010556
139,her,<code>her</code>,3,0.0010556
139,hu,<code>hu</code>,3,0.0010556
139,l&aelig;g,<code>l&amp;ae;g</code>,3,0.0010556
139,lufe,<code>lufe</code>,3,0.0010556
139,mann,<code>mann</code>,3,0.0010556
139,micelre,<code>micelre</code>,3,0.0010556
139,munuclif,<code>munuclif</code>,3,0.0010556
139,o&eth;er,<code>o&amp;d;er</code>,3,0.0010556
139,preost,<code>preost</code>,3,0.0010556
139,s&aelig;de,<code>s&amp;ae;de</code>,3,0.0010556
139,sceoccan,<code>sceoccan</code>,3,0.0010556
139,so&eth;f&aelig;stan,<code>so&amp;d;f&amp;ae;stan</code>,3,0.0010556
139,sumere,<code>sumere</code>,3,0.0010556
139,sumum,<code>sumum</code>,3,0.0010556
139,sylfe,<code>sylfe</code>,3,0.0010556
139,synd,<code>synd</code>,3,0.0010556
139,w&aelig;ron,<code>w&amp;ae;ron</code>,3,0.0010556
139,weorce,<code>weorce</code>,3,0.0010556
139,wi&eth;,<code>wi&amp;d;</code>,3,0.0010556
139,willan,<code>willan</code>,3,0.0010556
139,win,<code>win</code>,3,0.0010556
139,worulde,<code>worulde</code>,3,0.0010556
139,wundra,<code>wundra</code>,3,0.0010556
139,wunian,<code>wunian</code>,3,0.0010556
139,wunode,<code>wunode</code>,3,0.0010556
139,wurde,<code>wurde</code>,3,0.0010556
190,&eth;&aelig;t,<code>&amp;d;&amp;ae;t</code>,2,0.0007037
190,&thorn;ine,<code>&amp;t;ine</code>,2,0.0007037
190,&thorn;isum,<code>&amp;t;isum</code>,2,0.0007037
190,&thorn;onne,<code>&amp;t;onne</code>,2,0.0007037
190,&thorn;yder,<code>&amp;t;yder</code>,2,0.0007037
190,&thorn;yllice,<code>&amp;t;yllice</code>,2,0.0007037
190,&thorn;ysum,<code>&amp;t;ysum</code>,2,0.0007037
190,a,<code>a</code>,2,0.0007037
190,ar&aelig;ran,<code>ar&amp;ae;ran</code>,2,0.0007037
190,ardlice,<code>ardlice</code>,2,0.0007037
190,awrat,<code>awrat</code>,2,0.0007037
190,b&aelig;don,<code>b&amp;ae;don</code>,2,0.0007037
190,becuma&eth;,<code>becuma&amp;d;</code>,2,0.0007037
190,began,<code>began</code>,2,0.0007037
190,behet,<code>behet</code>,2,0.0007037
190,beo,<code>beo</code>,2,0.0007037
190,beran,<code>beran</code>,2,0.0007037
190,bet&aelig;hte,<code>bet&amp;ae;hte</code>,2,0.0007037
190,bi&eth;,<code>bi&amp;d;</code>,2,0.0007037
190,bigleofan,<code>bigleofan</code>,2,0.0007037
190,biscop,<code>biscop</code>,2,0.0007037
190,come,<code>come</code>,2,0.0007037
190,crist,<code>crist</code>,2,0.0007037
190,cw&aelig;&thorn;,<code>cw&amp;ae;&amp;t;</code>,2,0.0007037
190,cw&aelig;don,<code>cw&amp;ae;don</code>,2,0.0007037
190,cydde,<code>cydde</code>,2,0.0007037
190,dea&eth;e,<code>dea&amp;d;e</code>,2,0.0007037
190,deadan,<code>deadan</code>,2,0.0007037
190,deofol,<code>deofol</code>,2,0.0007037
190,drihtnes,<code>drihtnes</code>,2,0.0007037
190,ealles,<code>ealles</code>,2,0.0007037
190,earde,<code>earde</code>,2,0.0007037
190,eart,<code>eart</code>,2,0.0007037
190,ecan,<code>ecan</code>,2,0.0007037
190,ecnysse,<code>ecnysse</code>,2,0.0007037
190,embe,<code>embe</code>,2,0.0007037
190,f&aelig;der,<code>f&amp;ae;der</code>,2,0.0007037
190,feollon,<code>feollon</code>,2,0.0007037
190,feower,<code>feower</code>,2,0.0007037
190,feredon,<code>feredon</code>,2,0.0007037
190,fyrmest,<code>fyrmest</code>,2,0.0007037
190,gang,<code>gang</code>,2,0.0007037
190,geara,<code>geara</code>,2,0.0007037
190,gecw&aelig;&eth;,<code>gecw&amp;ae;&amp;d;</code>,2,0.0007037
190,geendode,<code>geendode</code>,2,0.0007037
190,gehaten,<code>gehaten</code>,2,0.0007037
190,gehelpan,<code>gehelpan</code>,2,0.0007037
190,geleafan,<code>geleafan</code>,2,0.0007037
190,gemette,<code>gemette</code>,2,0.0007037
190,gemynte,<code>gemynte</code>,2,0.0007037
190,gereorde,<code>gereorde</code>,2,0.0007037
190,ges&aelig;lig,<code>ges&amp;ae;lig</code>,2,0.0007037
190,gesih&eth;e,<code>gesih&amp;d;e</code>,2,0.0007037
190,geswutelode,<code>geswutelode</code>,2,0.0007037
190,gewat,<code>gewat</code>,2,0.0007037
190,geworhte,<code>geworhte</code>,2,0.0007037
190,h&aelig;lend,<code>h&amp;ae;lend</code>,2,0.0007037
190,h&aelig;lendes,<code>h&amp;ae;lendes</code>,2,0.0007037
190,hider,<code>hider</code>,2,0.0007037
190,hund,<code>hund</code>,2,0.0007037
190,hundseofontig,<code>hundseofontig</code>,2,0.0007037
190,hwilon,<code>hwilon</code>,2,0.0007037
190,is,<code>is</code>,2,0.0007037
190,l&aelig;s,<code>l&amp;ae;s</code>,2,0.0007037
190,l&aelig;tan,<code>l&amp;ae;tan</code>,2,0.0007037
190,lare,<code>lare</code>,2,0.0007037
190,lareowes,<code>lareowes</code>,2,0.0007037
190,leofode,<code>leofode</code>,2,0.0007037
190,libban,<code>libban</code>,2,0.0007037
190,lic,<code>lic</code>,2,0.0007037
190,lif,<code>lif</code>,2,0.0007037
190,m&aelig;ran,<code>m&amp;ae;ran</code>,2,0.0007037
190,ma,<code>ma</code>,2,0.0007037
190,man,<code>man</code>,2,0.0007037
190,mergen,<code>mergen</code>,2,0.0007037
190,mode,<code>mode</code>,2,0.0007037
190,modor,<code>modor</code>,2,0.0007037
190,moste,<code>moste</code>,2,0.0007037
190,munuclicere,<code>munuclicere</code>,2,0.0007037
190,mycclum,<code>mycclum</code>,2,0.0007037
190,mycelre,<code>mycelre</code>,2,0.0007037
190,mynstres,<code>mynstres</code>,2,0.0007037
190,n&aelig;fre,<code>n&amp;ae;fre</code>,2,0.0007037
190,n&aelig;re,<code>n&amp;ae;re</code>,2,0.0007037
190,nolde,<code>nolde</code>,2,0.0007037
190,o&eth;&thorn;&aelig;t,<code>o&amp;d;&amp;t;&amp;ae;t</code>,2,0.0007037
190,o&eth;res,<code>o&amp;d;res</code>,2,0.0007037
190,o&eth;rum,<code>o&amp;d;rum</code>,2,0.0007037
190,oft,<code>oft</code>,2,0.0007037
190,preoste,<code>preoste</code>,2,0.0007037
190,regol,<code>regol</code>,2,0.0007037
190,s&aelig;cge,<code>s&amp;ae;cge</code>,2,0.0007037
190,scealt,<code>scealt</code>,2,0.0007037
190,scire,<code>scire</code>,2,0.0007037
190,se&eth;e,<code>se&amp;d;e</code>,2,0.0007037
190,seo,<code>seo</code>,2,0.0007037
190,sette,<code>sette</code>,2,0.0007037
190,si&eth;ode,<code>si&amp;d;ode</code>,2,0.0007037
190,so&eth;,<code>so&amp;d;</code>,2,0.0007037
190,so&eth;an,<code>so&amp;d;an</code>,2,0.0007037
190,stemne,<code>stemne</code>,2,0.0007037
190,sumne,<code>sumne</code>,2,0.0007037
190,swi&eth;e,<code>swi&amp;d;e</code>,2,0.0007037
190,swylce,<code>swylce</code>,2,0.0007037
190,sy,<code>sy</code>,2,0.0007037
190,timan,<code>timan</code>,2,0.0007037
190,twentig,<code>twentig</code>,2,0.0007037
190,unea&eth;e,<code>unea&amp;d;e</code>,2,0.0007037
190,uppon,<code>uppon</code>,2,0.0007037
190,w&aelig;ter,<code>w&amp;ae;ter</code>,2,0.0007037
190,wege,<code>wege</code>,2,0.0007037
190,wif,<code>wif</code>,2,0.0007037
190,wines,<code>wines</code>,2,0.0007037
190,wintra,<code>wintra</code>,2,0.0007037
190,wiste,<code>wiste</code>,2,0.0007037
190,wodnysse,<code>wodnysse</code>,2,0.0007037
190,wodum,<code>wodum</code>,2,0.0007037
190,wuldre,<code>wuldre</code>,2,0.0007037
190,wunigende,<code>wunigende</code>,2,0.0007037
190,wununge,<code>wununge</code>,2,0.0007037
190,wur&eth;ode,<code>wur&amp;d;ode</code>,2,0.0007037
190,wyrhtum,<code>wyrhtum</code>,2,0.0007037
312,&aelig;&eth;ela,<code>&amp;ae;&amp;d;ela</code>,1,0.0003519
312,&aelig;&eth;elan,<code>&amp;ae;&amp;d;elan</code>,1,0.0003519
312,&aelig;&eth;elborenne,<code>&amp;ae;&amp;d;elborenne</code>,1,0.0003519
312,&aelig;&thorn;elboren,<code>&amp;ae;&amp;t;elboren</code>,1,0.0003519
312,&aelig;lmihtig,<code>&amp;ae;lmihtig</code>,1,0.0003519
312,&aelig;lmihtiga,<code>&amp;ae;lmihtiga</code>,1,0.0003519
312,&aelig;lmihtigon,<code>&amp;ae;lmihtigon</code>,1,0.0003519
312,&aelig;nig,<code>&amp;ae;nig</code>,1,0.0003519
312,&aelig;nige,<code>&amp;ae;nige</code>,1,0.0003519
312,&aelig;rendgewrit,<code>&amp;ae;rendgewrit</code>,1,0.0003519
312,&aelig;rnemergen,<code>&amp;ae;rnemergen</code>,1,0.0003519
312,&aelig;teowa,<code>&amp;ae;teowa</code>,1,0.0003519
312,&aelig;tg&aelig;dere,<code>&amp;ae;tg&amp;ae;dere</code>,1,0.0003519
312,&aelig;wf&aelig;ste,<code>&amp;ae;wf&amp;ae;ste</code>,1,0.0003519
312,&aelig;wf&aelig;stnysse,<code>&amp;ae;wf&amp;ae;stnysse</code>,1,0.0003519
312,&aelig;wf&aelig;stum,<code>&amp;ae;wf&amp;ae;stum</code>,1,0.0003519
312,&aelig;wfest,<code>&amp;ae;wfest</code>,1,0.0003519
312,&eth;&aelig;re,<code>&amp;d;&amp;ae;re</code>,1,0.0003519
312,&eth;an,<code>&amp;d;an</code>,1,0.0003519
312,&eth;anon,<code>&amp;d;anon</code>,1,0.0003519
312,&eth;earfe,<code>&amp;d;earfe</code>,1,0.0003519
312,&eth;eowdome,<code>&amp;d;eowdome</code>,1,0.0003519
312,&eth;ider,<code>&amp;d;ider</code>,1,0.0003519
312,&eth;ing,<code>&amp;d;ing</code>,1,0.0003519
312,&eth;inre,<code>&amp;d;inre</code>,1,0.0003519
312,&eth;inum,<code>&amp;d;inum</code>,1,0.0003519
312,&eth;isum,<code>&amp;d;isum</code>,1,0.0003519
312,&eth;onne,<code>&amp;d;onne</code>,1,0.0003519
312,&eth;reage,<code>&amp;d;reage</code>,1,0.0003519
312,&eth;riddan,<code>&amp;d;riddan</code>,1,0.0003519
312,&eth;rynnysse,<code>&amp;d;rynnysse</code>,1,0.0003519
312,&eth;ysum,<code>&amp;d;ysum</code>,1,0.0003519
312,&thorn;an,<code>&amp;t;an</code>,1,0.0003519
312,&thorn;ancode,<code>&amp;t;ancode</code>,1,0.0003519
312,&thorn;egn,<code>&amp;t;egn</code>,1,0.0003519
312,&thorn;egna,<code>&amp;t;egna</code>,1,0.0003519
312,&thorn;egne,<code>&amp;t;egne</code>,1,0.0003519
312,&thorn;egnes,<code>&amp;t;egnes</code>,1,0.0003519
312,&thorn;el&aelig;s,<code>&amp;t;el&amp;ae;s</code>,1,0.0003519
312,&thorn;eos,<code>&amp;t;eos</code>,1,0.0003519
312,&thorn;eowan,<code>&amp;t;eowan</code>,1,0.0003519
312,&thorn;eowde,<code>&amp;t;eowde</code>,1,0.0003519
312,&thorn;er,<code>&amp;t;er</code>,1,0.0003519
312,&thorn;ider,<code>&amp;t;ider</code>,1,0.0003519
312,&thorn;incg,<code>&amp;t;incg</code>,1,0.0003519
312,&thorn;ines,<code>&amp;t;ines</code>,1,0.0003519
312,&thorn;isser&aelig;,<code>&amp;t;isser&amp;ae;</code>,1,0.0003519
312,&thorn;ry,<code>&amp;t;ry</code>,1,0.0003519
312,&thorn;rytteo&eth;an,<code>&amp;t;rytteo&amp;d;an</code>,1,0.0003519
312,&thorn;us,<code>&amp;t;us</code>,1,0.0003519
312,a&thorn;wogon,<code>a&amp;t;wogon</code>,1,0.0003519
312,ab&aelig;de,<code>ab&amp;ae;de</code>,1,0.0003519
312,abbatis,<code>abbatis</code>,1,0.0003519
312,abryrde,<code>abryrde</code>,1,0.0003519
312,acwealde,<code>acwealde</code>,1,0.0003519
312,acwelle,<code>acwelle</code>,1,0.0003519
312,adreogan,<code>adreogan</code>,1,0.0003519
312,afligde,<code>afligde</code>,1,0.0003519
312,afyllede,<code>afyllede</code>,1,0.0003519
312,afyrhte,<code>afyrhte</code>,1,0.0003519
312,ahredde,<code>ahredde</code>,1,0.0003519
312,ahreddest,<code>ahreddest</code>,1,0.0003519
312,alede,<code>alede</code>,1,0.0003519
312,amen,<code>amen</code>,1,0.0003519
312,ancennedan,<code>ancennedan</code>,1,0.0003519
312,andweardan,<code>andweardan</code>,1,0.0003519
312,andwerd,<code>andwerd</code>,1,0.0003519
312,anne,<code>anne</code>,1,0.0003519
312,anre,<code>anre</code>,1,0.0003519
312,ar&aelig;renne,<code>ar&amp;ae;renne</code>,1,0.0003519
312,are,<code>are</code>,1,0.0003519
312,arf&aelig;stnysse,<code>arf&amp;ae;stnysse</code>,1,0.0003519
312,aris,<code>aris</code>,1,0.0003519
312,arn,<code>arn</code>,1,0.0003519
312,arwur&eth;a,<code>arwur&amp;d;a</code>,1,0.0003519
312,arwur&eth;nysse,<code>arwur&amp;d;nysse</code>,1,0.0003519
312,astealdon,<code>astealdon</code>,1,0.0003519
312,astrehte,<code>astrehte</code>,1,0.0003519
312,astyred,<code>astyred</code>,1,0.0003519
312,ateorode,<code>ateorode</code>,1,0.0003519
312,attre,<code>attre</code>,1,0.0003519
312,awearp,<code>awearp</code>,1,0.0003519
312,awegdrifan,<code>awegdrifan</code>,1,0.0003519
312,awl&aelig;tte,<code>awl&amp;ae;tte</code>,1,0.0003519
312,awreht,<code>awreht</code>,1,0.0003519
312,awrehte,<code>awrehte</code>,1,0.0003519
312,awyrgedan,<code>awyrgedan</code>,1,0.0003519
312,b&aelig;ftan,<code>b&amp;ae;ftan</code>,1,0.0003519
312,b&aelig;r,<code>b&amp;ae;r</code>,1,0.0003519
312,b&aelig;ran,<code>b&amp;ae;ran</code>,1,0.0003519
312,baldlice,<code>baldlice</code>,1,0.0003519
312,beard,<code>beard</code>,1,0.0003519
312,bebead,<code>bebead</code>,1,0.0003519
312,bebyrged,<code>bebyrged</code>,1,0.0003519
312,becuman,<code>becuman</code>,1,0.0003519
312,beddryda,<code>beddryda</code>,1,0.0003519
312,beddrydan,<code>beddrydan</code>,1,0.0003519
312,bef&aelig;st,<code>bef&amp;ae;st</code>,1,0.0003519
312,bef&aelig;stan,<code>bef&amp;ae;stan</code>,1,0.0003519
312,befengon,<code>befengon</code>,1,0.0003519
312,befeol,<code>befeol</code>,1,0.0003519
312,behete,<code>behete</code>,1,0.0003519
312,behreowsunga,<code>behreowsunga</code>,1,0.0003519
312,belif&eth;,<code>belif&amp;d;</code>,1,0.0003519
312,belifon,<code>belifon</code>,1,0.0003519
312,benedictum,<code>benedictum</code>,1,0.0003519
312,beo&eth;,<code>beo&amp;d;</code>,1,0.0003519
312,beorhtnysse,<code>beorhtnysse</code>,1,0.0003519
312,bescoren,<code>bescoren</code>,1,0.0003519
312,beseah,<code>beseah</code>,1,0.0003519
312,bet&aelig;ht,<code>bet&amp;ae;ht</code>,1,0.0003519
312,bet&aelig;hton,<code>bet&amp;ae;hton</code>,1,0.0003519
312,bidda&eth;,<code>bidda&amp;d;</code>,1,0.0003519
312,biddenne,<code>biddenne</code>,1,0.0003519
312,bisceopes,<code>bisceopes</code>,1,0.0003519
312,bisceopstole,<code>bisceopstole</code>,1,0.0003519
312,biscoprice,<code>biscoprice</code>,1,0.0003519
312,bletsunga,<code>bletsunga</code>,1,0.0003519
312,bli&eth;elice,<code>bli&amp;d;elice</code>,1,0.0003519
312,bli&eth;re,<code>bli&amp;d;re</code>,1,0.0003519
312,blindne,<code>blindne</code>,1,0.0003519
312,blisse,<code>blisse</code>,1,0.0003519
312,blode,<code>blode</code>,1,0.0003519
312,bly&eth;e,<code>bly&amp;d;e</code>,1,0.0003519
312,blyssode,<code>blyssode</code>,1,0.0003519
312,boc,<code>boc</code>,1,0.0003519
312,brerdful,<code>brerdful</code>,1,0.0003519
312,bro&eth;or,<code>bro&amp;d;or</code>,1,0.0003519
312,bro&eth;orlicre,<code>bro&amp;d;orlicre</code>,1,0.0003519
312,bugon,<code>bugon</code>,1,0.0003519
312,buteruc,<code>buteruc</code>,1,0.0003519
312,buton,<code>buton</code>,1,0.0003519
312,butruce,<code>butruce</code>,1,0.0003519
312,butu,<code>butu</code>,1,0.0003519
312,bysne,<code>bysne</code>,1,0.0003519
312,cancor,<code>cancor</code>,1,0.0003519
312,casin,<code>casin</code>,1,0.0003519
312,cepte,<code>cepte</code>,1,0.0003519
312,cild,<code>cild</code>,1,0.0003519
312,cneowa,<code>cneowa</code>,1,0.0003519
312,coman,<code>coman</code>,1,0.0003519
312,comon,<code>comon</code>,1,0.0003519
312,cr&aelig;ftum,<code>cr&amp;ae;ftum</code>,1,0.0003519
312,creopere,<code>creopere</code>,1,0.0003519
312,criste,<code>criste</code>,1,0.0003519
312,cristes,<code>cristes</code>,1,0.0003519
312,cunnodon,<code>cunnodon</code>,1,0.0003519
312,cwe&eth;ende,<code>cwe&amp;d;ende</code>,1,0.0003519
312,cwealm,<code>cwealm</code>,1,0.0003519
312,cwealme,<code>cwealme</code>,1,0.0003519
312,cwylmiende,<code>cwylmiende</code>,1,0.0003519
312,cyninges,<code>cyninges</code>,1,0.0003519
312,cyrdon,<code>cyrdon</code>,1,0.0003519
312,d&aelig;d,<code>d&amp;ae;d</code>,1,0.0003519
312,d&aelig;l,<code>d&amp;ae;l</code>,1,0.0003519
312,d&aelig;le,<code>d&amp;ae;le</code>,1,0.0003519
312,dagum,<code>dagum</code>,1,0.0003519
312,dege,<code>dege</code>,1,0.0003519
312,deofles,<code>deofles</code>,1,0.0003519
312,deoflu,<code>deoflu</code>,1,0.0003519
312,deofolseocum,<code>deofolseocum</code>,1,0.0003519
312,discipulum,<code>discipulum</code>,1,0.0003519
312,dreorig,<code>dreorig</code>,1,0.0003519
312,drohtnigende,<code>drohtnigende</code>,1,0.0003519
312,druncon,<code>druncon</code>,1,0.0003519
312,dumbne,<code>dumbne</code>,1,0.0003519
312,dyde,<code>dyde</code>,1,0.0003519
312,dyre,<code>dyre</code>,1,0.0003519
312,dyrling,<code>dyrling</code>,1,0.0003519
312,ea,<code>ea</code>,1,0.0003519
312,eacc,<code>eacc</code>,1,0.0003519
312,eadigan,<code>eadigan</code>,1,0.0003519
312,eahte,<code>eahte</code>,1,0.0003519
312,ealra,<code>ealra</code>,1,0.0003519
312,ealre,<code>ealre</code>,1,0.0003519
312,earfo&eth;lice,<code>earfo&amp;d;lice</code>,1,0.0003519
312,earmum,<code>earmum</code>,1,0.0003519
312,eawf&aelig;ste,<code>eawf&amp;ae;ste</code>,1,0.0003519
312,eftsona,<code>eftsona</code>,1,0.0003519
312,egeslice,<code>egeslice</code>,1,0.0003519
312,elles,<code>elles</code>,1,0.0003519
312,em,<code>em</code>,1,0.0003519
312,endenehstan,<code>endenehstan</code>,1,0.0003519
312,englisc,<code>englisc</code>,1,0.0003519
312,eoden,<code>eoden</code>,1,0.0003519
312,eodon,<code>eodon</code>,1,0.0003519
312,eor&eth;an,<code>eor&amp;d;an</code>,1,0.0003519
312,eower,<code>eower</code>,1,0.0003519
312,ercediacon,<code>ercediacon</code>,1,0.0003519
312,f&aelig;gen,<code>f&amp;ae;gen</code>,1,0.0003519
312,f&aelig;geran,<code>f&amp;ae;geran</code>,1,0.0003519
312,f&aelig;relde,<code>f&amp;ae;relde</code>,1,0.0003519
312,f&aelig;rlice,<code>f&amp;ae;rlice</code>,1,0.0003519
312,facnes,<code>facnes</code>,1,0.0003519
312,fara&eth;,<code>fara&amp;d;</code>,1,0.0003519
312,faran,<code>faran</code>,1,0.0003519
312,fare,<code>fare</code>,1,0.0003519
312,feawum,<code>feawum</code>,1,0.0003519
312,februarii,<code>februarii</code>,1,0.0003519
312,fela,<code>fela</code>,1,0.0003519
312,feol,<code>feol</code>,1,0.0003519
312,feordon,<code>feordon</code>,1,0.0003519
312,feorran,<code>feorran</code>,1,0.0003519
312,feowerteo&eth;an,<code>feowerteo&amp;d;an</code>,1,0.0003519
312,ferdon,<code>ferdon</code>,1,0.0003519
312,fette,<code>fette</code>,1,0.0003519
312,fif,<code>fif</code>,1,0.0003519
312,findan,<code>findan</code>,1,0.0003519
312,fleow,<code>fleow</code>,1,0.0003519
312,flore,<code>flore</code>,1,0.0003519
312,flores,<code>flores</code>,1,0.0003519
312,flowendum,<code>flowendum</code>,1,0.0003519
312,folce,<code>folce</code>,1,0.0003519
312,folgere,<code>folgere</code>,1,0.0003519
312,for&eth;&thorn;egn,<code>for&amp;d;&amp;t;egn</code>,1,0.0003519
312,for&eth;faren,<code>for&amp;d;faren</code>,1,0.0003519
312,for&eth;farenan,<code>for&amp;d;farenan</code>,1,0.0003519
312,for&eth;ferdon,<code>for&amp;d;ferdon</code>,1,0.0003519
312,for&eth;si&eth;,<code>for&amp;d;si&amp;d;</code>,1,0.0003519
312,for&eth;si&eth;e,<code>for&amp;d;si&amp;d;e</code>,1,0.0003519
312,for&thorn;an,<code>for&amp;t;an</code>,1,0.0003519
312,for&thorn;y,<code>for&amp;t;y</code>,1,0.0003519
312,fordwan,<code>fordwan</code>,1,0.0003519
312,forgeaf,<code>forgeaf</code>,1,0.0003519
312,forl&aelig;t,<code>forl&amp;ae;t</code>,1,0.0003519
312,forl&aelig;tan,<code>forl&amp;ae;tan</code>,1,0.0003519
312,fornumen,<code>fornumen</code>,1,0.0003519
312,forsuwia&eth;,<code>forsuwia&amp;d;</code>,1,0.0003519
312,forwyrnde,<code>forwyrnde</code>,1,0.0003519
312,freodome,<code>freodome</code>,1,0.0003519
312,freond,<code>freond</code>,1,0.0003519
312,fruman,<code>fruman</code>,1,0.0003519
312,fulan,<code>fulan</code>,1,0.0003519
312,fulgode,<code>fulgode</code>,1,0.0003519
312,fullum,<code>fullum</code>,1,0.0003519
312,funde,<code>funde</code>,1,0.0003519
312,fur&eth;or,<code>fur&amp;d;or</code>,1,0.0003519
312,fyligst,<code>fyligst</code>,1,0.0003519
312,fyrenum,<code>fyrenum</code>,1,0.0003519
312,fyrlenan,<code>fyrlenan</code>,1,0.0003519
312,fyrlene,<code>fyrlene</code>,1,0.0003519
312,fyrlenum,<code>fyrlenum</code>,1,0.0003519
312,fyrste,<code>fyrste</code>,1,0.0003519
312,gadorod,<code>gadorod</code>,1,0.0003519
312,galdrum,<code>galdrum</code>,1,0.0003519
312,gan,<code>gan</code>,1,0.0003519
312,gaste,<code>gaste</code>,1,0.0003519
312,gastlican,<code>gastlican</code>,1,0.0003519
312,gastlice,<code>gastlice</code>,1,0.0003519
312,gastlicre,<code>gastlicre</code>,1,0.0003519
312,ge&thorn;afode,<code>ge&amp;t;afode</code>,1,0.0003519
312,ge&thorn;uht,<code>ge&amp;t;uht</code>,1,0.0003519
312,geaf,<code>geaf</code>,1,0.0003519
312,gear,<code>gear</code>,1,0.0003519
312,gearcodon,<code>gearcodon</code>,1,0.0003519
312,gearum,<code>gearum</code>,1,0.0003519
312,gearwe,<code>gearwe</code>,1,0.0003519
312,geaxode,<code>geaxode</code>,1,0.0003519
312,geb&aelig;dhuse,<code>geb&amp;ae;dhuse</code>,1,0.0003519
312,gebeda,<code>gebeda</code>,1,0.0003519
312,gebedda,<code>gebedda</code>,1,0.0003519
312,gebedum,<code>gebedum</code>,1,0.0003519
312,gebicnunge,<code>gebicnunge</code>,1,0.0003519
312,geblissode,<code>geblissode</code>,1,0.0003519
312,geboren,<code>geboren</code>,1,0.0003519
312,gebroht,<code>gebroht</code>,1,0.0003519
312,gebysgod,<code>gebysgod</code>,1,0.0003519
312,gecydd,<code>gecydd</code>,1,0.0003519
312,gecyrran,<code>gecyrran</code>,1,0.0003519
312,gecyrrednysse,<code>gecyrrednysse</code>,1,0.0003519
312,gedafenlic,<code>gedafenlic</code>,1,0.0003519
312,gedreht,<code>gedreht</code>,1,0.0003519
312,gedreohl&aelig;can,<code>gedreohl&amp;ae;can</code>,1,0.0003519
312,geearnian,<code>geearnian</code>,1,0.0003519
312,geearnunga,<code>geearnunga</code>,1,0.0003519
312,geearnungum,<code>geearnungum</code>,1,0.0003519
312,geenda,<code>geenda</code>,1,0.0003519
312,geendod,<code>geendod</code>,1,0.0003519
312,gefadod,<code>gefadod</code>,1,0.0003519
312,gefaren,<code>gefaren</code>,1,0.0003519
312,geferod,<code>geferod</code>,1,0.0003519
312,gefrefrode,<code>gefrefrode</code>,1,0.0003519
312,gefremede,<code>gefremede</code>,1,0.0003519
312,gefremman,<code>gefremman</code>,1,0.0003519
312,gefreode,<code>gefreode</code>,1,0.0003519
312,gefultumod,<code>gefultumod</code>,1,0.0003519
312,gegaderode,<code>gegaderode</code>,1,0.0003519
312,gegaderwyrhtum,<code>gegaderwyrhtum</code>,1,0.0003519
312,gegodode,<code>gegodode</code>,1,0.0003519
312,geh&aelig;led,<code>geh&amp;ae;led</code>,1,0.0003519
312,geh&aelig;lede,<code>geh&amp;ae;lede</code>,1,0.0003519
312,gehalgod,<code>gehalgod</code>,1,0.0003519
312,gehealde,<code>gehealde</code>,1,0.0003519
312,gehwanon,<code>gehwanon</code>,1,0.0003519
312,gehwylce,<code>gehwylce</code>,1,0.0003519
312,gehyrdon,<code>gehyrdon</code>,1,0.0003519
312,gehyrsum,<code>gehyrsum</code>,1,0.0003519
312,gel&aelig;ste,<code>gel&amp;ae;ste</code>,1,0.0003519
312,gelamp,<code>gelamp</code>,1,0.0003519
312,gelangian,<code>gelangian</code>,1,0.0003519
312,gelet,<code>gelet</code>,1,0.0003519
312,gelic,<code>gelic</code>,1,0.0003519
312,gelogod,<code>gelogod</code>,1,0.0003519
312,gelogode,<code>gelogode</code>,1,0.0003519
312,gelyfa&eth;,<code>gelyfa&amp;d;</code>,1,0.0003519
312,gemett,<code>gemett</code>,1,0.0003519
312,gemetton,<code>gemetton</code>,1,0.0003519
312,gemiltsian,<code>gemiltsian</code>,1,0.0003519
312,gemiltsode,<code>gemiltsode</code>,1,0.0003519
312,gemunde,<code>gemunde</code>,1,0.0003519
312,gemycclian,<code>gemycclian</code>,1,0.0003519
312,gemynde,<code>gemynde</code>,1,0.0003519
312,gemynt,<code>gemynt</code>,1,0.0003519
312,geoffrode,<code>geoffrode</code>,1,0.0003519
312,geogo&eth;e,<code>geogo&amp;d;e</code>,1,0.0003519
312,geornful,<code>geornful</code>,1,0.0003519
312,geornfulnysse,<code>geornfulnysse</code>,1,0.0003519
312,gereccan,<code>gereccan</code>,1,0.0003519
312,ges&aelig;liga,<code>ges&amp;ae;liga</code>,1,0.0003519
312,ges&aelig;lige,<code>ges&amp;ae;lige</code>,1,0.0003519
312,gesceop,<code>gesceop</code>,1,0.0003519
312,gescryd,<code>gescryd</code>,1,0.0003519
312,gescyldnysse,<code>gescyldnysse</code>,1,0.0003519
312,gesene,<code>gesene</code>,1,0.0003519
312,geseon,<code>geseon</code>,1,0.0003519
312,geset,<code>geset</code>,1,0.0003519
312,gesettan,<code>gesettan</code>,1,0.0003519
312,gesewen,<code>gesewen</code>,1,0.0003519
312,gespr&aelig;c,<code>gespr&amp;ae;c</code>,1,0.0003519
312,gespr&aelig;ce,<code>gespr&amp;ae;ce</code>,1,0.0003519
312,gesunde,<code>gesunde</code>,1,0.0003519
312,geswutolode,<code>geswutolode</code>,1,0.0003519
312,getawod,<code>getawod</code>,1,0.0003519
312,getel,<code>getel</code>,1,0.0003519
312,gety&eth;od,<code>gety&amp;d;od</code>,1,0.0003519
312,geweald,<code>geweald</code>,1,0.0003519
312,gewealdenan,<code>gewealdenan</code>,1,0.0003519
312,geweold,<code>geweold</code>,1,0.0003519
312,gewiht,<code>gewiht</code>,1,0.0003519
312,gewilnunge,<code>gewilnunge</code>,1,0.0003519
312,gewislicor,<code>gewislicor</code>,1,0.0003519
312,gewissode,<code>gewissode</code>,1,0.0003519
312,gewitegod,<code>gewitegod</code>,1,0.0003519
312,gewitnysse,<code>gewitnysse</code>,1,0.0003519
312,gewiton,<code>gewiton</code>,1,0.0003519
312,gewittig,<code>gewittig</code>,1,0.0003519
312,geworht,<code>geworht</code>,1,0.0003519
312,gewyrdelican,<code>gewyrdelican</code>,1,0.0003519
312,gitsunge,<code>gitsunge</code>,1,0.0003519
312,godan,<code>godan</code>,1,0.0003519
312,godnyssum,<code>godnyssum</code>,1,0.0003519
312,golde,<code>golde</code>,1,0.0003519
312,graman,<code>graman</code>,1,0.0003519
312,grymetedon,<code>grymetedon</code>,1,0.0003519
312,gylpe,<code>gylpe</code>,1,0.0003519
312,gymene,<code>gymene</code>,1,0.0003519
312,gyrstand&aelig;g,<code>gyrstand&amp;ae;g</code>,1,0.0003519
312,h&aelig;bbenne,<code>h&amp;ae;bbenne</code>,1,0.0003519
312,h&aelig;f&eth;,<code>h&amp;ae;f&amp;d;</code>,1,0.0003519
312,h&aelig;sum,<code>h&amp;ae;sum</code>,1,0.0003519
312,hal,<code>hal</code>,1,0.0003519
312,halgum,<code>halgum</code>,1,0.0003519
312,halig,<code>halig</code>,1,0.0003519
312,haligdome,<code>haligdome</code>,1,0.0003519
312,haligre,<code>haligre</code>,1,0.0003519
312,halsigende,<code>halsigende</code>,1,0.0003519
312,hamas,<code>hamas</code>,1,0.0003519
312,handum,<code>handum</code>,1,0.0003519
312,hata&eth;,<code>hata&amp;d;</code>,1,0.0003519
312,healda&eth;,<code>healda&amp;d;</code>,1,0.0003519
312,healfan,<code>healfan</code>,1,0.0003519
312,healicum,<code>healicum</code>,1,0.0003519
312,healtan,<code>healtan</code>,1,0.0003519
312,heardum,<code>heardum</code>,1,0.0003519
312,herigende,<code>herigende</code>,1,0.0003519
312,hetolan,<code>hetolan</code>,1,0.0003519
312,hlafes,<code>hlafes</code>,1,0.0003519
312,hlisa,<code>hlisa</code>,1,0.0003519
312,hold,<code>hold</code>,1,0.0003519
312,hrymende,<code>hrymende</code>,1,0.0003519
312,hw&aelig;&eth;er,<code>hw&amp;ae;&amp;d;er</code>,1,0.0003519
312,hwe&eth;er,<code>hwe&amp;d;er</code>,1,0.0003519
312,hwi,<code>hwi</code>,1,0.0003519
312,hwile,<code>hwile</code>,1,0.0003519
312,hwilum,<code>hwilum</code>,1,0.0003519
312,hyra,<code>hyra</code>,1,0.0003519
312,hyre,<code>hyre</code>,1,0.0003519
312,inganges,<code>inganges</code>,1,0.0003519
312,inn,<code>inn</code>,1,0.0003519
312,it,<code>it</code>,1,0.0003519
312,iu,<code>iu</code>,1,0.0003519
312,iugo&eth;e,<code>iugo&amp;d;e</code>,1,0.0003519
312,kalendas,<code>kalendas</code>,1,0.0003519
312,kynehlaford,<code>kynehlaford</code>,1,0.0003519
312,kynehlaforde,<code>kynehlaforde</code>,1,0.0003519
312,l&aelig;fde,<code>l&amp;ae;fde</code>,1,0.0003519
312,l&aelig;wede,<code>l&amp;ae;wede</code>,1,0.0003519
312,lacum,<code>lacum</code>,1,0.0003519
312,lagon,<code>lagon</code>,1,0.0003519
312,land,<code>land</code>,1,0.0003519
312,lange,<code>lange</code>,1,0.0003519
312,langum,<code>langum</code>,1,0.0003519
312,lareowe,<code>lareowe</code>,1,0.0003519
312,leafan,<code>leafan</code>,1,0.0003519
312,leafe,<code>leafe</code>,1,0.0003519
312,leas,<code>leas</code>,1,0.0003519
312,leasbreda,<code>leasbreda</code>,1,0.0003519
312,lede,<code>lede</code>,1,0.0003519
312,ledenum,<code>ledenum</code>,1,0.0003519
312,leode,<code>leode</code>,1,0.0003519
312,leofest,<code>leofest</code>,1,0.0003519
312,leofesta,<code>leofesta</code>,1,0.0003519
312,leofne,<code>leofne</code>,1,0.0003519
312,lichaman,<code>lichaman</code>,1,0.0003519
312,lifes,<code>lifes</code>,1,0.0003519
312,liger,<code>liger</code>,1,0.0003519
312,limum,<code>limum</code>,1,0.0003519
312,lof,<code>lof</code>,1,0.0003519
312,lofe,<code>lofe</code>,1,0.0003519
312,lyfa&eth;,<code>lyfa&amp;d;</code>,1,0.0003519
312,lytlan,<code>lytlan</code>,1,0.0003519
312,m&aelig;nigfealde,<code>m&amp;ae;nigfealde</code>,1,0.0003519
312,m&aelig;rgen,<code>m&amp;ae;rgen</code>,1,0.0003519
312,m&aelig;rlice,<code>m&amp;ae;rlice</code>,1,0.0003519
312,m&aelig;rlicum,<code>m&amp;ae;rlicum</code>,1,0.0003519
312,m&aelig;ssian,<code>m&amp;ae;ssian</code>,1,0.0003519
312,m&aelig;ste,<code>m&amp;ae;ste</code>,1,0.0003519
312,ma&eth;mas,<code>ma&amp;d;mas</code>,1,0.0003519
312,manna,<code>manna</code>,1,0.0003519
312,mannum,<code>mannum</code>,1,0.0003519
312,manode,<code>manode</code>,1,0.0003519
312,marian,<code>marian</code>,1,0.0003519
312,mauri,<code>mauri</code>,1,0.0003519
312,me,<code>me</code>,1,0.0003519
312,men,<code>men</code>,1,0.0003519
312,michaheles,<code>michaheles</code>,1,0.0003519
312,middan,<code>middan</code>,1,0.0003519
312,mihtelice,<code>mihtelice</code>,1,0.0003519
312,mihtest,<code>mihtest</code>,1,0.0003519
312,mihton,<code>mihton</code>,1,0.0003519
312,mildelice,<code>mildelice</code>,1,0.0003519
312,miltsunge,<code>miltsunge</code>,1,0.0003519
312,min,<code>min</code>,1,0.0003519
312,mine,<code>mine</code>,1,0.0003519
312,mines,<code>mines</code>,1,0.0003519
312,mislicum,<code>mislicum</code>,1,0.0003519
312,mon&eth;um,<code>mon&amp;d;um</code>,1,0.0003519
312,munte,<code>munte</code>,1,0.0003519
312,munuclicne,<code>munuclicne</code>,1,0.0003519
312,munuclife,<code>munuclife</code>,1,0.0003519
312,munucwisan,<code>munucwisan</code>,1,0.0003519
312,mycclan,<code>mycclan</code>,1,0.0003519
312,mynsterlif,<code>mynsterlif</code>,1,0.0003519
312,myrh&thorn;e,<code>myrh&amp;t;e</code>,1,0.0003519
312,n&aelig;fdon,<code>n&amp;ae;fdon</code>,1,0.0003519
312,n&aelig;s,<code>n&amp;ae;s</code>,1,0.0003519
312,nam,<code>nam</code>,1,0.0003519
312,nan,<code>nan</code>,1,0.0003519
312,nanre,<code>nanre</code>,1,0.0003519
312,natale,<code>natale</code>,1,0.0003519
312,neawiste,<code>neawiste</code>,1,0.0003519
312,neode,<code>neode</code>,1,0.0003519
312,niht,<code>niht</code>,1,0.0003519
312,nihte,<code>nihte</code>,1,0.0003519
312,niwan,<code>niwan</code>,1,0.0003519
312,nosu,<code>nosu</code>,1,0.0003519
312,nyde,<code>nyde</code>,1,0.0003519
312,o&eth;,<code>o&amp;d;</code>,1,0.0003519
312,o&thorn;er,<code>o&amp;t;er</code>,1,0.0003519
312,o&thorn;erne,<code>o&amp;t;erne</code>,1,0.0003519
312,o&thorn;re,<code>o&amp;t;re</code>,1,0.0003519
312,ofer,<code>ofer</code>,1,0.0003519
312,offrode,<code>offrode</code>,1,0.0003519
312,oftost,<code>oftost</code>,1,0.0003519
312,onbryrdnysse,<code>onbryrdnysse</code>,1,0.0003519
312,onfoh,<code>onfoh</code>,1,0.0003519
312,ongean,<code>ongean</code>,1,0.0003519
312,ongunnon,<code>ongunnon</code>,1,0.0003519
312,onwrige,<code>onwrige</code>,1,0.0003519
312,openlice,<code>openlice</code>,1,0.0003519
312,ordfruma,<code>ordfruma</code>,1,0.0003519
312,pelle,<code>pelle</code>,1,0.0003519
312,pole,<code>pole</code>,1,0.0003519
312,priuilegium,<code>priuilegium</code>,1,0.0003519
312,r&aelig;d,<code>r&amp;ae;d</code>,1,0.0003519
312,r&aelig;dde,<code>r&amp;ae;dde</code>,1,0.0003519
312,r&aelig;des,<code>r&amp;ae;des</code>,1,0.0003519
312,race,<code>race</code>,1,0.0003519
312,rad,<code>rad</code>,1,0.0003519
312,reafe,<code>reafe</code>,1,0.0003519
312,reame,<code>reame</code>,1,0.0003519
312,recca&eth;,<code>recca&amp;d;</code>,1,0.0003519
312,rehte,<code>rehte</code>,1,0.0003519
312,reliquium,<code>reliquium</code>,1,0.0003519
312,rihte,<code>rihte</code>,1,0.0003519
312,rixode,<code>rixode</code>,1,0.0003519
312,rode,<code>rode</code>,1,0.0003519
312,s&aelig;don,<code>s&amp;ae;don</code>,1,0.0003519
312,s&aelig;l,<code>s&amp;ae;l</code>,1,0.0003519
312,s&aelig;ton,<code>s&amp;ae;ton</code>,1,0.0003519
312,saga,<code>saga</code>,1,0.0003519
312,samcucu,<code>samcucu</code>,1,0.0003519
312,samod,<code>samod</code>,1,0.0003519
312,sancte,<code>sancte</code>,1,0.0003519
312,sancti,<code>sancti</code>,1,0.0003519
312,sarnysse,<code>sarnysse</code>,1,0.0003519
312,sceal,<code>sceal</code>,1,0.0003519
312,sceocca,<code>sceocca</code>,1,0.0003519
312,scinende,<code>scinende</code>,1,0.0003519
312,scyppende,<code>scyppende</code>,1,0.0003519
312,scyppendes,<code>scyppendes</code>,1,0.0003519
312,sealde,<code>sealde</code>,1,0.0003519
312,secga&eth;,<code>secga&amp;d;</code>,1,0.0003519
312,secge,<code>secge</code>,1,0.0003519
312,secgende,<code>secgende</code>,1,0.0003519
312,seg&eth;,<code>seg&amp;d;</code>,1,0.0003519
312,sendan,<code>sendan</code>,1,0.0003519
312,sende,<code>sende</code>,1,0.0003519
312,seoc,<code>seoc</code>,1,0.0003519
312,seofon,<code>seofon</code>,1,0.0003519
312,seolfre,<code>seolfre</code>,1,0.0003519
312,si&eth;,<code>si&amp;d;</code>,1,0.0003519
312,si&eth;ian,<code>si&amp;d;ian</code>,1,0.0003519
312,si&eth;odest,<code>si&amp;d;odest</code>,1,0.0003519
312,sixteo&eth;an,<code>sixteo&amp;d;an</code>,1,0.0003519
312,sl&aelig;pe,<code>sl&amp;ae;pe</code>,1,0.0003519
312,smeagen,<code>smeagen</code>,1,0.0003519
312,so&eth;lice,<code>so&amp;d;lice</code>,1,0.0003519
312,so&eth;re,<code>so&amp;d;re</code>,1,0.0003519
312,so&eth;um,<code>so&amp;d;um</code>,1,0.0003519
312,spr&aelig;c,<code>spr&amp;ae;c</code>,1,0.0003519
312,stan,<code>stan</code>,1,0.0003519
312,stanclude,<code>stanclude</code>,1,0.0003519
312,stand,<code>stand</code>,1,0.0003519
312,standende,<code>standende</code>,1,0.0003519
312,stephanes,<code>stephanes</code>,1,0.0003519
312,stream,<code>stream</code>,1,0.0003519
312,stypele,<code>stypele</code>,1,0.0003519
312,suna,<code>suna</code>,1,0.0003519
312,sundrum,<code>sundrum</code>,1,0.0003519
312,sungon,<code>sungon</code>,1,0.0003519
312,sweltendum,<code>sweltendum</code>,1,0.0003519
312,swi&eth;licum,<code>swi&amp;d;licum</code>,1,0.0003519
312,swi&eth;ost,<code>swi&amp;d;ost</code>,1,0.0003519
312,swi&thorn;ost,<code>swi&amp;t;ost</code>,1,0.0003519
312,swicolum,<code>swicolum</code>,1,0.0003519
312,swutelice,<code>swutelice</code>,1,0.0003519
312,swutelre,<code>swutelre</code>,1,0.0003519
312,swy&eth;or,<code>swy&amp;d;or</code>,1,0.0003519
312,swy&thorn;e,<code>swy&amp;t;e</code>,1,0.0003519
312,sy&eth;&eth;an,<code>sy&amp;d;&amp;d;an</code>,1,0.0003519
312,sylfum,<code>sylfum</code>,1,0.0003519
312,symle,<code>symle</code>,1,0.0003519
312,synderlice,<code>synderlice</code>,1,0.0003519
312,synfulla,<code>synfulla</code>,1,0.0003519
312,synnum,<code>synnum</code>,1,0.0003519
312,syrwunga,<code>syrwunga</code>,1,0.0003519
312,syxtyne,<code>syxtyne</code>,1,0.0003519
312,t&aelig;lan,<code>t&amp;ae;lan</code>,1,0.0003519
312,t&aelig;ldon,<code>t&amp;ae;ldon</code>,1,0.0003519
312,tacne,<code>tacne</code>,1,0.0003519
312,tearum,<code>tearum</code>,1,0.0003519
312,teontig,<code>teontig</code>,1,0.0003519
312,ti&eth;ian,<code>ti&amp;d;ian</code>,1,0.0003519
312,tihte,<code>tihte</code>,1,0.0003519
312,to&eth;um,<code>to&amp;d;um</code>,1,0.0003519
312,tocwysede,<code>tocwysede</code>,1,0.0003519
312,tocyme,<code>tocyme</code>,1,0.0003519
312,togeanes,<code>togeanes</code>,1,0.0003519
312,togedere,<code>togedere</code>,1,0.0003519
312,toslopenum,<code>toslopenum</code>,1,0.0003519
312,tot&aelig;ron,<code>tot&amp;ae;ron</code>,1,0.0003519
312,towerde,<code>towerde</code>,1,0.0003519
312,tw&aelig;gen,<code>tw&amp;ae;gen</code>,1,0.0003519
312,twa,<code>twa</code>,1,0.0003519
312,twam,<code>twam</code>,1,0.0003519
312,twelf,<code>twelf</code>,1,0.0003519
312,uhtsange,<code>uhtsange</code>,1,0.0003519
312,uncu&eth;um,<code>uncu&amp;d;um</code>,1,0.0003519
312,under,<code>under</code>,1,0.0003519
312,underfeng,<code>underfeng</code>,1,0.0003519
312,underfon,<code>underfon</code>,1,0.0003519
312,unrote,<code>unrote</code>,1,0.0003519
312,untwylice,<code>untwylice</code>,1,0.0003519
312,unwene,<code>unwene</code>,1,0.0003519
312,up,<code>up</code>,1,0.0003519
312,upp,<code>upp</code>,1,0.0003519
312,ure,<code>ure</code>,1,0.0003519
312,urum,<code>urum</code>,1,0.0003519
312,ut,<code>ut</code>,1,0.0003519
312,utteah,<code>utteah</code>,1,0.0003519
312,w&aelig;pna,<code>w&amp;ae;pna</code>,1,0.0003519
312,w&aelig;tan,<code>w&amp;ae;tan</code>,1,0.0003519
312,w&aelig;tere,<code>w&amp;ae;tere</code>,1,0.0003519
312,wacode,<code>wacode</code>,1,0.0003519
312,wanhalan,<code>wanhalan</code>,1,0.0003519
312,warnian,<code>warnian</code>,1,0.0003519
312,wat,<code>wat</code>,1,0.0003519
312,weallgeweorce,<code>weallgeweorce</code>,1,0.0003519
312,weard,<code>weard</code>,1,0.0003519
312,weddon,<code>weddon</code>,1,0.0003519
312,weleres,<code>weleres</code>,1,0.0003519
312,welig,<code>welig</code>,1,0.0003519
312,welum,<code>welum</code>,1,0.0003519
312,welwillendan,<code>welwillendan</code>,1,0.0003519
312,wendest,<code>wendest</code>,1,0.0003519
312,wendon,<code>wendon</code>,1,0.0003519
312,weofod,<code>weofod</code>,1,0.0003519
312,weofode,<code>weofode</code>,1,0.0003519
312,weop,<code>weop</code>,1,0.0003519
312,weorc,<code>weorc</code>,1,0.0003519
312,weorcum,<code>weorcum</code>,1,0.0003519
312,wepende,<code>wepende</code>,1,0.0003519
312,were,<code>were</code>,1,0.0003519
312,werode,<code>werode</code>,1,0.0003519
312,westene,<code>westene</code>,1,0.0003519
312,widgyllan,<code>widgyllan</code>,1,0.0003519
312,wifes,<code>wifes</code>,1,0.0003519
312,wislice,<code>wislice</code>,1,0.0003519
312,witan,<code>witan</code>,1,0.0003519
312,witodlice,<code>witodlice</code>,1,0.0003519
312,witum,<code>witum</code>,1,0.0003519
312,wodan,<code>wodan</code>,1,0.0003519
312,wodlican,<code>wodlican</code>,1,0.0003519
312,word,<code>word</code>,1,0.0003519
312,worhte,<code>worhte</code>,1,0.0003519
312,woruld&eth;ing,<code>woruld&amp;d;ing</code>,1,0.0003519
312,woruld&thorn;ingum,<code>woruld&amp;t;ingum</code>,1,0.0003519
312,worunge,<code>worunge</code>,1,0.0003519
312,wuldor,<code>wuldor</code>,1,0.0003519
312,wuldorful,<code>wuldorful</code>,1,0.0003519
312,wuna&eth;,<code>wuna&amp;d;</code>,1,0.0003519
312,wunda,<code>wunda</code>,1,0.0003519
312,wundorlice,<code>wundorlice</code>,1,0.0003519
312,wundrigenne,<code>wundrigenne</code>,1,0.0003519
312,wundrodon,<code>wundrodon</code>,1,0.0003519
312,wundrum,<code>wundrum</code>,1,0.0003519
312,wundrunge,<code>wundrunge</code>,1,0.0003519
312,wunungum,<code>wunungum</code>,1,0.0003519
312,wur&eth;a&eth;,<code>wur&amp;d;a&amp;d;</code>,1,0.0003519
312,wur&eth;mynte,<code>wur&amp;d;mynte</code>,1,0.0003519
312,wydewan,<code>wydewan</code>,1,0.0003519
312,wyllan,<code>wyllan</code>,1,0.0003519
312,wyr&eth;,<code>wyr&amp;d;</code>,1,0.0003519
312,wyrhtan,<code>wyrhtan</code>,1,0.0003519
312,wyrhtena,<code>wyrhtena</code>,1,0.0003519
312,xuiii,<code>xuiii</code>,1,0.0003519
312,yfele,<code>yfele</code>,1,0.0003519
312,ylca,<code>ylca</code>,1,0.0003519
312,yrnendum,<code>yrnendum</code>,1,0.0003519
