B_Prose,B01,B01.003.034_AELS__Thomas__T03340.txt,1052,694,3273
RANK,HTML WORD,RAW WORD,COUNT,RELATIVE FREQUENCY
1,and,<code>and</code>,178,0.0543844
2,&thorn;a,<code>&amp;t;a</code>,124,0.0378857
3,to,<code>to</code>,107,0.0326917
4,&thorn;&aelig;t,<code>&amp;t;&amp;ae;t</code>,89,0.0271922
5,&thorn;e,<code>&amp;t;e</code>,65,0.0198595
6,on,<code>on</code>,64,0.0195539
7,&thorn;u,<code>&amp;t;u</code>,50,0.0152765
7,his,<code>his</code>,50,0.0152765
7,ic,<code>ic</code>,50,0.0152765
10,he,<code>he</code>,49,0.0149710
10,se,<code>se</code>,49,0.0149710
12,&thorn;am,<code>&amp;t;am</code>,46,0.0140544
13,swa,<code>swa</code>,45,0.0137489
14,hi,<code>hi</code>,42,0.0128323
15,mid,<code>mid</code>,40,0.0122212
16,him,<code>him</code>,39,0.0119157
17,cw&aelig;&eth;,<code>cw&amp;ae;&amp;d;</code>,37,0.0113046
18,ne,<code>ne</code>,34,0.0103880
19,&thorn;one,<code>&amp;t;one</code>,33,0.0100825
20,me,<code>me</code>,30,0.0091659
21,thomas,<code>thomas</code>,24,0.0073327
22,god,<code>god</code>,22,0.0067217
23,apostol,<code>apostol</code>,21,0.0064161
23,hire,<code>hire</code>,21,0.0064161
25,min,<code>min</code>,18,0.0054995
26,godes,<code>godes</code>,17,0.0051940
26,nu,<code>nu</code>,17,0.0051940
28,hit,<code>hit</code>,16,0.0048885
29,&thorn;&aelig;r,<code>&amp;t;&amp;ae;r</code>,15,0.0045830
29,sona,<code>sona</code>,15,0.0045830
31,&thorn;&aelig;s,<code>&amp;t;&amp;ae;s</code>,14,0.0042774
31,ealle,<code>ealle</code>,14,0.0042774
31,gif,<code>gif</code>,14,0.0042774
31,heo,<code>heo</code>,14,0.0042774
35,&thorn;urh,<code>&amp;t;urh</code>,13,0.0039719
35,kyning,<code>kyning</code>,13,0.0039719
37,geleafan,<code>geleafan</code>,12,0.0036664
37,is,<code>is</code>,12,0.0036664
39,of,<code>of</code>,11,0.0033608
40,ac,<code>ac</code>,10,0.0030553
40,eft,<code>eft</code>,10,0.0030553
40,hine,<code>hine</code>,10,0.0030553
43,&thorn;&aelig;re,<code>&amp;t;&amp;ae;re</code>,9,0.0027498
43,bi&eth;,<code>bi&amp;d;</code>,9,0.0027498
43,eow,<code>eow</code>,9,0.0027498
43,het,<code>het</code>,9,0.0027498
47,andwyrde,<code>andwyrde</code>,8,0.0024442
47,com,<code>com</code>,8,0.0024442
47,eode,<code>eode</code>,8,0.0024442
47,for,<code>for</code>,8,0.0024442
47,ge,<code>ge</code>,8,0.0024442
47,gebytlu,<code>gebytlu</code>,8,0.0024442
47,man,<code>man</code>,8,0.0024442
47,migdonia,<code>migdonia</code>,8,0.0024442
47,sylf,<code>sylf</code>,8,0.0024442
47,we,<code>we</code>,8,0.0024442
47,wolde,<code>wolde</code>,8,0.0024442
58,&aelig;fter,<code>&amp;ae;fter</code>,7,0.0021387
58,&thorn;in,<code>&amp;t;in</code>,7,0.0021387
58,abbanes,<code>abbanes</code>,7,0.0021387
58,asende,<code>asende</code>,7,0.0021387
58,geond,<code>geond</code>,7,0.0021387
58,h&aelig;lend,<code>h&amp;ae;lend</code>,7,0.0021387
58,mihte,<code>mihte</code>,7,0.0021387
58,naman,<code>naman</code>,7,0.0021387
58,seo,<code>seo</code>,7,0.0021387
58,us,<code>us</code>,7,0.0021387
58,wear&eth;,<code>wear&amp;d;</code>,7,0.0021387
69,an,<code>an</code>,6,0.0018332
69,cyning,<code>cyning</code>,6,0.0018332
69,eom,<code>eom</code>,6,0.0018332
69,eowre,<code>eowre</code>,6,0.0018332
69,fram,<code>fram</code>,6,0.0018332
69,halgan,<code>halgan</code>,6,0.0018332
69,ham,<code>ham</code>,6,0.0018332
69,hw&aelig;t,<code>hw&amp;ae;t</code>,6,0.0018332
69,lifigendan,<code>lifigendan</code>,6,0.0018332
69,men,<code>men</code>,6,0.0018332
69,sceolde,<code>sceolde</code>,6,0.0018332
69,w&aelig;re,<code>w&amp;ae;re</code>,6,0.0018332
69,w&aelig;s,<code>w&amp;ae;s</code>,6,0.0018332
69,wer,<code>wer</code>,6,0.0018332
69,wif,<code>wif</code>,6,0.0018332
69,wundra,<code>wundra</code>,6,0.0018332
85,&aelig;t,<code>&amp;ae;t</code>,5,0.0015277
85,&thorn;eowa,<code>&amp;t;eowa</code>,5,0.0015277
85,&thorn;onne,<code>&amp;t;onne</code>,5,0.0015277
85,&thorn;ysum,<code>&amp;t;ysum</code>,5,0.0015277
85,apostole,<code>apostole</code>,5,0.0015277
85,beo&eth;,<code>beo&amp;d;</code>,5,0.0015277
85,butan,<code>butan</code>,5,0.0015277
85,cwen,<code>cwen</code>,5,0.0015277
85,drihten,<code>drihten</code>,5,0.0015277
85,englas,<code>englas</code>,5,0.0015277
85,georne,<code>georne</code>,5,0.0015277
85,h&aelig;f&eth;,<code>h&amp;ae;f&amp;d;</code>,5,0.0015277
85,halga,<code>halga</code>,5,0.0015277
85,heofonum,<code>heofonum</code>,5,0.0015277
85,hu,<code>hu</code>,5,0.0015277
85,lange,<code>lange</code>,5,0.0015277
85,m&aelig;g,<code>m&amp;ae;g</code>,5,0.0015277
85,swilce,<code>swilce</code>,5,0.0015277
85,swuster,<code>swuster</code>,5,0.0015277
85,wurdon,<code>wurdon</code>,5,0.0015277
85,wyrhtan,<code>wyrhtan</code>,5,0.0015277
106,&aelig;lmihtigan,<code>&amp;ae;lmihtigan</code>,4,0.0012221
106,&thorn;inum,<code>&amp;t;inum</code>,4,0.0012221
106,beon,<code>beon</code>,4,0.0012221
106,bro&eth;or,<code>bro&amp;d;or</code>,4,0.0012221
106,clypode,<code>clypode</code>,4,0.0012221
106,criste,<code>criste</code>,4,0.0012221
106,cwearterne,<code>cwearterne</code>,4,0.0012221
106,cyrcan,<code>cyrcan</code>,4,0.0012221
106,dea&eth;e,<code>dea&amp;d;e</code>,4,0.0012221
106,dyde,<code>dyde</code>,4,0.0012221
106,eala,<code>eala</code>,4,0.0012221
106,ecan,<code>ecan</code>,4,0.0012221
106,eodon,<code>eodon</code>,4,0.0012221
106,f&aelig;der,<code>f&amp;ae;der</code>,4,0.0012221
106,gad,<code>gad</code>,4,0.0012221
106,gefullode,<code>gefullode</code>,4,0.0012221
106,geh&aelig;lde,<code>geh&amp;ae;lde</code>,4,0.0012221
106,gehaten,<code>gehaten</code>,4,0.0012221
106,gundoforus,<code>gundoforus</code>,4,0.0012221
106,h&aelig;lendes,<code>h&amp;ae;lendes</code>,4,0.0012221
106,heora,<code>heora</code>,4,0.0012221
106,lande,<code>lande</code>,4,0.0012221
106,leof,<code>leof</code>,4,0.0012221
106,lichaman,<code>lichaman</code>,4,0.0012221
106,moste,<code>moste</code>,4,0.0012221
106,nan,<code>nan</code>,4,0.0012221
106,o&thorn;&thorn;e,<code>o&amp;t;&amp;t;e</code>,4,0.0012221
106,so&eth;lice,<code>so&amp;d;lice</code>,4,0.0012221
106,thoman,<code>thoman</code>,4,0.0012221
106,weorc,<code>weorc</code>,4,0.0012221
136,&aelig;nne,<code>&amp;ae;nne</code>,3,0.0009166
136,&aelig;r,<code>&amp;ae;r</code>,3,0.0009166
136,&aelig;tforan,<code>&amp;ae;tforan</code>,3,0.0009166
136,&eth;e,<code>&amp;d;e</code>,3,0.0009166
136,&thorn;is,<code>&amp;t;is</code>,3,0.0009166
136,anum,<code>anum</code>,3,0.0009166
136,ar&aelig;rde,<code>ar&amp;ae;rde</code>,3,0.0009166
136,be,<code>be</code>,3,0.0009166
136,beo,<code>beo</code>,3,0.0009166
136,bidde,<code>bidde</code>,3,0.0009166
136,bre&thorn;er,<code>bre&amp;t;er</code>,3,0.0009166
136,comon,<code>comon</code>,3,0.0009166
136,cristes,<code>cristes</code>,3,0.0009166
136,cume,<code>cume</code>,3,0.0009166
136,cw&aelig;don,<code>cw&amp;ae;don</code>,3,0.0009166
136,cyninge,<code>cyninge</code>,3,0.0009166
136,drihtnes,<code>drihtnes</code>,3,0.0009166
136,eart,<code>eart</code>,3,0.0009166
136,efne,<code>efne</code>,3,0.0009166
136,embe,<code>embe</code>,3,0.0009166
136,f&aelig;rlice,<code>f&amp;ae;rlice</code>,3,0.0009166
136,for&thorn;an&thorn;e,<code>for&amp;t;an&amp;t;e</code>,3,0.0009166
136,forl&aelig;tan,<code>forl&amp;ae;tan</code>,3,0.0009166
136,fotum,<code>fotum</code>,3,0.0009166
136,gedon,<code>gedon</code>,3,0.0009166
136,geh&aelig;lan,<code>geh&amp;ae;lan</code>,3,0.0009166
136,gelyfde,<code>gelyfde</code>,3,0.0009166
136,geseah,<code>geseah</code>,3,0.0009166
136,geseon,<code>geseon</code>,3,0.0009166
136,getimbrunge,<code>getimbrunge</code>,3,0.0009166
136,godum,<code>godum</code>,3,0.0009166
136,gyrlan,<code>gyrlan</code>,3,0.0009166
136,h&aelig;bbenne,<code>h&amp;ae;bbenne</code>,3,0.0009166
136,habban,<code>habban</code>,3,0.0009166
136,heofonlican,<code>heofonlican</code>,3,0.0009166
136,hlaford,<code>hlaford</code>,3,0.0009166
136,huse,<code>huse</code>,3,0.0009166
136,land,<code>land</code>,3,0.0009166
136,lifes,<code>lifes</code>,3,0.0009166
136,macian,<code>macian</code>,3,0.0009166
136,mage,<code>mage</code>,3,0.0009166
136,miht,<code>miht</code>,3,0.0009166
136,o&thorn;er,<code>o&amp;t;er</code>,3,0.0009166
136,ofer,<code>ofer</code>,3,0.0009166
136,scira,<code>scira</code>,3,0.0009166
136,so&thorn;an,<code>so&amp;t;an</code>,3,0.0009166
136,so&thorn;lice,<code>so&amp;t;lice</code>,3,0.0009166
136,stod,<code>stod</code>,3,0.0009166
136,suna,<code>suna</code>,3,0.0009166
136,sy,<code>sy</code>,3,0.0009166
136,untruman,<code>untruman</code>,3,0.0009166
136,weorcum,<code>weorcum</code>,3,0.0009166
136,wille,<code>wille</code>,3,0.0009166
136,wilt,<code>wilt</code>,3,0.0009166
136,wisan,<code>wisan</code>,3,0.0009166
136,worhte,<code>worhte</code>,3,0.0009166
136,wundorlice,<code>wundorlice</code>,3,0.0009166
193,&aelig;fre,<code>&amp;ae;fre</code>,2,0.0006111
193,&aelig;hta,<code>&amp;ae;hta</code>,2,0.0006111
193,&thorn;&aelig;ra,<code>&amp;t;&amp;ae;ra</code>,2,0.0006111
193,&thorn;an,<code>&amp;t;an</code>,2,0.0006111
193,&thorn;as,<code>&amp;t;as</code>,2,0.0006111
193,&thorn;earfum,<code>&amp;t;earfum</code>,2,0.0006111
193,&thorn;egen,<code>&amp;t;egen</code>,2,0.0006111
193,&thorn;enas,<code>&amp;t;enas</code>,2,0.0006111
193,&thorn;enunga,<code>&amp;t;enunga</code>,2,0.0006111
193,&thorn;es,<code>&amp;t;es</code>,2,0.0006111
193,&thorn;ider,<code>&amp;t;ider</code>,2,0.0006111
193,&thorn;ing,<code>&amp;t;ing</code>,2,0.0006111
193,&thorn;inne,<code>&amp;t;inne</code>,2,0.0006111
193,&thorn;isne,<code>&amp;t;isne</code>,2,0.0006111
193,&thorn;rowunge,<code>&amp;t;rowunge</code>,2,0.0006111
193,&thorn;us,<code>&amp;t;us</code>,2,0.0006111
193,&thorn;yder,<code>&amp;t;yder</code>,2,0.0006111
193,amen,<code>amen</code>,2,0.0006111
193,ana,<code>ana</code>,2,0.0006111
193,anlicnysse,<code>anlicnysse</code>,2,0.0006111
193,anre,<code>anre</code>,2,0.0006111
193,ar&aelig;ran,<code>ar&amp;ae;ran</code>,2,0.0006111
193,ar&aelig;re,<code>ar&amp;ae;re</code>,2,0.0006111
193,aras,<code>aras</code>,2,0.0006111
193,arwur&eth;an,<code>arwur&amp;d;an</code>,2,0.0006111
193,axode,<code>axode</code>,2,0.0006111
193,b&aelig;d,<code>b&amp;ae;d</code>,2,0.0006111
193,bam,<code>bam</code>,2,0.0006111
193,becom,<code>becom</code>,2,0.0006111
193,becume,<code>becume</code>,2,0.0006111
193,bet&aelig;hte,<code>bet&amp;ae;hte</code>,2,0.0006111
193,biddende,<code>biddende</code>,2,0.0006111
193,bigst,<code>bigst</code>,2,0.0006111
193,bli&thorn;elice,<code>bli&amp;t;elice</code>,2,0.0006111
193,blind,<code>blind</code>,2,0.0006111
193,blinde,<code>blinde</code>,2,0.0006111
193,bodunge,<code>bodunge</code>,2,0.0006111
193,bre&eth;er,<code>bre&amp;d;er</code>,2,0.0006111
193,bro&thorn;or,<code>bro&amp;t;or</code>,2,0.0006111
193,buton,<code>buton</code>,2,0.0006111
193,butu,<code>butu</code>,2,0.0006111
193,cl&aelig;nlice,<code>cl&amp;ae;nlice</code>,2,0.0006111
193,cnapan,<code>cnapan</code>,2,0.0006111
193,crist,<code>crist</code>,2,0.0006111
193,cunnon,<code>cunnon</code>,2,0.0006111
193,cw&aelig;de,<code>cw&amp;ae;de</code>,2,0.0006111
193,cwe&eth;ende,<code>cwe&amp;d;ende</code>,2,0.0006111
193,cwene,<code>cwene</code>,2,0.0006111
193,cyninges,<code>cyninges</code>,2,0.0006111
193,d&aelig;g,<code>d&amp;ae;g</code>,2,0.0006111
193,deadan,<code>deadan</code>,2,0.0006111
193,dydon,<code>dydon</code>,2,0.0006111
193,eac,<code>eac</code>,2,0.0006111
193,earde,<code>earde</code>,2,0.0006111
193,ece,<code>ece</code>,2,0.0006111
193,ecnysse,<code>ecnysse</code>,2,0.0006111
193,fela,<code>fela</code>,2,0.0006111
193,feoh,<code>feoh</code>,2,0.0006111
193,feredon,<code>feredon</code>,2,0.0006111
193,folc,<code>folc</code>,2,0.0006111
193,folce,<code>folce</code>,2,0.0006111
193,for&eth;,<code>for&amp;d;</code>,2,0.0006111
193,for&eth;y,<code>for&amp;d;y</code>,2,0.0006111
193,fullum,<code>fullum</code>,2,0.0006111
193,fyrhte,<code>fyrhte</code>,2,0.0006111
193,fyrnlicum,<code>fyrnlicum</code>,2,0.0006111
193,gearwe,<code>gearwe</code>,2,0.0006111
193,gebicgan,<code>gebicgan</code>,2,0.0006111
193,gebigan,<code>gebigan</code>,2,0.0006111
193,gebrohte,<code>gebrohte</code>,2,0.0006111
193,gefremode,<code>gefremode</code>,2,0.0006111
193,geh&aelig;led,<code>geh&amp;ae;led</code>,2,0.0006111
193,gel&aelig;d,<code>gel&amp;ae;d</code>,2,0.0006111
193,gelyfan,<code>gelyfan</code>,2,0.0006111
193,gemote,<code>gemote</code>,2,0.0006111
193,gesohte,<code>gesohte</code>,2,0.0006111
193,gewende,<code>gewende</code>,2,0.0006111
193,geworhte,<code>geworhte</code>,2,0.0006111
193,gode,<code>gode</code>,2,0.0006111
193,handa,<code>handa</code>,2,0.0006111
193,healle,<code>healle</code>,2,0.0006111
193,helpan,<code>helpan</code>,2,0.0006111
193,hider,<code>hider</code>,2,0.0006111
193,hrepunge,<code>hrepunge</code>,2,0.0006111
193,huru,<code>huru</code>,2,0.0006111
193,hwi,<code>hwi</code>,2,0.0006111
193,indian,<code>indian</code>,2,0.0006111
193,indiscan,<code>indiscan</code>,2,0.0006111
193,indiscra,<code>indiscra</code>,2,0.0006111
193,isena,<code>isena</code>,2,0.0006111
193,kynelice,<code>kynelice</code>,2,0.0006111
193,kyninge,<code>kyninge</code>,2,0.0006111
193,kyninges,<code>kyninges</code>,2,0.0006111
193,l&aelig;g,<code>l&amp;ae;g</code>,2,0.0006111
193,l&aelig;rde,<code>l&amp;ae;rde</code>,2,0.0006111
193,landfolc,<code>landfolc</code>,2,0.0006111
193,lare,<code>lare</code>,2,0.0006111
193,lecgan,<code>lecgan</code>,2,0.0006111
193,lic,<code>lic</code>,2,0.0006111
193,lif,<code>lif</code>,2,0.0006111
193,liget,<code>liget</code>,2,0.0006111
193,m&aelig;ran,<code>m&amp;ae;ran</code>,2,0.0006111
193,magon,<code>magon</code>,2,0.0006111
193,martyrdomes,<code>martyrdomes</code>,2,0.0006111
193,micel,<code>micel</code>,2,0.0006111
193,migdeum,<code>migdeum</code>,2,0.0006111
193,migdeus,<code>migdeus</code>,2,0.0006111
193,mihton,<code>mihton</code>,2,0.0006111
193,mine,<code>mine</code>,2,0.0006111
193,niht,<code>niht</code>,2,0.0006111
193,nis,<code>nis</code>,2,0.0006111
193,nolde,<code>nolde</code>,2,0.0006111
193,o&eth;&eth;e,<code>o&amp;d;&amp;d;e</code>,2,0.0006111
193,o&thorn;re,<code>o&amp;t;re</code>,2,0.0006111
193,ongean,<code>ongean</code>,2,0.0006111
193,onlihte,<code>onlihte</code>,2,0.0006111
193,rice,<code>rice</code>,2,0.0006111
193,romanisce,<code>romanisce</code>,2,0.0006111
193,s&aelig;g&eth;,<code>s&amp;ae;g&amp;d;</code>,2,0.0006111
193,sawl,<code>sawl</code>,2,0.0006111
193,sawle,<code>sawle</code>,2,0.0006111
193,sceawode,<code>sceawode</code>,2,0.0006111
193,sceoldon,<code>sceoldon</code>,2,0.0006111
193,seofon,<code>seofon</code>,2,0.0006111
193,sette,<code>sette</code>,2,0.0006111
193,so&thorn;um,<code>so&amp;t;um</code>,2,0.0006111
193,spr&aelig;ce,<code>spr&amp;ae;ce</code>,2,0.0006111
193,stane,<code>stane</code>,2,0.0006111
193,stede,<code>stede</code>,2,0.0006111
193,sum,<code>sum</code>,2,0.0006111
193,sunu,<code>sunu</code>,2,0.0006111
193,swa&thorn;eah,<code>swa&amp;t;eah</code>,2,0.0006111
193,swicdome,<code>swicdome</code>,2,0.0006111
193,swustor,<code>swustor</code>,2,0.0006111
193,sy&eth;&eth;an,<code>sy&amp;d;&amp;d;an</code>,2,0.0006111
193,sylfe,<code>sylfe</code>,2,0.0006111
193,sylfwilles,<code>sylfwilles</code>,2,0.0006111
193,syllan,<code>syllan</code>,2,0.0006111
193,synd,<code>synd</code>,2,0.0006111
193,syndon,<code>syndon</code>,2,0.0006111
193,synnum,<code>synnum</code>,2,0.0006111
193,teonan,<code>teonan</code>,2,0.0006111
193,towende,<code>towende</code>,2,0.0006111
193,tucian,<code>tucian</code>,2,0.0006111
193,under,<code>under</code>,2,0.0006111
193,underfo,<code>underfo</code>,2,0.0006111
193,ungerim,<code>ungerim</code>,2,0.0006111
193,untrume,<code>untrume</code>,2,0.0006111
193,untrumnyssa,<code>untrumnyssa</code>,2,0.0006111
193,up,<code>up</code>,2,0.0006111
193,ut,<code>ut</code>,2,0.0006111
193,w&aelig;fersyne,<code>w&amp;ae;fersyne</code>,2,0.0006111
193,w&aelig;ron,<code>w&amp;ae;ron</code>,2,0.0006111
193,w&aelig;ter,<code>w&amp;ae;ter</code>,2,0.0006111
193,w&aelig;tere,<code>w&amp;ae;tere</code>,2,0.0006111
193,wealdend,<code>wealdend</code>,2,0.0006111
193,wende,<code>wende</code>,2,0.0006111
193,weorce,<code>weorce</code>,2,0.0006111
193,woldon,<code>woldon</code>,2,0.0006111
193,word,<code>word</code>,2,0.0006111
193,wordum,<code>wordum</code>,2,0.0006111
193,wrecan,<code>wrecan</code>,2,0.0006111
193,wur&eth;lice,<code>wur&amp;d;lice</code>,2,0.0006111
193,wylt,<code>wylt</code>,2,0.0006111
193,wyrcan,<code>wyrcan</code>,2,0.0006111
193,wyrce,<code>wyrce</code>,2,0.0006111
359,&aelig;&thorn;ela,<code>&amp;ae;&amp;t;ela</code>,1,0.0003055
359,&aelig;fnunge,<code>&amp;ae;fnunge</code>,1,0.0003055
359,&aelig;g&eth;er,<code>&amp;ae;g&amp;d;er</code>,1,0.0003055
359,&aelig;ghwylcum,<code>&amp;ae;ghwylcum</code>,1,0.0003055
359,&aelig;ht,<code>&amp;ae;ht</code>,1,0.0003055
359,&aelig;lces,<code>&amp;ae;lces</code>,1,0.0003055
359,&aelig;lcne,<code>&amp;ae;lcne</code>,1,0.0003055
359,&aelig;lmihtig,<code>&amp;ae;lmihtig</code>,1,0.0003055
359,&aelig;lmihtigne,<code>&amp;ae;lmihtigne</code>,1,0.0003055
359,&aelig;lteowe,<code>&amp;ae;lteowe</code>,1,0.0003055
359,&aelig;nlic,<code>&amp;ae;nlic</code>,1,0.0003055
359,&aelig;nlice,<code>&amp;ae;nlice</code>,1,0.0003055
359,&aelig;nlipigum,<code>&amp;ae;nlipigum</code>,1,0.0003055
359,&aelig;r&aelig;re,<code>&amp;ae;r&amp;ae;re</code>,1,0.0003055
359,&aelig;rende,<code>&amp;ae;rende</code>,1,0.0003055
359,&aelig;rest,<code>&amp;ae;rest</code>,1,0.0003055
359,&aelig;riste,<code>&amp;ae;riste</code>,1,0.0003055
359,&eth;&aelig;re,<code>&amp;d;&amp;ae;re</code>,1,0.0003055
359,&eth;a,<code>&amp;d;a</code>,1,0.0003055
359,&eth;is,<code>&amp;d;is</code>,1,0.0003055
359,&eth;us,<code>&amp;d;us</code>,1,0.0003055
359,&thorn;&aelig;m,<code>&amp;t;&amp;ae;m</code>,1,0.0003055
359,&thorn;anon,<code>&amp;t;anon</code>,1,0.0003055
359,&thorn;eah,<code>&amp;t;eah</code>,1,0.0003055
359,&thorn;enia&eth;,<code>&amp;t;enia&amp;d;</code>,1,0.0003055
359,&thorn;eostrum,<code>&amp;t;eostrum</code>,1,0.0003055
359,&thorn;eowe,<code>&amp;t;eowe</code>,1,0.0003055
359,&thorn;eowena,<code>&amp;t;eowena</code>,1,0.0003055
359,&thorn;ine,<code>&amp;t;ine</code>,1,0.0003055
359,&thorn;ises,<code>&amp;t;ises</code>,1,0.0003055
359,&thorn;rowige,<code>&amp;t;rowige</code>,1,0.0003055
359,&thorn;rowode,<code>&amp;t;rowode</code>,1,0.0003055
359,&thorn;urhwunian,<code>&amp;t;urhwunian</code>,1,0.0003055
359,&thorn;urhwunigende,<code>&amp;t;urhwunigende</code>,1,0.0003055
359,&thorn;usenda,<code>&amp;t;usenda</code>,1,0.0003055
359,&thorn;y,<code>&amp;t;y</code>,1,0.0003055
359,&thorn;yllic,<code>&amp;t;yllic</code>,1,0.0003055
359,&thorn;yllicum,<code>&amp;t;yllicum</code>,1,0.0003055
359,&thorn;ysre,<code>&amp;t;ysre</code>,1,0.0003055
359,acolod,<code>acolod</code>,1,0.0003055
359,adlige,<code>adlige</code>,1,0.0003055
359,adr&aelig;fde,<code>adr&amp;ae;fde</code>,1,0.0003055
359,afyllede,<code>afyllede</code>,1,0.0003055
359,afyrhte,<code>afyrhte</code>,1,0.0003055
359,agylt,<code>agylt</code>,1,0.0003055
359,ahebba&eth;,<code>ahebba&amp;d;</code>,1,0.0003055
359,ahebban,<code>ahebban</code>,1,0.0003055
359,al&aelig;tan,<code>al&amp;ae;tan</code>,1,0.0003055
359,alecge,<code>alecge</code>,1,0.0003055
359,ancenned,<code>ancenned</code>,1,0.0003055
359,ancennedan,<code>ancennedan</code>,1,0.0003055
359,andsware,<code>andsware</code>,1,0.0003055
359,anlicnyssa,<code>anlicnyssa</code>,1,0.0003055
359,anlicnyssum,<code>anlicnyssum</code>,1,0.0003055
359,anr&aelig;de,<code>anr&amp;ae;de</code>,1,0.0003055
359,apostolas,<code>apostolas</code>,1,0.0003055
359,apostoles,<code>apostoles</code>,1,0.0003055
359,apostoli,<code>apostoli</code>,1,0.0003055
359,ar&aelig;rdon,<code>ar&amp;ae;rdon</code>,1,0.0003055
359,ar&aelig;red,<code>ar&amp;ae;red</code>,1,0.0003055
359,ardlice,<code>ardlice</code>,1,0.0003055
359,arisan,<code>arisan</code>,1,0.0003055
359,arison,<code>arison</code>,1,0.0003055
359,arn,<code>arn</code>,1,0.0003055
359,arwur&eth;nysse,<code>arwur&amp;d;nysse</code>,1,0.0003055
359,arwur&eth;odon,<code>arwur&amp;d;odon</code>,1,0.0003055
359,arwur&thorn;an,<code>arwur&amp;t;an</code>,1,0.0003055
359,asendan,<code>asendan</code>,1,0.0003055
359,asendest,<code>asendest</code>,1,0.0003055
359,asih&eth;,<code>asih&amp;d;</code>,1,0.0003055
359,asprang,<code>asprang</code>,1,0.0003055
359,astah,<code>astah</code>,1,0.0003055
359,astr&aelig;hte,<code>astr&amp;ae;hte</code>,1,0.0003055
359,astreht,<code>astreht</code>,1,0.0003055
359,atelic,<code>atelic</code>,1,0.0003055
359,atogenum,<code>atogenum</code>,1,0.0003055
359,awent,<code>awent</code>,1,0.0003055
359,awyrde,<code>awyrde</code>,1,0.0003055
359,awyrgede,<code>awyrgede</code>,1,0.0003055
359,axienne,<code>axienne</code>,1,0.0003055
359,b&aelig;&eth;hus,<code>b&amp;ae;&amp;d;hus</code>,1,0.0003055
359,b&aelig;don,<code>b&amp;ae;don</code>,1,0.0003055
359,b&aelig;ftan,<code>b&amp;ae;ftan</code>,1,0.0003055
359,beah,<code>beah</code>,1,0.0003055
359,bealdlice,<code>bealdlice</code>,1,0.0003055
359,bearn,<code>bearn</code>,1,0.0003055
359,bebyrigdon,<code>bebyrigdon</code>,1,0.0003055
359,becym&eth;,<code>becym&amp;d;</code>,1,0.0003055
359,becymst,<code>becymst</code>,1,0.0003055
359,bed&aelig;led,<code>bed&amp;ae;led</code>,1,0.0003055
359,bedde,<code>bedde</code>,1,0.0003055
359,bef&aelig;stan,<code>bef&amp;ae;stan</code>,1,0.0003055
359,befealle,<code>befealle</code>,1,0.0003055
359,begen,<code>begen</code>,1,0.0003055
359,begit,<code>begit</code>,1,0.0003055
359,beheold,<code>beheold</code>,1,0.0003055
359,behet,<code>behet</code>,1,0.0003055
359,belaf,<code>belaf</code>,1,0.0003055
359,beleac,<code>beleac</code>,1,0.0003055
359,bem&aelig;n&eth;,<code>bem&amp;ae;n&amp;d;</code>,1,0.0003055
359,bendum,<code>bendum</code>,1,0.0003055
359,beoda&eth;,<code>beoda&amp;d;</code>,1,0.0003055
359,beorhte,<code>beorhte</code>,1,0.0003055
359,beseo,<code>beseo</code>,1,0.0003055
359,bestandan,<code>bestandan</code>,1,0.0003055
359,bicge,<code>bicge</code>,1,0.0003055
359,bidda&eth;,<code>bidda&amp;d;</code>,1,0.0003055
359,bigelsum,<code>bigelsum</code>,1,0.0003055
359,biggengum,<code>biggengum</code>,1,0.0003055
359,binnan,<code>binnan</code>,1,0.0003055
359,bletsode,<code>bletsode</code>,1,0.0003055
359,blissode,<code>blissode</code>,1,0.0003055
359,bodigende,<code>bodigende</code>,1,0.0003055
359,bodode,<code>bodode</code>,1,0.0003055
359,brand,<code>brand</code>,1,0.0003055
359,brema,<code>brema</code>,1,0.0003055
359,bring&eth;,<code>bring&amp;d;</code>,1,0.0003055
359,bringa&eth;,<code>bringa&amp;d;</code>,1,0.0003055
359,brohton,<code>brohton</code>,1,0.0003055
359,brude,<code>brude</code>,1,0.0003055
359,budon,<code>budon</code>,1,0.0003055
359,bugan,<code>bugan</code>,1,0.0003055
359,buras,<code>buras</code>,1,0.0003055
359,bure,<code>bure</code>,1,0.0003055
359,burgum,<code>burgum</code>,1,0.0003055
359,byrgene,<code>byrgene</code>,1,0.0003055
359,byrig,<code>byrig</code>,1,0.0003055
359,byrnan,<code>byrnan</code>,1,0.0003055
359,bysmorfullum,<code>bysmorfullum</code>,1,0.0003055
359,bysmorlice,<code>bysmorlice</code>,1,0.0003055
359,canones,<code>canones</code>,1,0.0003055
359,canst,<code>canst</code>,1,0.0003055
359,ceastra,<code>ceastra</code>,1,0.0003055
359,celde,<code>celde</code>,1,0.0003055
359,cep,<code>cep</code>,1,0.0003055
359,cesarian,<code>cesarian</code>,1,0.0003055
359,cild,<code>cild</code>,1,0.0003055
359,cildum,<code>cildum</code>,1,0.0003055
359,cl&aelig;na,<code>cl&amp;ae;na</code>,1,0.0003055
359,clypodon,<code>clypodon</code>,1,0.0003055
359,clypunge,<code>clypunge</code>,1,0.0003055
359,cneowa,<code>cneowa</code>,1,0.0003055
359,cneowum,<code>cneowum</code>,1,0.0003055
359,cnihte,<code>cnihte</code>,1,0.0003055
359,come,<code>come</code>,1,0.0003055
359,cr&aelig;fta,<code>cr&amp;ae;fta</code>,1,0.0003055
359,cr&aelig;ftas,<code>cr&amp;ae;ftas</code>,1,0.0003055
359,cr&aelig;fte,<code>cr&amp;ae;fte</code>,1,0.0003055
359,cr&aelig;ftum,<code>cr&amp;ae;ftum</code>,1,0.0003055
359,cu&eth;lice,<code>cu&amp;d;lice</code>,1,0.0003055
359,cum,<code>cum</code>,1,0.0003055
359,cuma&eth;,<code>cuma&amp;d;</code>,1,0.0003055
359,cuman,<code>cuman</code>,1,0.0003055
359,cunne,<code>cunne</code>,1,0.0003055
359,cunnian,<code>cunnian</code>,1,0.0003055
359,cw&aelig;&thorn;,<code>cw&amp;ae;&amp;t;</code>,1,0.0003055
359,cwe&eth;a&thorn;,<code>cwe&amp;d;a&amp;t;</code>,1,0.0003055
359,cweartern,<code>cweartern</code>,1,0.0003055
359,cwy&eth;st,<code>cwy&amp;d;st</code>,1,0.0003055
359,cym&eth;,<code>cym&amp;d;</code>,1,0.0003055
359,cymst,<code>cymst</code>,1,0.0003055
359,cynebotl,<code>cynebotl</code>,1,0.0003055
359,cynelice,<code>cynelice</code>,1,0.0003055
359,cynincg,<code>cynincg</code>,1,0.0003055
359,cyrcum,<code>cyrcum</code>,1,0.0003055
359,d&aelig;da,<code>d&amp;ae;da</code>,1,0.0003055
359,d&aelig;la&eth;,<code>d&amp;ae;la&amp;d;</code>,1,0.0003055
359,d&aelig;lde,<code>d&amp;ae;lde</code>,1,0.0003055
359,d&aelig;lnimend,<code>d&amp;ae;lnimend</code>,1,0.0003055
359,dagas,<code>dagas</code>,1,0.0003055
359,dead,<code>dead</code>,1,0.0003055
359,deafe,<code>deafe</code>,1,0.0003055
359,deofla,<code>deofla</code>,1,0.0003055
359,deofles,<code>deofles</code>,1,0.0003055
359,deofol,<code>deofol</code>,1,0.0003055
359,deorwur&eth;e,<code>deorwur&amp;d;e</code>,1,0.0003055
359,derode,<code>derode</code>,1,0.0003055
359,digelnysse,<code>digelnysse</code>,1,0.0003055
359,do,<code>do</code>,1,0.0003055
359,donne,<code>donne</code>,1,0.0003055
359,dreorig,<code>dreorig</code>,1,0.0003055
359,drihtne,<code>drihtne</code>,1,0.0003055
359,dura,<code>dura</code>,1,0.0003055
359,durewerd,<code>durewerd</code>,1,0.0003055
359,dyslic,<code>dyslic</code>,1,0.0003055
359,eagan,<code>eagan</code>,1,0.0003055
359,ealdan,<code>ealdan</code>,1,0.0003055
359,ealdorman,<code>ealdorman</code>,1,0.0003055
359,eall,<code>eall</code>,1,0.0003055
359,ealne,<code>ealne</code>,1,0.0003055
359,eastd&aelig;le,<code>eastd&amp;ae;le</code>,1,0.0003055
359,eawf&aelig;stnysse,<code>eawf&amp;ae;stnysse</code>,1,0.0003055
359,eccnysse,<code>eccnysse</code>,1,0.0003055
359,efste,<code>efste</code>,1,0.0003055
359,eg&eth;yrle,<code>eg&amp;d;yrle</code>,1,0.0003055
359,ege,<code>ege</code>,1,0.0003055
359,egeslican,<code>egeslican</code>,1,0.0003055
359,ehtere,<code>ehtere</code>,1,0.0003055
359,elcode,<code>elcode</code>,1,0.0003055
359,engel,<code>engel</code>,1,0.0003055
359,englalande,<code>englalande</code>,1,0.0003055
359,eor&eth;an,<code>eor&amp;d;an</code>,1,0.0003055
359,eor&eth;lican,<code>eor&amp;d;lican</code>,1,0.0003055
359,eor&thorn;an,<code>eor&amp;t;an</code>,1,0.0003055
359,eornost,<code>eornost</code>,1,0.0003055
359,eower,<code>eower</code>,1,0.0003055
359,eowrum,<code>eowrum</code>,1,0.0003055
359,ete,<code>ete</code>,1,0.0003055
359,f&aelig;ger,<code>f&amp;ae;ger</code>,1,0.0003055
359,f&aelig;gere,<code>f&amp;ae;gere</code>,1,0.0003055
359,f&aelig;gernysse,<code>f&amp;ae;gernysse</code>,1,0.0003055
359,f&aelig;ste,<code>f&amp;ae;ste</code>,1,0.0003055
359,fante,<code>fante</code>,1,0.0003055
359,far,<code>far</code>,1,0.0003055
359,fara&eth;,<code>fara&amp;d;</code>,1,0.0003055
359,faran,<code>faran</code>,1,0.0003055
359,fare,<code>fare</code>,1,0.0003055
359,feccan,<code>feccan</code>,1,0.0003055
359,felde,<code>felde</code>,1,0.0003055
359,feol,<code>feol</code>,1,0.0003055
359,feoll,<code>feoll</code>,1,0.0003055
359,feond,<code>feond</code>,1,0.0003055
359,feor&eth;an,<code>feor&amp;d;an</code>,1,0.0003055
359,feorran,<code>feorran</code>,1,0.0003055
359,feos,<code>feos</code>,1,0.0003055
359,feowertyne,<code>feowertyne</code>,1,0.0003055
359,ferde,<code>ferde</code>,1,0.0003055
359,ferdon,<code>ferdon</code>,1,0.0003055
359,fl&aelig;sclice,<code>fl&amp;ae;sclice</code>,1,0.0003055
359,folces,<code>folces</code>,1,0.0003055
359,folgia&eth;,<code>folgia&amp;d;</code>,1,0.0003055
359,folgian,<code>folgian</code>,1,0.0003055
359,for&eth;an,<code>for&amp;d;an</code>,1,0.0003055
359,for&eth;igenne,<code>for&amp;d;igenne</code>,1,0.0003055
359,for&eth;si&eth;e,<code>for&amp;d;si&amp;d;e</code>,1,0.0003055
359,for&thorn;y,<code>for&amp;t;y</code>,1,0.0003055
359,forbugon,<code>forbugon</code>,1,0.0003055
359,fores&aelig;dan,<code>fores&amp;ae;dan</code>,1,0.0003055
359,forgeaf,<code>forgeaf</code>,1,0.0003055
359,forgif&eth;,<code>forgif&amp;d;</code>,1,0.0003055
359,forhtode,<code>forhtode</code>,1,0.0003055
359,forl&aelig;te,<code>forl&amp;ae;te</code>,1,0.0003055
359,forleas,<code>forleas</code>,1,0.0003055
359,forlure,<code>forlure</code>,1,0.0003055
359,formylt,<code>formylt</code>,1,0.0003055
359,forseon,<code>forseon</code>,1,0.0003055
359,forseonne,<code>forseonne</code>,1,0.0003055
359,forsihst,<code>forsihst</code>,1,0.0003055
359,forworpen,<code>forworpen</code>,1,0.0003055
359,forwur&eth;an,<code>forwur&amp;d;an</code>,1,0.0003055
359,fr&aelig;tewunga,<code>fr&amp;ae;tewunga</code>,1,0.0003055
359,fremian,<code>fremian</code>,1,0.0003055
359,freolice,<code>freolice</code>,1,0.0003055
359,freond,<code>freond</code>,1,0.0003055
359,fri&eth;,<code>fri&amp;d;</code>,1,0.0003055
359,frym&eth;e,<code>frym&amp;d;e</code>,1,0.0003055
359,fulan,<code>fulan</code>,1,0.0003055
359,fullicne,<code>fullicne</code>,1,0.0003055
359,fullode,<code>fullode</code>,1,0.0003055
359,fulluht,<code>fulluht</code>,1,0.0003055
359,fulluhte,<code>fulluhte</code>,1,0.0003055
359,fulluhtes,<code>fulluhtes</code>,1,0.0003055
359,fyr&eth;rode,<code>fyr&amp;d;rode</code>,1,0.0003055
359,fyre,<code>fyre</code>,1,0.0003055
359,fyrran,<code>fyrran</code>,1,0.0003055
359,gang,<code>gang</code>,1,0.0003055
359,gaste,<code>gaste</code>,1,0.0003055
359,ge&aelig;rndodon,<code>ge&amp;ae;rndodon</code>,1,0.0003055
359,ge&thorn;afode,<code>ge&amp;t;afode</code>,1,0.0003055
359,gear,<code>gear</code>,1,0.0003055
359,gearum,<code>gearum</code>,1,0.0003055
359,geb&aelig;d,<code>geb&amp;ae;d</code>,1,0.0003055
359,gebedda,<code>gebedda</code>,1,0.0003055
359,gebedum,<code>gebedum</code>,1,0.0003055
359,gebigde,<code>gebigde</code>,1,0.0003055
359,gebindan,<code>gebindan</code>,1,0.0003055
359,gebringan,<code>gebringan</code>,1,0.0003055
359,gebysgod,<code>gebysgod</code>,1,0.0003055
359,gebytla,<code>gebytla</code>,1,0.0003055
359,geceapode,<code>geceapode</code>,1,0.0003055
359,geceose,<code>geceose</code>,1,0.0003055
359,gecw&aelig;&eth;,<code>gecw&amp;ae;&amp;d;</code>,1,0.0003055
359,gecwema,<code>gecwema</code>,1,0.0003055
359,gecwemlice,<code>gecwemlice</code>,1,0.0003055
359,gecydd,<code>gecydd</code>,1,0.0003055
359,gecyrde,<code>gecyrde</code>,1,0.0003055
359,gecyrran,<code>gecyrran</code>,1,0.0003055
359,geearnia&eth;,<code>geearnia&amp;d;</code>,1,0.0003055
359,geedcucod,<code>geedcucod</code>,1,0.0003055
359,geedcucode,<code>geedcucode</code>,1,0.0003055
359,geendung,<code>geendung</code>,1,0.0003055
359,geferod,<code>geferod</code>,1,0.0003055
359,gefr&aelig;tewod,<code>gefr&amp;ae;tewod</code>,1,0.0003055
359,gefullige,<code>gefullige</code>,1,0.0003055
359,geh&aelig;l&eth;,<code>geh&amp;ae;l&amp;d;</code>,1,0.0003055
359,geh&aelig;le,<code>geh&amp;ae;le</code>,1,0.0003055
359,geh&aelig;lede,<code>geh&amp;ae;lede</code>,1,0.0003055
359,gehadode,<code>gehadode</code>,1,0.0003055
359,gehalgode,<code>gehalgode</code>,1,0.0003055
359,gehealdan,<code>gehealdan</code>,1,0.0003055
359,gehealdene,<code>gehealdene</code>,1,0.0003055
359,gehlyde,<code>gehlyde</code>,1,0.0003055
359,gehw&aelig;r,<code>gehw&amp;ae;r</code>,1,0.0003055
359,gehwilce,<code>gehwilce</code>,1,0.0003055
359,gehyr,<code>gehyr</code>,1,0.0003055
359,gehyra&eth;,<code>gehyra&amp;d;</code>,1,0.0003055
359,gehyran,<code>gehyran</code>,1,0.0003055
359,gehyrenne,<code>gehyrenne</code>,1,0.0003055
359,gehyrige,<code>gehyrige</code>,1,0.0003055
359,gel&aelig;sta&eth;,<code>gel&amp;ae;sta&amp;d;</code>,1,0.0003055
359,gel&aelig;stan,<code>gel&amp;ae;stan</code>,1,0.0003055
359,gelamp,<code>gelamp</code>,1,0.0003055
359,geleafa,<code>geleafa</code>,1,0.0003055
359,geleaffullan,<code>geleaffullan</code>,1,0.0003055
359,gelicige,<code>gelicige</code>,1,0.0003055
359,gelicnysse,<code>gelicnysse</code>,1,0.0003055
359,gelogode,<code>gelogode</code>,1,0.0003055
359,gelome,<code>gelome</code>,1,0.0003055
359,gelyf&eth;,<code>gelyf&amp;d;</code>,1,0.0003055
359,gelyfa&eth;,<code>gelyfa&amp;d;</code>,1,0.0003055
359,gelyfst,<code>gelyfst</code>,1,0.0003055
359,gemaca,<code>gemaca</code>,1,0.0003055
359,gemacode,<code>gemacode</code>,1,0.0003055
359,gemet,<code>gemet</code>,1,0.0003055
359,gemetton,<code>gemetton</code>,1,0.0003055
359,geol&aelig;can,<code>geol&amp;ae;can</code>,1,0.0003055
359,gerefa,<code>gerefa</code>,1,0.0003055
359,gerefan,<code>gerefan</code>,1,0.0003055
359,gespr&aelig;can,<code>gespr&amp;ae;can</code>,1,0.0003055
359,gestrynst,<code>gestrynst</code>,1,0.0003055
359,gesund,<code>gesund</code>,1,0.0003055
359,gesundne,<code>gesundne</code>,1,0.0003055
359,geswutelian,<code>geswutelian</code>,1,0.0003055
359,getealde,<code>getealde</code>,1,0.0003055
359,geti&thorn;od,<code>geti&amp;t;od</code>,1,0.0003055
359,geti&thorn;ode,<code>geti&amp;t;ode</code>,1,0.0003055
359,getimbrod,<code>getimbrod</code>,1,0.0003055
359,getimbrode,<code>getimbrode</code>,1,0.0003055
359,getimbrodest,<code>getimbrodest</code>,1,0.0003055
359,getreowne,<code>getreowne</code>,1,0.0003055
359,geunwur&eth;ast,<code>geunwur&amp;d;ast</code>,1,0.0003055
359,gewat,<code>gewat</code>,1,0.0003055
359,gewendenne,<code>gewendenne</code>,1,0.0003055
359,gewilnia&eth;,<code>gewilnia&amp;d;</code>,1,0.0003055
359,gewilnode,<code>gewilnode</code>,1,0.0003055
359,gewissod,<code>gewissod</code>,1,0.0003055
359,gewissode,<code>gewissode</code>,1,0.0003055
359,gewitleas,<code>gewitleas</code>,1,0.0003055
359,gewitt,<code>gewitt</code>,1,0.0003055
359,gewitte,<code>gewitte</code>,1,0.0003055
359,geworht,<code>geworht</code>,1,0.0003055
359,gewunelic,<code>gewunelic</code>,1,0.0003055
359,gewur&eth;e,<code>gewur&amp;d;e</code>,1,0.0003055
359,gewylt,<code>gewylt</code>,1,0.0003055
359,git,<code>git</code>,1,0.0003055
359,godas,<code>godas</code>,1,0.0003055
359,graman,<code>graman</code>,1,0.0003055
359,gramlice,<code>gramlice</code>,1,0.0003055
359,grimetodon,<code>grimetodon</code>,1,0.0003055
359,grundweallas,<code>grundweallas</code>,1,0.0003055
359,gundofore,<code>gundofore</code>,1,0.0003055
359,gymstanum,<code>gymstanum</code>,1,0.0003055
359,h&aelig;&eth;enan,<code>h&amp;ae;&amp;d;enan</code>,1,0.0003055
359,h&aelig;&thorn;en,<code>h&amp;ae;&amp;t;en</code>,1,0.0003055
359,h&aelig;&thorn;engildan,<code>h&amp;ae;&amp;t;engildan</code>,1,0.0003055
359,h&aelig;bbe,<code>h&amp;ae;bbe</code>,1,0.0003055
359,h&aelig;fde,<code>h&amp;ae;fde</code>,1,0.0003055
359,h&aelig;lende,<code>h&amp;ae;lende</code>,1,0.0003055
359,h&aelig;sa,<code>h&amp;ae;sa</code>,1,0.0003055
359,halgum,<code>halgum</code>,1,0.0003055
359,halwende,<code>halwende</code>,1,0.0003055
359,halwendum,<code>halwendum</code>,1,0.0003055
359,hamas,<code>hamas</code>,1,0.0003055
359,handum,<code>handum</code>,1,0.0003055
359,hate,<code>hate</code>,1,0.0003055
359,hatte,<code>hatte</code>,1,0.0003055
359,heafda,<code>heafda</code>,1,0.0003055
359,healican,<code>healican</code>,1,0.0003055
359,healice,<code>healice</code>,1,0.0003055
359,healicum,<code>healicum</code>,1,0.0003055
359,healte,<code>healte</code>,1,0.0003055
359,heardmod,<code>heardmod</code>,1,0.0003055
359,helle,<code>helle</code>,1,0.0003055
359,heofona,<code>heofona</code>,1,0.0003055
359,heold,<code>heold</code>,1,0.0003055
359,her,<code>her</code>,1,0.0003055
359,hetelice,<code>hetelice</code>,1,0.0003055
359,hetol,<code>hetol</code>,1,0.0003055
359,hiwe,<code>hiwe</code>,1,0.0003055
359,hlaforde,<code>hlaforde</code>,1,0.0003055
359,hlisa,<code>hlisa</code>,1,0.0003055
359,hlude,<code>hlude</code>,1,0.0003055
359,hogode,<code>hogode</code>,1,0.0003055
359,hra&eth;e,<code>hra&amp;d;e</code>,1,0.0003055
359,hreofla,<code>hreofla</code>,1,0.0003055
359,hreoflian,<code>hreoflian</code>,1,0.0003055
359,hrof,<code>hrof</code>,1,0.0003055
359,hry&thorn;era,<code>hry&amp;t;era</code>,1,0.0003055
359,hundfealdum,<code>hundfealdum</code>,1,0.0003055
359,hus,<code>hus</code>,1,0.0003055
359,hw&aelig;s,<code>hw&amp;ae;s</code>,1,0.0003055
359,hwiltidum,<code>hwiltidum</code>,1,0.0003055
359,hylt,<code>hylt</code>,1,0.0003055
359,ianuarias,<code>ianuarias</code>,1,0.0003055
359,india,<code>india</code>,1,0.0003055
359,indiscum,<code>indiscum</code>,1,0.0003055
359,intingan,<code>intingan</code>,1,0.0003055
359,iunglincg,<code>iunglincg</code>,1,0.0003055
359,kalendas,<code>kalendas</code>,1,0.0003055
359,kycenan,<code>kycenan</code>,1,0.0003055
359,kynegum,<code>kynegum</code>,1,0.0003055
359,kynehelmas,<code>kynehelmas</code>,1,0.0003055
359,kynehelme,<code>kynehelme</code>,1,0.0003055
359,kynincg,<code>kynincg</code>,1,0.0003055
359,l&aelig;cecr&aelig;fte,<code>l&amp;ae;cecr&amp;ae;fte</code>,1,0.0003055
359,l&aelig;dde,<code>l&amp;ae;dde</code>,1,0.0003055
359,l&aelig;r&eth;,<code>l&amp;ae;r&amp;d;</code>,1,0.0003055
359,l&aelig;renne,<code>l&amp;ae;renne</code>,1,0.0003055
359,l&aelig;ta&eth;,<code>l&amp;ae;ta&amp;d;</code>,1,0.0003055
359,la,<code>la</code>,1,0.0003055
359,lac,<code>lac</code>,1,0.0003055
359,lagon,<code>lagon</code>,1,0.0003055
359,langlice,<code>langlice</code>,1,0.0003055
359,langsum,<code>langsum</code>,1,0.0003055
359,leahtres,<code>leahtres</code>,1,0.0003055
359,lecge,<code>lecge</code>,1,0.0003055
359,leng,<code>leng</code>,1,0.0003055
359,leofe,<code>leofe</code>,1,0.0003055
359,leoht,<code>leoht</code>,1,0.0003055
359,leohtes,<code>leohtes</code>,1,0.0003055
359,licgende,<code>licgende</code>,1,0.0003055
359,licmen,<code>licmen</code>,1,0.0003055
359,life,<code>life</code>,1,0.0003055
359,lifleasan,<code>lifleasan</code>,1,0.0003055
359,lifleasum,<code>lifleasum</code>,1,0.0003055
359,lim,<code>lim</code>,1,0.0003055
359,locigende,<code>locigende</code>,1,0.0003055
359,lofe,<code>lofe</code>,1,0.0003055
359,lufa&eth;,<code>lufa&amp;d;</code>,1,0.0003055
359,lufan,<code>lufan</code>,1,0.0003055
359,lufodon,<code>lufodon</code>,1,0.0003055
359,m&aelig;r&eth;um,<code>m&amp;ae;r&amp;d;um</code>,1,0.0003055
359,m&aelig;rlice,<code>m&amp;ae;rlice</code>,1,0.0003055
359,m&aelig;rlicre,<code>m&amp;ae;rlicre</code>,1,0.0003055
359,macige,<code>macige</code>,1,0.0003055
359,magan,<code>magan</code>,1,0.0003055
359,manega,<code>manega</code>,1,0.0003055
359,mann,<code>mann</code>,1,0.0003055
359,mannum,<code>mannum</code>,1,0.0003055
359,marmstane,<code>marmstane</code>,1,0.0003055
359,medes,<code>medes</code>,1,0.0003055
359,meniu,<code>meniu</code>,1,0.0003055
359,mergen,<code>mergen</code>,1,0.0003055
359,metegyrde,<code>metegyrde</code>,1,0.0003055
359,metende,<code>metende</code>,1,0.0003055
359,micclum,<code>micclum</code>,1,0.0003055
359,micelre,<code>micelre</code>,1,0.0003055
359,middaneard,<code>middaneard</code>,1,0.0003055
359,middanearde,<code>middanearde</code>,1,0.0003055
359,middaneardes,<code>middaneardes</code>,1,0.0003055
359,migdonian,<code>migdonian</code>,1,0.0003055
359,mihta,<code>mihta</code>,1,0.0003055
359,mihtig,<code>mihtig</code>,1,0.0003055
359,mildheortnysse,<code>mildheortnysse</code>,1,0.0003055
359,miltsunge,<code>miltsunge</code>,1,0.0003055
359,mines,<code>mines</code>,1,0.0003055
359,minum,<code>minum</code>,1,0.0003055
359,misd&aelig;da,<code>misd&amp;ae;da</code>,1,0.0003055
359,mislice,<code>mislice</code>,1,0.0003055
359,mod,<code>mod</code>,1,0.0003055
359,modor,<code>modor</code>,1,0.0003055
359,most,<code>most</code>,1,0.0003055
359,motodon,<code>motodon</code>,1,0.0003055
359,muntum,<code>muntum</code>,1,0.0003055
359,mycele,<code>mycele</code>,1,0.0003055
359,n&aelig;fre,<code>n&amp;ae;fre</code>,1,0.0003055
359,n&aelig;re,<code>n&amp;ae;re</code>,1,0.0003055
359,na,<code>na</code>,1,0.0003055
359,nacodum,<code>nacodum</code>,1,0.0003055
359,nanum,<code>nanum</code>,1,0.0003055
359,nast,<code>nast</code>,1,0.0003055
359,nella&eth;,<code>nella&amp;d;</code>,1,0.0003055
359,nelle,<code>nelle</code>,1,0.0003055
359,nextan,<code>nextan</code>,1,0.0003055
359,nihte,<code>nihte</code>,1,0.0003055
359,nima&eth;,<code>nima&amp;d;</code>,1,0.0003055
359,niwan,<code>niwan</code>,1,0.0003055
359,nyste,<code>nyste</code>,1,0.0003055
359,o&eth;&thorn;&aelig;t,<code>o&amp;d;&amp;t;&amp;ae;t</code>,1,0.0003055
359,o&thorn;,<code>o&amp;t;</code>,1,0.0003055
359,oferstih&eth;,<code>oferstih&amp;d;</code>,1,0.0003055
359,offrian,<code>offrian</code>,1,0.0003055
359,offrunga,<code>offrunga</code>,1,0.0003055
359,ofslean,<code>ofslean</code>,1,0.0003055
359,ofsloge,<code>ofsloge</code>,1,0.0003055
359,ofsloh,<code>ofsloh</code>,1,0.0003055
359,oft,<code>oft</code>,1,0.0003055
359,ofwundrod,<code>ofwundrod</code>,1,0.0003055
359,oncnawe,<code>oncnawe</code>,1,0.0003055
359,ondr&aelig;de,<code>ondr&amp;ae;de</code>,1,0.0003055
359,onetta&eth;,<code>onetta&amp;d;</code>,1,0.0003055
359,openlice,<code>openlice</code>,1,0.0003055
359,orwene,<code>orwene</code>,1,0.0003055
359,pallium,<code>pallium</code>,1,0.0003055
359,passio,<code>passio</code>,1,0.0003055
359,preostas,<code>preostas</code>,1,0.0003055
359,r&aelig;d,<code>r&amp;ae;d</code>,1,0.0003055
359,racenteagum,<code>racenteagum</code>,1,0.0003055
359,rad,<code>rad</code>,1,0.0003055
359,rammas,<code>rammas</code>,1,0.0003055
359,re&eth;an,<code>re&amp;d;an</code>,1,0.0003055
359,reow,<code>reow</code>,1,0.0003055
359,riclice,<code>riclice</code>,1,0.0003055
359,ricum,<code>ricum</code>,1,0.0003055
359,rixa&eth;,<code>rixa&amp;d;</code>,1,0.0003055
359,rumlice,<code>rumlice</code>,1,0.0003055
359,s&aelig;&eth;,<code>s&amp;ae;&amp;d;</code>,1,0.0003055
359,s&aelig;de,<code>s&amp;ae;de</code>,1,0.0003055
359,s&aelig;don,<code>s&amp;ae;don</code>,1,0.0003055
359,s&aelig;gst,<code>s&amp;ae;gst</code>,1,0.0003055
359,sacerdas,<code>sacerdas</code>,1,0.0003055
359,sancti,<code>sancti</code>,1,0.0003055
359,sawla,<code>sawla</code>,1,0.0003055
359,sceandlican,<code>sceandlican</code>,1,0.0003055
359,sceattas,<code>sceattas</code>,1,0.0003055
359,sceawodon,<code>sceawodon</code>,1,0.0003055
359,sceoldest,<code>sceoldest</code>,1,0.0003055
359,sceole,<code>sceole</code>,1,0.0003055
359,sceos,<code>sceos</code>,1,0.0003055
359,scincr&aelig;fte,<code>scincr&amp;ae;fte</code>,1,0.0003055
359,scinendan,<code>scinendan</code>,1,0.0003055
359,scinende,<code>scinende</code>,1,0.0003055
359,scipe,<code>scipe</code>,1,0.0003055
359,scippendes,<code>scippendes</code>,1,0.0003055
359,scire,<code>scire</code>,1,0.0003055
359,scuccan,<code>scuccan</code>,1,0.0003055
359,scufan,<code>scufan</code>,1,0.0003055
359,scyppende,<code>scyppende</code>,1,0.0003055
359,secende,<code>secende</code>,1,0.0003055
359,secenne,<code>secenne</code>,1,0.0003055
359,secga&eth;,<code>secga&amp;d;</code>,1,0.0003055
359,secgan,<code>secgan</code>,1,0.0003055
359,secganne,<code>secganne</code>,1,0.0003055
359,secge,<code>secge</code>,1,0.0003055
359,secgende,<code>secgende</code>,1,0.0003055
359,sege,<code>sege</code>,1,0.0003055
359,segel,<code>segel</code>,1,0.0003055
359,seglodon,<code>seglodon</code>,1,0.0003055
359,selra,<code>selra</code>,1,0.0003055
359,send,<code>send</code>,1,0.0003055
359,sendan,<code>sendan</code>,1,0.0003055
359,seocan,<code>seocan</code>,1,0.0003055
359,si&eth;&eth;an,<code>si&amp;d;&amp;d;an</code>,1,0.0003055
359,si&eth;a&eth;,<code>si&amp;d;a&amp;d;</code>,1,0.0003055
359,si&thorn;odon,<code>si&amp;t;odon</code>,1,0.0003055
359,sintice,<code>sintice</code>,1,0.0003055
359,sirian,<code>sirian</code>,1,0.0003055
359,sitt,<code>sitt</code>,1,0.0003055
359,six,<code>six</code>,1,0.0003055
359,so&eth;,<code>so&amp;d;</code>,1,0.0003055
359,so&eth;f&aelig;sta,<code>so&amp;d;f&amp;ae;sta</code>,1,0.0003055
359,so&eth;f&aelig;stan,<code>so&amp;d;f&amp;ae;stan</code>,1,0.0003055
359,speda,<code>speda</code>,1,0.0003055
359,spr&aelig;con,<code>spr&amp;ae;con</code>,1,0.0003055
359,sprecan,<code>sprecan</code>,1,0.0003055
359,standan,<code>standan</code>,1,0.0003055
359,stent,<code>stent</code>,1,0.0003055
359,stowe,<code>stowe</code>,1,0.0003055
359,stypel,<code>stypel</code>,1,0.0003055
359,sumne,<code>sumne</code>,1,0.0003055
359,sumorhus,<code>sumorhus</code>,1,0.0003055
359,sunnand&aelig;g,<code>sunnand&amp;ae;g</code>,1,0.0003055
359,swi&eth;e,<code>swi&amp;d;e</code>,1,0.0003055
359,swi&eth;or,<code>swi&amp;d;or</code>,1,0.0003055
359,swi&thorn;e,<code>swi&amp;t;e</code>,1,0.0003055
359,swi&thorn;or,<code>swi&amp;t;or</code>,1,0.0003055
359,swilc,<code>swilc</code>,1,0.0003055
359,swinces,<code>swinces</code>,1,0.0003055
359,swurde,<code>swurde</code>,1,0.0003055
359,swutellice,<code>swutellice</code>,1,0.0003055
359,swy&eth;e,<code>swy&amp;d;e</code>,1,0.0003055
359,swy&eth;or,<code>swy&amp;d;or</code>,1,0.0003055
359,swylc,<code>swylc</code>,1,0.0003055
359,swyltst,<code>swyltst</code>,1,0.0003055
359,sylfan,<code>sylfan</code>,1,0.0003055
359,syrian,<code>syrian</code>,1,0.0003055
359,syric,<code>syric</code>,1,0.0003055
359,t&aelig;can,<code>t&amp;ae;can</code>,1,0.0003055
359,t&aelig;ce,<code>t&amp;ae;ce</code>,1,0.0003055
359,t&aelig;hte,<code>t&amp;ae;hte</code>,1,0.0003055
359,templ,<code>templ</code>,1,0.0003055
359,thome,<code>thome</code>,1,0.0003055
359,tima,<code>tima</code>,1,0.0003055
359,tob&aelig;rsta&eth;,<code>tob&amp;ae;rsta&amp;d;</code>,1,0.0003055
359,tocnawe,<code>tocnawe</code>,1,0.0003055
359,toeacan,<code>toeacan</code>,1,0.0003055
359,toeodon,<code>toeodon</code>,1,0.0003055
359,toferdon,<code>toferdon</code>,1,0.0003055
359,tog&aelig;dere,<code>tog&amp;ae;dere</code>,1,0.0003055
359,tohrorenum,<code>tohrorenum</code>,1,0.0003055
359,tomiddes,<code>tomiddes</code>,1,0.0003055
359,tosih&eth;,<code>tosih&amp;d;</code>,1,0.0003055
359,towurpan,<code>towurpan</code>,1,0.0003055
359,treowe,<code>treowe</code>,1,0.0003055
359,triptia,<code>triptia</code>,1,0.0003055
359,twam,<code>twam</code>,1,0.0003055
359,twelf,<code>twelf</code>,1,0.0003055
359,unawendendlic,<code>unawendendlic</code>,1,0.0003055
359,unband,<code>unband</code>,1,0.0003055
359,unc,<code>unc</code>,1,0.0003055
359,undeadlic,<code>undeadlic</code>,1,0.0003055
359,undeadlicne,<code>undeadlicne</code>,1,0.0003055
359,underfenge,<code>underfenge</code>,1,0.0003055
359,underfoh,<code>underfoh</code>,1,0.0003055
359,ungerime,<code>ungerime</code>,1,0.0003055
359,ungerimum,<code>ungerimum</code>,1,0.0003055
359,ungesewenlice,<code>ungesewenlice</code>,1,0.0003055
359,unwittigan,<code>unwittigan</code>,1,0.0003055
359,upastrehtum,<code>upastrehtum</code>,1,0.0003055
359,upstige,<code>upstige</code>,1,0.0003055
359,ure,<code>ure</code>,1,0.0003055
359,urum,<code>urum</code>,1,0.0003055
359,utan,<code>utan</code>,1,0.0003055
359,uteodon,<code>uteodon</code>,1,0.0003055
359,w&aelig;dla,<code>w&amp;ae;dla</code>,1,0.0003055
359,w&aelig;dlum,<code>w&amp;ae;dlum</code>,1,0.0003055
359,w&aelig;pnum,<code>w&amp;ae;pnum</code>,1,0.0003055
359,wah,<code>wah</code>,1,0.0003055
359,wana,<code>wana</code>,1,0.0003055
359,wanhal,<code>wanhal</code>,1,0.0003055
359,wanhalan,<code>wanhalan</code>,1,0.0003055
359,wanhalum,<code>wanhalum</code>,1,0.0003055
359,wat,<code>wat</code>,1,0.0003055
359,weallende,<code>weallende</code>,1,0.0003055
359,weg,<code>weg</code>,1,0.0003055
359,wel,<code>wel</code>,1,0.0003055
359,wen&eth;,<code>wen&amp;d;</code>,1,0.0003055
359,wendon,<code>wendon</code>,1,0.0003055
359,wene,<code>wene</code>,1,0.0003055
359,wenst,<code>wenst</code>,1,0.0003055
359,weorces,<code>weorces</code>,1,0.0003055
359,wera,<code>wera</code>,1,0.0003055
359,weres,<code>weres</code>,1,0.0003055
359,weria&eth;,<code>weria&amp;d;</code>,1,0.0003055
359,werige,<code>werige</code>,1,0.0003055
359,wex,<code>wex</code>,1,0.0003055
359,wi&eth;,<code>wi&amp;d;</code>,1,0.0003055
359,wi&eth;cwe&thorn;an,<code>wi&amp;d;cwe&amp;t;an</code>,1,0.0003055
359,wi&eth;innan,<code>wi&amp;d;innan</code>,1,0.0003055
359,wide,<code>wide</code>,1,0.0003055
359,widgylla,<code>widgylla</code>,1,0.0003055
359,wifa,<code>wifa</code>,1,0.0003055
359,wife,<code>wife</code>,1,0.0003055
359,wifes,<code>wifes</code>,1,0.0003055
359,wifum,<code>wifum</code>,1,0.0003055
359,wile,<code>wile</code>,1,0.0003055
359,willa,<code>willa</code>,1,0.0003055
359,willa&eth;,<code>willa&amp;d;</code>,1,0.0003055
359,winde,<code>winde</code>,1,0.0003055
359,winterhus,<code>winterhus</code>,1,0.0003055
359,wiscte,<code>wiscte</code>,1,0.0003055
359,wisdome,<code>wisdome</code>,1,0.0003055
359,wistest,<code>wistest</code>,1,0.0003055
359,wita&eth;,<code>wita&amp;d;</code>,1,0.0003055
359,wite,<code>wite</code>,1,0.0003055
359,witodlice,<code>witodlice</code>,1,0.0003055
359,wlitigre,<code>wlitigre</code>,1,0.0003055
359,wode,<code>wode</code>,1,0.0003055
359,woldest,<code>woldest</code>,1,0.0003055
359,wope,<code>wope</code>,1,0.0003055
359,worulde,<code>worulde</code>,1,0.0003055
359,wuldorbeage,<code>wuldorbeage</code>,1,0.0003055
359,wuldorfulle,<code>wuldorfulle</code>,1,0.0003055
359,wuldre,<code>wuldre</code>,1,0.0003055
359,wuldrigende,<code>wuldrigende</code>,1,0.0003055
359,wundre,<code>wundre</code>,1,0.0003055
359,wunode,<code>wunode</code>,1,0.0003055
359,wununge,<code>wununge</code>,1,0.0003055
359,wur&eth;,<code>wur&amp;d;</code>,1,0.0003055
359,wur&eth;fulne,<code>wur&amp;d;fulne</code>,1,0.0003055
359,wur&eth;mynte,<code>wur&amp;d;mynte</code>,1,0.0003055
359,wydewum,<code>wydewum</code>,1,0.0003055
359,wyle,<code>wyle</code>,1,0.0003055
359,wynsume,<code>wynsume</code>,1,0.0003055
359,wyr&eth;e,<code>wyr&amp;d;e</code>,1,0.0003055
359,wyrc&eth;,<code>wyrc&amp;d;</code>,1,0.0003055
359,wyrcenne,<code>wyrcenne</code>,1,0.0003055
359,wyrse,<code>wyrse</code>,1,0.0003055
359,xii,<code>xii</code>,1,0.0003055
359,yfeles,<code>yfeles</code>,1,0.0003055
359,ylcan,<code>ylcan</code>,1,0.0003055
359,ylce,<code>ylce</code>,1,0.0003055
359,yrnan,<code>yrnan</code>,1,0.0003055
359,yrre,<code>yrre</code>,1,0.0003055
