B_Prose,B01,B01.003.002_AELS__Christmas__T03020.txt,864,575,2704
RANK,HTML WORD,RAW WORD,COUNT,RELATIVE FREQUENCY
1,and,<code>and</code>,132,0.0488166
2,is,<code>is</code>,87,0.0321746
3,&thorn;&aelig;t,<code>&amp;t;&amp;ae;t</code>,80,0.0295858
4,heo,<code>heo</code>,79,0.0292160
5,on,<code>on</code>,65,0.0240385
6,ne,<code>ne</code>,50,0.0184911
7,&thorn;e,<code>&amp;t;e</code>,49,0.0181213
8,swa,<code>swa</code>,44,0.0162722
9,he,<code>he</code>,36,0.0133136
10,&thorn;a,<code>&amp;t;a</code>,33,0.0122041
10,se,<code>se</code>,33,0.0122041
12,&thorn;ing,<code>&amp;t;ing</code>,30,0.0110947
12,mid,<code>mid</code>,30,0.0110947
12,seo,<code>seo</code>,30,0.0110947
15,&thorn;onne,<code>&amp;t;onne</code>,29,0.0107249
16,&thorn;am,<code>&amp;t;am</code>,28,0.0103550
17,to,<code>to</code>,26,0.0096154
18,ac,<code>ac</code>,24,0.0088757
19,god,<code>god</code>,23,0.0085059
19,sawul,<code>sawul</code>,23,0.0085059
21,ealle,<code>ealle</code>,21,0.0077663
21,him,<code>him</code>,21,0.0077663
23,of,<code>of</code>,20,0.0073964
24,&thorn;&aelig;s,<code>&amp;t;&amp;ae;s</code>,18,0.0066568
24,be,<code>be</code>,18,0.0066568
24,gif,<code>gif</code>,18,0.0066568
27,we,<code>we</code>,17,0.0062870
28,&thorn;&aelig;re,<code>&amp;t;&amp;ae;re</code>,16,0.0059172
28,bi&eth;,<code>bi&amp;d;</code>,16,0.0059172
28,hi,<code>hi</code>,16,0.0059172
28,hire,<code>hire</code>,16,0.0059172
28,hyre,<code>hyre</code>,16,0.0059172
33,&aelig;fre,<code>&amp;ae;fre</code>,15,0.0055473
33,na,<code>na</code>,15,0.0055473
35,an,<code>an</code>,14,0.0051775
35,o&eth;&eth;e,<code>o&amp;d;&amp;d;e</code>,14,0.0051775
35,sawle,<code>sawle</code>,14,0.0051775
38,&eth;e,<code>&amp;d;e</code>,13,0.0048077
39,&aelig;r,<code>&amp;ae;r</code>,12,0.0044379
39,godes,<code>godes</code>,12,0.0044379
39,his,<code>his</code>,12,0.0044379
39,m&aelig;g,<code>m&amp;ae;g</code>,12,0.0044379
39,nan,<code>nan</code>,12,0.0044379
39,sume,<code>sume</code>,12,0.0044379
45,synd,<code>synd</code>,11,0.0040680
46,angin,<code>angin</code>,10,0.0036982
46,f&aelig;der,<code>f&amp;ae;der</code>,10,0.0036982
48,butan,<code>butan</code>,9,0.0033284
48,for&eth;an,<code>for&amp;d;an</code>,9,0.0033284
48,ge,<code>ge</code>,9,0.0033284
48,h&aelig;f&eth;,<code>h&amp;ae;f&amp;d;</code>,9,0.0033284
48,lif,<code>lif</code>,9,0.0033284
53,&thorn;eah,<code>&amp;t;eah</code>,8,0.0029586
53,gast,<code>gast</code>,8,0.0029586
53,halgan,<code>halgan</code>,8,0.0029586
53,hit,<code>hit</code>,8,0.0029586
53,man,<code>man</code>,8,0.0029586
53,wisdom,<code>wisdom</code>,8,0.0029586
59,&thorn;as,<code>&amp;t;as</code>,7,0.0025888
59,anum,<code>anum</code>,7,0.0025888
59,gode,<code>gode</code>,7,0.0025888
59,ic,<code>ic</code>,7,0.0025888
59,lichoman,<code>lichoman</code>,7,0.0025888
59,mihte,<code>mihte</code>,7,0.0025888
59,n&aelig;fre,<code>n&amp;ae;fre</code>,7,0.0025888
59,nu,<code>nu</code>,7,0.0025888
59,scyppend,<code>scyppend</code>,7,0.0025888
59,sunu,<code>sunu</code>,7,0.0025888
59,w&aelig;re,<code>w&amp;ae;re</code>,7,0.0025888
59,wyle,<code>wyle</code>,7,0.0025888
59,wylle,<code>wylle</code>,7,0.0025888
72,&aelig;lc,<code>&amp;ae;lc</code>,6,0.0022189
72,&eth;a,<code>&amp;d;a</code>,6,0.0022189
72,&thorn;urh,<code>&amp;t;urh</code>,6,0.0022189
72,acenned,<code>acenned</code>,6,0.0022189
72,crist,<code>crist</code>,6,0.0022189
72,for,<code>for</code>,6,0.0022189
72,gescead,<code>gescead</code>,6,0.0022189
72,habba&eth;,<code>habba&amp;d;</code>,6,0.0022189
72,hine,<code>hine</code>,6,0.0022189
72,nis,<code>nis</code>,6,0.0022189
82,&aelig;lmihtig,<code>&amp;ae;lmihtig</code>,5,0.0018491
82,&eth;reo,<code>&amp;d;reo</code>,5,0.0018491
82,&thorn;us,<code>&amp;t;us</code>,5,0.0018491
82,ana,<code>ana</code>,5,0.0018491
82,andgit,<code>andgit</code>,5,0.0018491
82,cu&eth;e,<code>cu&amp;d;e</code>,5,0.0018491
82,eow,<code>eow</code>,5,0.0018491
82,gesceafta,<code>gesceafta</code>,5,0.0018491
82,gesceop,<code>gesceop</code>,5,0.0018491
82,hw&aelig;t,<code>hw&amp;ae;t</code>,5,0.0018491
82,hwilon,<code>hwilon</code>,5,0.0018491
82,mode,<code>mode</code>,5,0.0018491
82,sceal,<code>sceal</code>,5,0.0018491
82,us,<code>us</code>,5,0.0018491
82,witodlice,<code>witodlice</code>,5,0.0018491
97,&aelig;ft,<code>&amp;ae;ft</code>,4,0.0014793
97,&eth;&aelig;re,<code>&amp;d;&amp;ae;re</code>,4,0.0014793
97,&eth;ing,<code>&amp;d;ing</code>,4,0.0014793
97,&thorn;&aelig;r,<code>&amp;t;&amp;ae;r</code>,4,0.0014793
97,a,<code>a</code>,4,0.0014793
97,anginn,<code>anginn</code>,4,0.0014793
97,eallum,<code>eallum</code>,4,0.0014793
97,ende,<code>ende</code>,4,0.0014793
97,gaste,<code>gaste</code>,4,0.0014793
97,gemynd,<code>gemynd</code>,4,0.0014793
97,halga,<code>halga</code>,4,0.0014793
97,lichaman,<code>lichaman</code>,4,0.0014793
97,magon,<code>magon</code>,4,0.0014793
97,mod,<code>mod</code>,4,0.0014793
97,n&aelig;f&eth;,<code>n&amp;ae;f&amp;d;</code>,4,0.0014793
97,naman,<code>naman</code>,4,0.0014793
97,nanes,<code>nanes</code>,4,0.0014793
97,o&eth;er,<code>o&amp;d;er</code>,4,0.0014793
97,smeagen,<code>smeagen</code>,4,0.0014793
97,so&eth;,<code>so&amp;d;</code>,4,0.0014793
97,w&aelig;s,<code>w&amp;ae;s</code>,4,0.0014793
97,wyllan,<code>wyllan</code>,4,0.0014793
97,yrre,<code>yrre</code>,4,0.0014793
120,&eth;as,<code>&amp;d;as</code>,3,0.0011095
120,&thorn;&aelig;m,<code>&amp;t;&amp;ae;m</code>,3,0.0011095
120,&thorn;&aelig;ra,<code>&amp;t;&amp;ae;ra</code>,3,0.0011095
120,&thorn;an,<code>&amp;t;an</code>,3,0.0011095
120,&thorn;inga,<code>&amp;t;inga</code>,3,0.0011095
120,&thorn;inges,<code>&amp;t;inges</code>,3,0.0011095
120,agenum,<code>agenum</code>,3,0.0011095
120,andgitu,<code>andgitu</code>,3,0.0011095
120,annysse,<code>annysse</code>,3,0.0011095
120,bam,<code>bam</code>,3,0.0011095
120,beo&eth;,<code>beo&amp;d;</code>,3,0.0011095
120,cw&aelig;don,<code>cw&amp;ae;don</code>,3,0.0011095
120,ecan,<code>ecan</code>,3,0.0011095
120,embe,<code>embe</code>,3,0.0011095
120,feower,<code>feower</code>,3,0.0011095
120,forgifen,<code>forgifen</code>,3,0.0011095
120,fur&eth;or,<code>fur&amp;d;or</code>,3,0.0011095
120,ge&thorn;ohte,<code>ge&amp;t;ohte</code>,3,0.0011095
120,gecynde,<code>gecynde</code>,3,0.0011095
120,gehwylcum,<code>gehwylcum</code>,3,0.0011095
120,geleafan,<code>geleafan</code>,3,0.0011095
120,geworhte,<code>geworhte</code>,3,0.0011095
120,habban,<code>habban</code>,3,0.0011095
120,heora,<code>heora</code>,3,0.0011095
120,hu,<code>hu</code>,3,0.0011095
120,hwylc,<code>hwylc</code>,3,0.0011095
120,lare,<code>lare</code>,3,0.0011095
120,life,<code>life</code>,3,0.0011095
120,lufu,<code>lufu</code>,3,0.0011095
120,m&aelig;gen,<code>m&amp;ae;gen</code>,3,0.0011095
120,mannes,<code>mannes</code>,3,0.0011095
120,men,<code>men</code>,3,0.0011095
120,menn,<code>menn</code>,3,0.0011095
120,nytenu,<code>nytenu</code>,3,0.0011095
120,o&eth;rum,<code>o&amp;d;rum</code>,3,0.0011095
120,o&thorn;&thorn;e,<code>o&amp;t;&amp;t;e</code>,3,0.0011095
120,sceall,<code>sceall</code>,3,0.0011095
120,sum,<code>sum</code>,3,0.0011095
120,symble,<code>symble</code>,3,0.0011095
120,syndon,<code>syndon</code>,3,0.0011095
120,wat,<code>wat</code>,3,0.0011095
120,weorcum,<code>weorcum</code>,3,0.0011095
120,wuniende,<code>wuniende</code>,3,0.0011095
120,wylla,<code>wylla</code>,3,0.0011095
120,wysdom,<code>wysdom</code>,3,0.0011095
120,yfel,<code>yfel</code>,3,0.0011095
166,&aelig;g&eth;er,<code>&amp;ae;g&amp;d;er</code>,2,0.0007396
166,&aelig;lmihtiga,<code>&amp;ae;lmihtiga</code>,2,0.0007396
166,&aelig;lmihtigan,<code>&amp;ae;lmihtigan</code>,2,0.0007396
166,&aelig;nglas,<code>&amp;ae;nglas</code>,2,0.0007396
166,&aelig;nglisc,<code>&amp;ae;nglisc</code>,2,0.0007396
166,&eth;onne,<code>&amp;d;onne</code>,2,0.0007396
166,&eth;rynnysse,<code>&amp;d;rynnysse</code>,2,0.0007396
166,&thorn;inge,<code>&amp;t;inge</code>,2,0.0007396
166,&thorn;ingum,<code>&amp;t;ingum</code>,2,0.0007396
166,&thorn;is,<code>&amp;t;is</code>,2,0.0007396
166,&thorn;isum,<code>&amp;t;isum</code>,2,0.0007396
166,&thorn;reo,<code>&amp;t;reo</code>,2,0.0007396
166,&thorn;uruh,<code>&amp;t;uruh</code>,2,0.0007396
166,andgites,<code>andgites</code>,2,0.0007396
166,awryten,<code>awryten</code>,2,0.0007396
166,beon,<code>beon</code>,2,0.0007396
166,bi&thorn;,<code>bi&amp;t;</code>,2,0.0007396
166,bleo,<code>bleo</code>,2,0.0007396
166,bocum,<code>bocum</code>,2,0.0007396
166,cw&aelig;&eth;,<code>cw&amp;ae;&amp;d;</code>,2,0.0007396
166,cym&eth;,<code>cym&amp;d;</code>,2,0.0007396
166,eac,<code>eac</code>,2,0.0007396
166,eadignysse,<code>eadignysse</code>,2,0.0007396
166,ealra,<code>ealra</code>,2,0.0007396
166,ece,<code>ece</code>,2,0.0007396
166,ecnysse,<code>ecnysse</code>,2,0.0007396
166,edwist,<code>edwist</code>,2,0.0007396
166,eor&eth;an,<code>eor&amp;d;an</code>,2,0.0007396
166,eor&eth;lican,<code>eor&amp;d;lican</code>,2,0.0007396
166,est,<code>est</code>,2,0.0007396
166,et,<code>et</code>,2,0.0007396
166,fif,<code>fif</code>,2,0.0007396
166,flodum,<code>flodum</code>,2,0.0007396
166,for&thorn;an,<code>for&amp;t;an</code>,2,0.0007396
166,forbuge,<code>forbuge</code>,2,0.0007396
166,forl&aelig;t,<code>forl&amp;ae;t</code>,2,0.0007396
166,fotum,<code>fotum</code>,2,0.0007396
166,fram,<code>fram</code>,2,0.0007396
166,fur&eth;on,<code>fur&amp;d;on</code>,2,0.0007396
166,g&aelig;&eth;,<code>g&amp;ae;&amp;d;</code>,2,0.0007396
166,gecw&aelig;den,<code>gecw&amp;ae;den</code>,2,0.0007396
166,gecw&aelig;dene,<code>gecw&amp;ae;dene</code>,2,0.0007396
166,gecyndes,<code>gecyndes</code>,2,0.0007396
166,geenda&eth;,<code>geenda&amp;d;</code>,2,0.0007396
166,gefret,<code>gefret</code>,2,0.0007396
166,gehyr&eth;,<code>gehyr&amp;d;</code>,2,0.0007396
166,gelice,<code>gelice</code>,2,0.0007396
166,gemetegung,<code>gemetegung</code>,2,0.0007396
166,ges&aelig;lig,<code>ges&amp;ae;lig</code>,2,0.0007396
166,gesceaft,<code>gesceaft</code>,2,0.0007396
166,gesceapen,<code>gesceapen</code>,2,0.0007396
166,gescyppan,<code>gescyppan</code>,2,0.0007396
166,gesih&eth;,<code>gesih&amp;d;</code>,2,0.0007396
166,getacnunge,<code>getacnunge</code>,2,0.0007396
166,geworht,<code>geworht</code>,2,0.0007396
166,gewylnung,<code>gewylnung</code>,2,0.0007396
166,gewylnunge,<code>gewylnunge</code>,2,0.0007396
166,gewyrcean,<code>gewyrcean</code>,2,0.0007396
166,godnysse,<code>godnysse</code>,2,0.0007396
166,h&aelig;lend,<code>h&amp;ae;lend</code>,2,0.0007396
166,halige,<code>halige</code>,2,0.0007396
166,hl&aelig;ddre,<code>hl&amp;ae;ddre</code>,2,0.0007396
166,hl&aelig;fdige,<code>hl&amp;ae;fdige</code>,2,0.0007396
166,hra&eth;e,<code>hra&amp;d;e</code>,2,0.0007396
166,hwa,<code>hwa</code>,2,0.0007396
166,in,<code>in</code>,2,0.0007396
166,l&aelig;t,<code>l&amp;ae;t</code>,2,0.0007396
166,leahtres,<code>leahtres</code>,2,0.0007396
166,leoht,<code>leoht</code>,2,0.0007396
166,leohte,<code>leohte</code>,2,0.0007396
166,lichamlic,<code>lichamlic</code>,2,0.0007396
166,lichamlice,<code>lichamlice</code>,2,0.0007396
166,lichoma,<code>lichoma</code>,2,0.0007396
166,lime,<code>lime</code>,2,0.0007396
166,limum,<code>limum</code>,2,0.0007396
166,lufa&eth;,<code>lufa&amp;d;</code>,2,0.0007396
166,lufian,<code>lufian</code>,2,0.0007396
166,lufie,<code>lufie</code>,2,0.0007396
166,lybba&eth;,<code>lybba&amp;d;</code>,2,0.0007396
166,manna,<code>manna</code>,2,0.0007396
166,menniscnysse,<code>menniscnysse</code>,2,0.0007396
166,mu&eth;e,<code>mu&amp;d;e</code>,2,0.0007396
166,n&aelig;s,<code>n&amp;ae;s</code>,2,0.0007396
166,nama,<code>nama</code>,2,0.0007396
166,nanum,<code>nanum</code>,2,0.0007396
166,nenne,<code>nenne</code>,2,0.0007396
166,o&eth;&thorn;&aelig;t,<code>o&amp;d;&amp;t;&amp;ae;t</code>,2,0.0007396
166,oferstih&eth;,<code>oferstih&amp;d;</code>,2,0.0007396
166,oft,<code>oft</code>,2,0.0007396
166,ongean,<code>ongean</code>,2,0.0007396
166,ordfruman,<code>ordfruman</code>,2,0.0007396
166,psallam,<code>psallam</code>,2,0.0007396
166,rice,<code>rice</code>,2,0.0007396
166,s&aelig;don,<code>s&amp;ae;don</code>,2,0.0007396
166,s&aelig;lran,<code>s&amp;ae;lran</code>,2,0.0007396
166,sapientia,<code>sapientia</code>,2,0.0007396
166,sing&eth;,<code>sing&amp;d;</code>,2,0.0007396
166,singe,<code>singe</code>,2,0.0007396
166,smea&eth;,<code>smea&amp;d;</code>,2,0.0007396
166,so&eth;e,<code>so&amp;d;e</code>,2,0.0007396
166,so&eth;lice,<code>so&amp;d;lice</code>,2,0.0007396
166,so&eth;re,<code>so&amp;d;re</code>,2,0.0007396
166,stapum,<code>stapum</code>,2,0.0007396
166,sunne,<code>sunne</code>,2,0.0007396
166,sw&aelig;lt,<code>sw&amp;ae;lt</code>,2,0.0007396
166,swa&thorn;&aelig;h,<code>swa&amp;t;&amp;ae;h</code>,2,0.0007396
166,swi&eth;or,<code>swi&amp;d;or</code>,2,0.0007396
166,swyftnysse,<code>swyftnysse</code>,2,0.0007396
166,sy,<code>sy</code>,2,0.0007396
166,sylfne,<code>sylfne</code>,2,0.0007396
166,synden,<code>synden</code>,2,0.0007396
166,synna,<code>synna</code>,2,0.0007396
166,synnum,<code>synnum</code>,2,0.0007396
166,twam,<code>twam</code>,2,0.0007396
166,undergyte,<code>undergyte</code>,2,0.0007396
166,underst&aelig;nt,<code>underst&amp;ae;nt</code>,2,0.0007396
166,understandan,<code>understandan</code>,2,0.0007396
166,understent,<code>understent</code>,2,0.0007396
166,ure,<code>ure</code>,2,0.0007396
166,w&aelig;ron,<code>w&amp;ae;ron</code>,2,0.0007396
166,wear&eth;,<code>wear&amp;d;</code>,2,0.0007396
166,wlyte,<code>wlyte</code>,2,0.0007396
166,worulde,<code>worulde</code>,2,0.0007396
166,wuna&eth;,<code>wuna&amp;d;</code>,2,0.0007396
290,&aelig;,<code>&amp;ae;</code>,1,0.0003698
290,&aelig;&eth;elboren,<code>&amp;ae;&amp;d;elboren</code>,1,0.0003698
290,&aelig;ce,<code>&amp;ae;ce</code>,1,0.0003698
290,&aelig;cnysse,<code>&amp;ae;cnysse</code>,1,0.0003698
290,&aelig;diga,<code>&amp;ae;diga</code>,1,0.0003698
290,&aelig;dwiste,<code>&amp;ae;dwiste</code>,1,0.0003698
290,&aelig;fter,<code>&amp;ae;fter</code>,1,0.0003698
290,&aelig;ghw&aelig;r,<code>&amp;ae;ghw&amp;ae;r</code>,1,0.0003698
290,&aelig;lces,<code>&amp;ae;lces</code>,1,0.0003698
290,&aelig;mylnysse,<code>&amp;ae;mylnysse</code>,1,0.0003698
290,&aelig;nde,<code>&amp;ae;nde</code>,1,0.0003698
290,&aelig;ne,<code>&amp;ae;ne</code>,1,0.0003698
290,&aelig;nig,<code>&amp;ae;nig</code>,1,0.0003698
290,&aelig;nne,<code>&amp;ae;nne</code>,1,0.0003698
290,&aelig;t,<code>&amp;ae;t</code>,1,0.0003698
290,&aelig;tfleon,<code>&amp;ae;tfleon</code>,1,0.0003698
290,&aelig;tforan,<code>&amp;ae;tforan</code>,1,0.0003698
290,&eth;&aelig;m,<code>&amp;d;&amp;ae;m</code>,1,0.0003698
290,&eth;am,<code>&amp;d;am</code>,1,0.0003698
290,&eth;eow,<code>&amp;d;eow</code>,1,0.0003698
290,&eth;inge,<code>&amp;d;inge</code>,1,0.0003698
290,&eth;isne,<code>&amp;d;isne</code>,1,0.0003698
290,&eth;isum,<code>&amp;d;isum</code>,1,0.0003698
290,&eth;on,<code>&amp;d;on</code>,1,0.0003698
290,&eth;one,<code>&amp;d;one</code>,1,0.0003698
290,&eth;ridde,<code>&amp;d;ridde</code>,1,0.0003698
290,&eth;rydde,<code>&amp;d;rydde</code>,1,0.0003698
290,&eth;ryfeald,<code>&amp;d;ryfeald</code>,1,0.0003698
290,&eth;uruh,<code>&amp;d;uruh</code>,1,0.0003698
290,&eth;y,<code>&amp;d;y</code>,1,0.0003698
290,&eth;yses,<code>&amp;d;yses</code>,1,0.0003698
290,&thorn;&aelig;nc&eth;,<code>&amp;t;&amp;ae;nc&amp;d;</code>,1,0.0003698
290,&thorn;&aelig;ncan,<code>&amp;t;&amp;ae;ncan</code>,1,0.0003698
290,&thorn;el&aelig;s,<code>&amp;t;el&amp;ae;s</code>,1,0.0003698
290,&thorn;enunge,<code>&amp;t;enunge</code>,1,0.0003698
290,&thorn;enungum,<code>&amp;t;enungum</code>,1,0.0003698
290,&thorn;ere,<code>&amp;t;ere</code>,1,0.0003698
290,&thorn;es,<code>&amp;t;es</code>,1,0.0003698
290,&thorn;i,<code>&amp;t;i</code>,1,0.0003698
290,&thorn;ider,<code>&amp;t;ider</code>,1,0.0003698
290,&thorn;ih&thorn;,<code>&amp;t;ih&amp;t;</code>,1,0.0003698
290,&thorn;incg,<code>&amp;t;incg</code>,1,0.0003698
290,&thorn;issera,<code>&amp;t;issera</code>,1,0.0003698
290,&thorn;issere,<code>&amp;t;issere</code>,1,0.0003698
290,&thorn;ry,<code>&amp;t;ry</code>,1,0.0003698
290,&thorn;rydde,<code>&amp;t;rydde</code>,1,0.0003698
290,&thorn;rynnes,<code>&amp;t;rynnes</code>,1,0.0003698
290,&thorn;rynnesse,<code>&amp;t;rynnesse</code>,1,0.0003698
290,&thorn;rynnysse,<code>&amp;t;rynnysse</code>,1,0.0003698
290,&thorn;yllice,<code>&amp;t;yllice</code>,1,0.0003698
290,&thorn;yssere,<code>&amp;t;yssere</code>,1,0.0003698
290,&thorn;ysses,<code>&amp;t;ysses</code>,1,0.0003698
290,abugan,<code>abugan</code>,1,0.0003698
290,acen&eth;,<code>acen&amp;d;</code>,1,0.0003698
290,agen,<code>agen</code>,1,0.0003698
290,agene,<code>agene</code>,1,0.0003698
290,agenes,<code>agenes</code>,1,0.0003698
290,agenre,<code>agenre</code>,1,0.0003698
290,agylte,<code>agylte</code>,1,0.0003698
290,alotene,<code>alotene</code>,1,0.0003698
290,alysad,<code>alysad</code>,1,0.0003698
290,amen,<code>amen</code>,1,0.0003698
290,andgyt,<code>andgyt</code>,1,0.0003698
290,andgyte,<code>andgyte</code>,1,0.0003698
290,andwerdnysse,<code>andwerdnysse</code>,1,0.0003698
290,andwyrde,<code>andwyrde</code>,1,0.0003698
290,anginne,<code>anginne</code>,1,0.0003698
290,anginnu,<code>anginnu</code>,1,0.0003698
290,anima,<code>anima</code>,1,0.0003698
290,animus,<code>animus</code>,1,0.0003698
290,anlicnesse,<code>anlicnesse</code>,1,0.0003698
290,anlicnysse,<code>anlicnysse</code>,1,0.0003698
290,anr&aelig;dum,<code>anr&amp;ae;dum</code>,1,0.0003698
290,anre,<code>anre</code>,1,0.0003698
290,anrednyss,<code>anrednyss</code>,1,0.0003698
290,anwearde,<code>anwearde</code>,1,0.0003698
290,apostol,<code>apostol</code>,1,0.0003698
290,apud,<code>apud</code>,1,0.0003698
290,ar&aelig;r&thorn;,<code>ar&amp;ae;r&amp;t;</code>,1,0.0003698
290,arf&aelig;stnys,<code>arf&amp;ae;stnys</code>,1,0.0003698
290,arleasan,<code>arleasan</code>,1,0.0003698
290,as&aelig;nde,<code>as&amp;ae;nde</code>,1,0.0003698
290,astih&eth;,<code>astih&amp;d;</code>,1,0.0003698
290,atelic,<code>atelic</code>,1,0.0003698
290,ateo&eth;,<code>ateo&amp;d;</code>,1,0.0003698
290,auditus,<code>auditus</code>,1,0.0003698
290,awend,<code>awend</code>,1,0.0003698
290,awoffod,<code>awoffod</code>,1,0.0003698
290,awriten,<code>awriten</code>,1,0.0003698
290,awriton,<code>awriton</code>,1,0.0003698
290,axie,<code>axie</code>,1,0.0003698
290,axodon,<code>axodon</code>,1,0.0003698
290,be&thorn;urfon,<code>be&amp;t;urfon</code>,1,0.0003698
290,bebeode,<code>bebeode</code>,1,0.0003698
290,bec,<code>bec</code>,1,0.0003698
290,becume,<code>becume</code>,1,0.0003698
290,befangen,<code>befangen</code>,1,0.0003698
290,begra,<code>begra</code>,1,0.0003698
290,behealden,<code>behealden</code>,1,0.0003698
290,belimp&eth;,<code>belimp&amp;d;</code>,1,0.0003698
290,beo,<code>beo</code>,1,0.0003698
290,beo&thorn;,<code>beo&amp;t;</code>,1,0.0003698
290,besarga&eth;,<code>besarga&amp;d;</code>,1,0.0003698
290,besceawa&eth;,<code>besceawa&amp;d;</code>,1,0.0003698
290,beswicane,<code>beswicane</code>,1,0.0003698
290,betere,<code>betere</code>,1,0.0003698
290,betwynan,<code>betwynan</code>,1,0.0003698
290,blawa&thorn;,<code>blawa&amp;t;</code>,1,0.0003698
290,bleoh,<code>bleoh</code>,1,0.0003698
290,blisse,<code>blisse</code>,1,0.0003698
290,burga,<code>burga</code>,1,0.0003698
290,burge,<code>burge</code>,1,0.0003698
290,burh,<code>burh</code>,1,0.0003698
290,buton,<code>buton</code>,1,0.0003698
290,byrig,<code>byrig</code>,1,0.0003698
290,bysig,<code>bysig</code>,1,0.0003698
290,christi,<code>christi</code>,1,0.0003698
290,cildrum,<code>cildrum</code>,1,0.0003698
290,clypa&eth;,<code>clypa&amp;d;</code>,1,0.0003698
290,com,<code>com</code>,1,0.0003698
290,creopende,<code>creopende</code>,1,0.0003698
290,cucu,<code>cucu</code>,1,0.0003698
290,cume,<code>cume</code>,1,0.0003698
290,cunne,<code>cunne</code>,1,0.0003698
290,cw&aelig;&eth;ende,<code>cw&amp;ae;&amp;d;ende</code>,1,0.0003698
290,cw&aelig;&thorn;,<code>cw&amp;ae;&amp;t;</code>,1,0.0003698
290,cw&aelig;den,<code>cw&amp;ae;den</code>,1,0.0003698
290,cynes&aelig;tle,<code>cynes&amp;ae;tle</code>,1,0.0003698
290,cyre,<code>cyre</code>,1,0.0003698
290,cyres,<code>cyres</code>,1,0.0003698
290,cyrran,<code>cyrran</code>,1,0.0003698
290,d&aelig;&eth;,<code>d&amp;ae;&amp;d;</code>,1,0.0003698
290,d&aelig;da,<code>d&amp;ae;da</code>,1,0.0003698
290,d&aelig;ge,<code>d&amp;ae;ge</code>,1,0.0003698
290,d&aelig;ges,<code>d&amp;ae;ges</code>,1,0.0003698
290,d&aelig;l,<code>d&amp;ae;l</code>,1,0.0003698
290,d&aelig;la,<code>d&amp;ae;la</code>,1,0.0003698
290,d&aelig;le,<code>d&amp;ae;le</code>,1,0.0003698
290,d&aelig;ria&eth;,<code>d&amp;ae;ria&amp;d;</code>,1,0.0003698
290,deadlican,<code>deadlican</code>,1,0.0003698
290,dege,<code>dege</code>,1,0.0003698
290,deo,<code>deo</code>,1,0.0003698
290,deofle,<code>deofle</code>,1,0.0003698
290,deofles,<code>deofles</code>,1,0.0003698
290,deoful,<code>deoful</code>,1,0.0003698
290,deor,<code>deor</code>,1,0.0003698
290,deum,<code>deum</code>,1,0.0003698
290,do&eth;,<code>do&amp;d;</code>,1,0.0003698
290,domini,<code>domini</code>,1,0.0003698
290,domino,<code>domino</code>,1,0.0003698
290,donne,<code>donne</code>,1,0.0003698
290,drihten,<code>drihten</code>,1,0.0003698
290,dyrstignesse,<code>dyrstignesse</code>,1,0.0003698
290,dysilicere,<code>dysilicere</code>,1,0.0003698
290,eadig,<code>eadig</code>,1,0.0003698
290,eal,<code>eal</code>,1,0.0003698
290,ealdan,<code>ealdan</code>,1,0.0003698
290,eall,<code>eall</code>,1,0.0003698
290,eallra,<code>eallra</code>,1,0.0003698
290,ealne,<code>ealne</code>,1,0.0003698
290,earfo&eth;nysse,<code>earfo&amp;d;nysse</code>,1,0.0003698
290,eccnysse,<code>eccnysse</code>,1,0.0003698
290,ecum,<code>ecum</code>,1,0.0003698
290,edlesendlice,<code>edlesendlice</code>,1,0.0003698
290,ego,<code>ego</code>,1,0.0003698
290,enne,<code>enne</code>,1,0.0003698
290,eom,<code>eom</code>,1,0.0003698
290,eorum,<code>eorum</code>,1,0.0003698
290,eower,<code>eower</code>,1,0.0003698
290,eowerne,<code>eowerne</code>,1,0.0003698
290,eowre,<code>eowre</code>,1,0.0003698
290,f&aelig;deras,<code>f&amp;ae;deras</code>,1,0.0003698
290,fara&eth;,<code>fara&amp;d;</code>,1,0.0003698
290,felnyss,<code>felnyss</code>,1,0.0003698
290,feor&eth;e,<code>feor&amp;d;e</code>,1,0.0003698
290,fixum,<code>fixum</code>,1,0.0003698
290,fleo&eth;,<code>fleo&amp;d;</code>,1,0.0003698
290,flyh&eth;,<code>flyh&amp;d;</code>,1,0.0003698
290,for&eth;st&aelig;ppende,<code>for&amp;d;st&amp;ae;ppende</code>,1,0.0003698
290,for&eth;steppende,<code>for&amp;d;steppende</code>,1,0.0003698
290,for&eth;y,<code>for&amp;d;y</code>,1,0.0003698
290,forb&aelig;ran,<code>forb&amp;ae;ran</code>,1,0.0003698
290,foresceawige,<code>foresceawige</code>,1,0.0003698
290,forgit,<code>forgit</code>,1,0.0003698
290,forl&aelig;te,<code>forl&amp;ae;te</code>,1,0.0003698
290,forleas,<code>forleas</code>,1,0.0003698
290,forleosan,<code>forleosan</code>,1,0.0003698
290,forloren,<code>forloren</code>,1,0.0003698
290,forlygr,<code>forlygr</code>,1,0.0003698
290,foroft,<code>foroft</code>,1,0.0003698
290,forp&aelig;ran,<code>forp&amp;ae;ran</code>,1,0.0003698
290,fortitudo,<code>fortitudo</code>,1,0.0003698
290,forwyrde,<code>forwyrde</code>,1,0.0003698
290,fremia&eth;,<code>fremia&amp;d;</code>,1,0.0003698
290,fremian,<code>fremian</code>,1,0.0003698
290,fruman,<code>fruman</code>,1,0.0003698
290,fulgebunt,<code>fulgebunt</code>,1,0.0003698
290,fy&eth;erum,<code>fy&amp;d;erum</code>,1,0.0003698
290,fyl&thorn;,<code>fyl&amp;t;</code>,1,0.0003698
290,fylle,<code>fylle</code>,1,0.0003698
290,fyrmest,<code>fyrmest</code>,1,0.0003698
290,fyrmestan,<code>fyrmestan</code>,1,0.0003698
290,ga&eth;,<code>ga&amp;d;</code>,1,0.0003698
290,gastas,<code>gastas</code>,1,0.0003698
290,gastes,<code>gastes</code>,1,0.0003698
290,gastlican,<code>gastlican</code>,1,0.0003698
290,ge&aelig;ndia&eth;,<code>ge&amp;ae;ndia&amp;d;</code>,1,0.0003698
290,ge&thorn;afige,<code>ge&amp;t;afige</code>,1,0.0003698
290,ge&thorn;oht,<code>ge&amp;t;oht</code>,1,0.0003698
290,ge&thorn;w&aelig;rlehton,<code>ge&amp;t;w&amp;ae;rlehton</code>,1,0.0003698
290,gebicna&eth;,<code>gebicna&amp;d;</code>,1,0.0003698
290,geboren,<code>geboren</code>,1,0.0003698
290,gebysgod,<code>gebysgod</code>,1,0.0003698
290,gecyged,<code>gecyged</code>,1,0.0003698
290,gecynd,<code>gecynd</code>,1,0.0003698
290,gecyndelic,<code>gecyndelic</code>,1,0.0003698
290,gedafna&eth;,<code>gedafna&amp;d;</code>,1,0.0003698
290,gedon,<code>gedon</code>,1,0.0003698
290,gedwola,<code>gedwola</code>,1,0.0003698
290,gedwolena,<code>gedwolena</code>,1,0.0003698
290,gedwolmenn,<code>gedwolmenn</code>,1,0.0003698
290,geearna&eth;,<code>geearna&amp;d;</code>,1,0.0003698
290,geearnode,<code>geearnode</code>,1,0.0003698
290,geendia&eth;,<code>geendia&amp;d;</code>,1,0.0003698
290,gef&aelig;ccan,<code>gef&amp;ae;ccan</code>,1,0.0003698
290,gef&aelig;ran,<code>gef&amp;ae;ran</code>,1,0.0003698
290,gefada&eth;,<code>gefada&amp;d;</code>,1,0.0003698
290,gegl&aelig;ngde,<code>gegl&amp;ae;ngde</code>,1,0.0003698
290,gehatene,<code>gehatene</code>,1,0.0003698
290,gehealden,<code>gehealden</code>,1,0.0003698
290,gehende,<code>gehende</code>,1,0.0003698
290,gehered,<code>gehered</code>,1,0.0003698
290,gehiwian,<code>gehiwian</code>,1,0.0003698
290,gehiwode,<code>gehiwode</code>,1,0.0003698
290,gehyre,<code>gehyre</code>,1,0.0003698
290,gehyrsuma&eth;,<code>gehyrsuma&amp;d;</code>,1,0.0003698
290,gel&aelig;de,<code>gel&amp;ae;de</code>,1,0.0003698
290,geleaffullan,<code>geleaffullan</code>,1,0.0003698
290,gelic,<code>gelic</code>,1,0.0003698
290,gelicne,<code>gelicne</code>,1,0.0003698
290,gelicnesse,<code>gelicnesse</code>,1,0.0003698
290,gelimp&eth;,<code>gelimp&amp;d;</code>,1,0.0003698
290,gelimpum,<code>gelimpum</code>,1,0.0003698
290,gelymp&eth;,<code>gelymp&amp;d;</code>,1,0.0003698
290,gelympe,<code>gelympe</code>,1,0.0003698
290,gem&aelig;tegian,<code>gem&amp;ae;tegian</code>,1,0.0003698
290,geman&eth;,<code>geman&amp;d;</code>,1,0.0003698
290,gemunan,<code>gemunan</code>,1,0.0003698
290,gemune,<code>gemune</code>,1,0.0003698
290,genumen,<code>genumen</code>,1,0.0003698
290,geondf&aelig;r&eth;,<code>geondf&amp;ae;r&amp;d;</code>,1,0.0003698
290,geornlice,<code>geornlice</code>,1,0.0003698
290,ges&aelig;d,<code>ges&amp;ae;d</code>,1,0.0003698
290,ges&aelig;t,<code>ges&amp;ae;t</code>,1,0.0003698
290,gesceade,<code>gesceade</code>,1,0.0003698
290,gesceadwis,<code>gesceadwis</code>,1,0.0003698
290,gesceadwislic,<code>gesceadwislic</code>,1,0.0003698
290,gesceope,<code>gesceope</code>,1,0.0003698
290,gescyp&eth;,<code>gescyp&amp;d;</code>,1,0.0003698
290,gesih&eth;e,<code>gesih&amp;d;e</code>,1,0.0003698
290,gesih&thorn;e,<code>gesih&amp;t;e</code>,1,0.0003698
290,gestyl&thorn;,<code>gestyl&amp;t;</code>,1,0.0003698
290,getacna&eth;,<code>getacna&amp;d;</code>,1,0.0003698
290,gew&aelig;mmed,<code>gew&amp;ae;mmed</code>,1,0.0003698
290,geweald,<code>geweald</code>,1,0.0003698
290,gewilnienne,<code>gewilnienne</code>,1,0.0003698
290,gewilnunge,<code>gewilnunge</code>,1,0.0003698
290,gewissa&eth;,<code>gewissa&amp;d;</code>,1,0.0003698
290,gewisse&eth;,<code>gewisse&amp;d;</code>,1,0.0003698
290,gewlitegod,<code>gewlitegod</code>,1,0.0003698
290,gewunelicost,<code>gewunelicost</code>,1,0.0003698
290,gewur&eth;a&thorn;,<code>gewur&amp;d;a&amp;t;</code>,1,0.0003698
290,gewylnige,<code>gewylnige</code>,1,0.0003698
290,gewylnigendlic,<code>gewylnigendlic</code>,1,0.0003698
290,gewysigen,<code>gewysigen</code>,1,0.0003698
290,gewyssienne,<code>gewyssienne</code>,1,0.0003698
290,gewytan,<code>gewytan</code>,1,0.0003698
290,gewyte,<code>gewyte</code>,1,0.0003698
290,gewytleas,<code>gewytleas</code>,1,0.0003698
290,gife,<code>gife</code>,1,0.0003698
290,git,<code>git</code>,1,0.0003698
290,gitsunge,<code>gitsunge</code>,1,0.0003698
290,glada&eth;,<code>glada&amp;d;</code>,1,0.0003698
290,godne,<code>godne</code>,1,0.0003698
290,godnisse,<code>godnisse</code>,1,0.0003698
290,godspell,<code>godspell</code>,1,0.0003698
290,godspelle,<code>godspelle</code>,1,0.0003698
290,godum,<code>godum</code>,1,0.0003698
290,grapung,<code>grapung</code>,1,0.0003698
290,gustus,<code>gustus</code>,1,0.0003698
290,gyfende,<code>gyfende</code>,1,0.0003698
290,gyfernesse,<code>gyfernesse</code>,1,0.0003698
290,gylp,<code>gylp</code>,1,0.0003698
290,gym&eth;,<code>gym&amp;d;</code>,1,0.0003698
290,h&aelig;bbe,<code>h&amp;ae;bbe</code>,1,0.0003698
290,h&aelig;fe,<code>h&amp;ae;fe</code>,1,0.0003698
290,h&aelig;le,<code>h&amp;ae;le</code>,1,0.0003698
290,h&aelig;tu,<code>h&amp;ae;tu</code>,1,0.0003698
290,habben,<code>habben</code>,1,0.0003698
290,halgum,<code>halgum</code>,1,0.0003698
290,handum,<code>handum</code>,1,0.0003698
290,hata&eth;,<code>hata&amp;d;</code>,1,0.0003698
290,heage,<code>heage</code>,1,0.0003698
290,healic,<code>healic</code>,1,0.0003698
290,heofonan,<code>heofonan</code>,1,0.0003698
290,heofonlican,<code>heofonlican</code>,1,0.0003698
290,heofonum,<code>heofonum</code>,1,0.0003698
290,hierusalem,<code>hierusalem</code>,1,0.0003698
290,hiw,<code>hiw</code>,1,0.0003698
290,hiwes,<code>hiwes</code>,1,0.0003698
290,hlyst,<code>hlyst</code>,1,0.0003698
290,hreppe,<code>hreppe</code>,1,0.0003698
290,hrepung,<code>hrepung</code>,1,0.0003698
290,huius,<code>huius</code>,1,0.0003698
290,hwile,<code>hwile</code>,1,0.0003698
290,hwilwendlic,<code>hwilwendlic</code>,1,0.0003698
290,hwonlice,<code>hwonlice</code>,1,0.0003698
290,hwyle,<code>hwyle</code>,1,0.0003698
290,ianuarii,<code>ianuarii</code>,1,0.0003698
290,iesu,<code>iesu</code>,1,0.0003698
290,ingehyd,<code>ingehyd</code>,1,0.0003698
290,iob,<code>iob</code>,1,0.0003698
290,iudeiscan,<code>iudeiscan</code>,1,0.0003698
290,iusti,<code>iusti</code>,1,0.0003698
290,iustitia,<code>iustitia</code>,1,0.0003698
290,kalendas,<code>kalendas</code>,1,0.0003698
290,kynehelm,<code>kynehelm</code>,1,0.0003698
290,la&eth;e,<code>la&amp;d;e</code>,1,0.0003698
290,land,<code>land</code>,1,0.0003698
290,leahtras,<code>leahtras</code>,1,0.0003698
290,leofa,<code>leofa</code>,1,0.0003698
290,leofa&eth;,<code>leofa&amp;d;</code>,1,0.0003698
290,leofestan,<code>leofestan</code>,1,0.0003698
290,leornian,<code>leornian</code>,1,0.0003698
290,leornige,<code>leornige</code>,1,0.0003698
290,libban,<code>libban</code>,1,0.0003698
290,libbendum,<code>libbendum</code>,1,0.0003698
290,lichamlicra,<code>lichamlicra</code>,1,0.0003698
290,lichomlice,<code>lichomlice</code>,1,0.0003698
290,licia&eth;,<code>licia&amp;d;</code>,1,0.0003698
290,limes,<code>limes</code>,1,0.0003698
290,loquor,<code>loquor</code>,1,0.0003698
290,lufan,<code>lufan</code>,1,0.0003698
290,lufige,<code>lufige</code>,1,0.0003698
290,lybban,<code>lybban</code>,1,0.0003698
290,lyft,<code>lyft</code>,1,0.0003698
290,lyst,<code>lyst</code>,1,0.0003698
290,m&aelig;dene,<code>m&amp;ae;dene</code>,1,0.0003698
290,m&aelig;ge,<code>m&amp;ae;ge</code>,1,0.0003698
290,m&aelig;gena,<code>m&amp;ae;gena</code>,1,0.0003698
290,m&aelig;genu,<code>m&amp;ae;genu</code>,1,0.0003698
290,m&aelig;genum,<code>m&amp;ae;genum</code>,1,0.0003698
290,m&aelig;nigfealde,<code>m&amp;ae;nigfealde</code>,1,0.0003698
290,m&aelig;r&eth;e,<code>m&amp;ae;r&amp;d;e</code>,1,0.0003698
290,ma,<code>ma</code>,1,0.0003698
290,manegum,<code>manegum</code>,1,0.0003698
290,marian,<code>marian</code>,1,0.0003698
290,memoria,<code>memoria</code>,1,0.0003698
290,mens,<code>mens</code>,1,0.0003698
290,mente,<code>mente</code>,1,0.0003698
290,middanearde,<code>middanearde</code>,1,0.0003698
290,middaneardes,<code>middaneardes</code>,1,0.0003698
290,mideard,<code>mideard</code>,1,0.0003698
290,mihta,<code>mihta</code>,1,0.0003698
290,mislices,<code>mislices</code>,1,0.0003698
290,misw&aelig;nt,<code>misw&amp;ae;nt</code>,1,0.0003698
290,miswent,<code>miswent</code>,1,0.0003698
290,modes,<code>modes</code>,1,0.0003698
290,modignysse,<code>modignysse</code>,1,0.0003698
290,modor,<code>modor</code>,1,0.0003698
290,motan,<code>motan</code>,1,0.0003698
290,mundi,<code>mundi</code>,1,0.0003698
290,mycclum,<code>mycclum</code>,1,0.0003698
290,mycel,<code>mycel</code>,1,0.0003698
290,mycele,<code>mycele</code>,1,0.0003698
290,mycelnysse,<code>mycelnysse</code>,1,0.0003698
290,n&aelig;re,<code>n&amp;ae;re</code>,1,0.0003698
290,na&eth;or,<code>na&amp;d;or</code>,1,0.0003698
290,nahte,<code>nahte</code>,1,0.0003698
290,namare,<code>namare</code>,1,0.0003698
290,nanne,<code>nanne</code>,1,0.0003698
290,natiuitas,<code>natiuitas</code>,1,0.0003698
290,nele,<code>nele</code>,1,0.0003698
290,nella&eth;,<code>nella&amp;d;</code>,1,0.0003698
290,neo&eth;er,<code>neo&amp;d;er</code>,1,0.0003698
290,neod,<code>neod</code>,1,0.0003698
290,neod&thorn;earf,<code>neod&amp;t;earf</code>,1,0.0003698
290,nes,<code>nes</code>,1,0.0003698
290,nimia,<code>nimia</code>,1,0.0003698
290,nitwyr&eth;um,<code>nitwyr&amp;d;um</code>,1,0.0003698
290,niwan,<code>niwan</code>,1,0.0003698
290,nocent,<code>nocent</code>,1,0.0003698
290,nosa,<code>nosa</code>,1,0.0003698
290,nostri,<code>nostri</code>,1,0.0003698
290,ny&eth;er,<code>ny&amp;d;er</code>,1,0.0003698
290,nys,<code>nys</code>,1,0.0003698
290,o&eth;,<code>o&amp;d;</code>,1,0.0003698
290,odoratus,<code>odoratus</code>,1,0.0003698
290,ofcym&thorn;,<code>ofcym&amp;t;</code>,1,0.0003698
290,ofer,<code>ofer</code>,1,0.0003698
290,oferdone,<code>oferdone</code>,1,0.0003698
290,oferstigan,<code>oferstigan</code>,1,0.0003698
290,oferswi&eth;od,<code>oferswi&amp;d;od</code>,1,0.0003698
290,omnia,<code>omnia</code>,1,0.0003698
290,omnis,<code>omnis</code>,1,0.0003698
290,onbryrdan,<code>onbryrdan</code>,1,0.0003698
290,ondret,<code>ondret</code>,1,0.0003698
290,ongunnan,<code>ongunnan</code>,1,0.0003698
290,ongunnen,<code>ongunnen</code>,1,0.0003698
290,onliht,<code>onliht</code>,1,0.0003698
290,onlocie,<code>onlocie</code>,1,0.0003698
290,onwunode,<code>onwunode</code>,1,0.0003698
290,or&thorn;ung,<code>or&amp;t;ung</code>,1,0.0003698
290,ordfruma,<code>ordfruma</code>,1,0.0003698
290,ordfrumman,<code>ordfrumman</code>,1,0.0003698
290,orm&aelig;ttum,<code>orm&amp;ae;ttum</code>,1,0.0003698
290,patris,<code>patris</code>,1,0.0003698
290,paulus,<code>paulus</code>,1,0.0003698
290,principium,<code>principium</code>,1,0.0003698
290,prudentia,<code>prudentia</code>,1,0.0003698
290,qui,<code>qui</code>,1,0.0003698
290,r&aelig;d,<code>r&amp;ae;d</code>,1,0.0003698
290,ratio,<code>ratio</code>,1,0.0003698
290,regno,<code>regno</code>,1,0.0003698
290,riccran,<code>riccran</code>,1,0.0003698
290,rihtlice,<code>rihtlice</code>,1,0.0003698
290,rihtwisan,<code>rihtwisan</code>,1,0.0003698
290,rihtwisnys,<code>rihtwisnys</code>,1,0.0003698
290,rixian,<code>rixian</code>,1,0.0003698
290,rome,<code>rome</code>,1,0.0003698
290,s&aelig;,<code>s&amp;ae;</code>,1,0.0003698
290,s&aelig;ccgan,<code>s&amp;ae;ccgan</code>,1,0.0003698
290,s&aelig;cga&eth;,<code>s&amp;ae;cga&amp;d;</code>,1,0.0003698
290,s&aelig;lestan,<code>s&amp;ae;lestan</code>,1,0.0003698
290,sarnissa,<code>sarnissa</code>,1,0.0003698
290,saula,<code>saula</code>,1,0.0003698
290,sawl,<code>sawl</code>,1,0.0003698
290,sawla,<code>sawla</code>,1,0.0003698
290,sawullease,<code>sawullease</code>,1,0.0003698
290,sceolan,<code>sceolan</code>,1,0.0003698
290,sceolon,<code>sceolon</code>,1,0.0003698
290,sceortlice,<code>sceortlice</code>,1,0.0003698
290,scina&eth;,<code>scina&amp;d;</code>,1,0.0003698
290,scippend,<code>scippend</code>,1,0.0003698
290,sensus,<code>sensus</code>,1,0.0003698
290,si&thorn;&thorn;an,<code>si&amp;t;&amp;t;an</code>,1,0.0003698
290,sicut,<code>sicut</code>,1,0.0003698
290,sih&eth;e,<code>sih&amp;d;e</code>,1,0.0003698
290,simble,<code>simble</code>,1,0.0003698
290,sindon,<code>sindon</code>,1,0.0003698
290,singian,<code>singian</code>,1,0.0003698
290,sint,<code>sint</code>,1,0.0003698
290,sl&aelig;pe,<code>sl&amp;ae;pe</code>,1,0.0003698
290,smeagan,<code>smeagan</code>,1,0.0003698
290,snoternysse,<code>snoternysse</code>,1,0.0003698
290,so&eth;a,<code>so&amp;d;a</code>,1,0.0003698
290,so&thorn;,<code>so&amp;t;</code>,1,0.0003698
290,sol,<code>sol</code>,1,0.0003698
290,spiritu,<code>spiritu</code>,1,0.0003698
290,spiritus,<code>spiritus</code>,1,0.0003698
290,spr&aelig;c,<code>spr&amp;ae;c</code>,1,0.0003698
290,spr&aelig;can,<code>spr&amp;ae;can</code>,1,0.0003698
290,spr&aelig;ce,<code>spr&amp;ae;ce</code>,1,0.0003698
290,spreca&eth;,<code>spreca&amp;d;</code>,1,0.0003698
290,st&aelig;nc,<code>st&amp;ae;nc</code>,1,0.0003698
290,stah,<code>stah</code>,1,0.0003698
290,stedeleas,<code>stedeleas</code>,1,0.0003698
290,stemne,<code>stemne</code>,1,0.0003698
290,stigan,<code>stigan</code>,1,0.0003698
290,stih&eth;,<code>stih&amp;d;</code>,1,0.0003698
290,str&aelig;ng&eth;,<code>str&amp;ae;ng&amp;d;</code>,1,0.0003698
290,stultitia,<code>stultitia</code>,1,0.0003698
290,stuntnis,<code>stuntnis</code>,1,0.0003698
290,styrenne,<code>styrenne</code>,1,0.0003698
290,styrigende,<code>styrigende</code>,1,0.0003698
290,sumum,<code>sumum</code>,1,0.0003698
290,sunnan,<code>sunnan</code>,1,0.0003698
290,sw&aelig;c,<code>sw&amp;ae;c</code>,1,0.0003698
290,swi&thorn;e,<code>swi&amp;t;e</code>,1,0.0003698
290,swimma&eth;,<code>swimma&amp;d;</code>,1,0.0003698
290,swylcera,<code>swylcera</code>,1,0.0003698
290,sylf,<code>sylf</code>,1,0.0003698
290,sylfe,<code>sylfe</code>,1,0.0003698
290,sylfra,<code>sylfra</code>,1,0.0003698
290,sylfre,<code>sylfre</code>,1,0.0003698
290,sylfum,<code>sylfum</code>,1,0.0003698
290,syndan,<code>syndan</code>,1,0.0003698
290,tactus,<code>tactus</code>,1,0.0003698
290,temperantia,<code>temperantia</code>,1,0.0003698
290,tide,<code>tide</code>,1,0.0003698
290,tima,<code>tima</code>,1,0.0003698
290,tog&aelig;dere,<code>tog&amp;ae;dere</code>,1,0.0003698
290,tosc&aelig;t,<code>tosc&amp;ae;t</code>,1,0.0003698
290,tosceaden,<code>tosceaden</code>,1,0.0003698
290,totw&aelig;mde,<code>totw&amp;ae;mde</code>,1,0.0003698
290,toweard,<code>toweard</code>,1,0.0003698
290,towearde,<code>towearde</code>,1,0.0003698
290,tunc,<code>tunc</code>,1,0.0003698
290,tw&aelig;gen,<code>tw&amp;ae;gen</code>,1,0.0003698
290,u&thorn;wytan,<code>u&amp;t;wytan</code>,1,0.0003698
290,ufor,<code>ufor</code>,1,0.0003698
290,uiii,<code>uiii</code>,1,0.0003698
290,uisus,<code>uisus</code>,1,0.0003698
290,un&thorn;&aelig;slice,<code>un&amp;t;&amp;ae;slice</code>,1,0.0003698
290,unas&aelig;cgendlic,<code>unas&amp;ae;cgendlic</code>,1,0.0003698
290,unasmeagendlic,<code>unasmeagendlic</code>,1,0.0003698
290,unbegunnen,<code>unbegunnen</code>,1,0.0003698
290,uncu&thorn;e,<code>uncu&amp;t;e</code>,1,0.0003698
290,under&thorn;eodd,<code>under&amp;t;eodd</code>,1,0.0003698
290,underf&aelig;h&eth;,<code>underf&amp;ae;h&amp;d;</code>,1,0.0003698
290,underf&aelig;ng,<code>underf&amp;ae;ng</code>,1,0.0003698
290,underfon,<code>underfon</code>,1,0.0003698
290,undergytan,<code>undergytan</code>,1,0.0003698
290,underli&eth;,<code>underli&amp;d;</code>,1,0.0003698
290,unge&aelig;ndod,<code>unge&amp;ae;ndod</code>,1,0.0003698
290,ungeendod,<code>ungeendod</code>,1,0.0003698
290,ungelice,<code>ungelice</code>,1,0.0003698
290,unges&aelig;wenlic,<code>unges&amp;ae;wenlic</code>,1,0.0003698
290,ungesceadwysan,<code>ungesceadwysan</code>,1,0.0003698
290,ungesewenlice,<code>ungesewenlice</code>,1,0.0003698
290,ungeworht,<code>ungeworht</code>,1,0.0003698
290,unlichomlic,<code>unlichomlic</code>,1,0.0003698
290,unrihtwisan,<code>unrihtwisan</code>,1,0.0003698
290,unrotnisse,<code>unrotnisse</code>,1,0.0003698
290,untwylice,<code>untwylice</code>,1,0.0003698
290,uobis,<code>uobis</code>,1,0.0003698
290,uoluntas,<code>uoluntas</code>,1,0.0003698
290,upp,<code>upp</code>,1,0.0003698
290,uprihte,<code>uprihte</code>,1,0.0003698
290,ut,<code>ut</code>,1,0.0003698
290,uton,<code>uton</code>,1,0.0003698
290,w&aelig;r&eth;,<code>w&amp;ae;r&amp;d;</code>,1,0.0003698
290,w&aelig;stm,<code>w&amp;ae;stm</code>,1,0.0003698
290,wana&eth;,<code>wana&amp;d;</code>,1,0.0003698
290,weard,<code>weard</code>,1,0.0003698
290,weld&aelig;dum,<code>weld&amp;ae;dum</code>,1,0.0003698
290,welwillende,<code>welwillende</code>,1,0.0003698
290,wen&eth;,<code>wen&amp;d;</code>,1,0.0003698
290,weorc,<code>weorc</code>,1,0.0003698
290,weorces,<code>weorces</code>,1,0.0003698
290,wet,<code>wet</code>,1,0.0003698
290,wex&eth;,<code>wex&amp;d;</code>,1,0.0003698
290,wi&eth;meten,<code>wi&amp;d;meten</code>,1,0.0003698
290,wile,<code>wile</code>,1,0.0003698
290,wilnia&eth;,<code>wilnia&amp;d;</code>,1,0.0003698
290,wis,<code>wis</code>,1,0.0003698
290,wisdome,<code>wisdome</code>,1,0.0003698
290,wolde,<code>wolde</code>,1,0.0003698
290,word,<code>word</code>,1,0.0003698
290,wuldre,<code>wuldre</code>,1,0.0003698
290,wundorlican,<code>wundorlican</code>,1,0.0003698
290,wundrian,<code>wundrian</code>,1,0.0003698
290,wunigende,<code>wunigende</code>,1,0.0003698
290,wur&eth;fulnysse,<code>wur&amp;d;fulnysse</code>,1,0.0003698
290,wur&eth;ian,<code>wur&amp;d;ian</code>,1,0.0003698
290,wur&eth;igan,<code>wur&amp;d;igan</code>,1,0.0003698
290,wur&eth;ige,<code>wur&amp;d;ige</code>,1,0.0003698
290,wur&eth;scipum,<code>wur&amp;d;scipum</code>,1,0.0003698
290,wurde,<code>wurde</code>,1,0.0003698
290,wurmas,<code>wurmas</code>,1,0.0003698
290,wyr&eth;e,<code>wyr&amp;d;e</code>,1,0.0003698
290,wyrc&eth;,<code>wyrc&amp;d;</code>,1,0.0003698
290,wyrhta,<code>wyrhta</code>,1,0.0003698
290,wyrsan,<code>wyrsan</code>,1,0.0003698
290,wytan,<code>wytan</code>,1,0.0003698
290,wytum,<code>wytum</code>,1,0.0003698
290,ydel,<code>ydel</code>,1,0.0003698
290,yfele,<code>yfele</code>,1,0.0003698
290,yfelne,<code>yfelne</code>,1,0.0003698
290,yfelum,<code>yfelum</code>,1,0.0003698
290,yfelwyrcendan,<code>yfelwyrcendan</code>,1,0.0003698
290,ymbwlatunge,<code>ymbwlatunge</code>,1,0.0003698
290,yrsige,<code>yrsige</code>,1,0.0003698
290,yrsigendlic,<code>yrsigendlic</code>,1,0.0003698
290,ys,<code>ys</code>,1,0.0003698
