B_Prose,B01,B01.003.033_AELS__Chrysanthus__T03330.txt,994,694,2752
RANK,HTML WORD,RAW WORD,COUNT,RELATIVE FREQUENCY
1,and,<code>and</code>,151,0.0548692
2,&thorn;a,<code>&amp;t;a</code>,119,0.0432413
3,to,<code>to</code>,74,0.0268895
4,&thorn;&aelig;t,<code>&amp;t;&amp;ae;t</code>,61,0.0221657
4,hi,<code>hi</code>,61,0.0221657
6,mid,<code>mid</code>,59,0.0214390
7,on,<code>on</code>,57,0.0207122
8,&thorn;am,<code>&amp;t;am</code>,48,0.0174419
9,swa,<code>swa</code>,47,0.0170785
10,he,<code>he</code>,42,0.0152616
11,&thorn;e,<code>&amp;t;e</code>,31,0.0112645
12,his,<code>his</code>,30,0.0109012
13,ne,<code>ne</code>,28,0.0101744
14,him,<code>him</code>,27,0.0098110
15,&thorn;u,<code>&amp;t;u</code>,26,0.0094477
15,hine,<code>hine</code>,26,0.0094477
15,se,<code>se</code>,26,0.0094477
18,ic,<code>ic</code>,25,0.0090843
19,ac,<code>ac</code>,21,0.0076308
20,&thorn;one,<code>&amp;t;one</code>,20,0.0072674
21,het,<code>het</code>,19,0.0069041
22,heora,<code>heora</code>,18,0.0065407
23,&thorn;urh,<code>&amp;t;urh</code>,16,0.0058140
24,god,<code>god</code>,15,0.0054506
25,geleafan,<code>geleafan</code>,14,0.0050872
26,mihte,<code>mihte</code>,13,0.0047238
27,crisantus,<code>crisantus</code>,12,0.0043605
27,ealle,<code>ealle</code>,12,0.0043605
27,gif,<code>gif</code>,12,0.0043605
27,heo,<code>heo</code>,12,0.0043605
27,sona,<code>sona</code>,12,0.0043605
27,wear&eth;,<code>wear&amp;d;</code>,12,0.0043605
33,cw&aelig;&eth;,<code>cw&amp;ae;&amp;d;</code>,11,0.0039971
33,darian,<code>darian</code>,11,0.0039971
33,halgan,<code>halgan</code>,11,0.0039971
33,man,<code>man</code>,11,0.0039971
37,criste,<code>criste</code>,10,0.0036337
37,for,<code>for</code>,10,0.0036337
37,fram,<code>fram</code>,10,0.0036337
37,w&aelig;s,<code>w&amp;ae;s</code>,10,0.0036337
37,wurdon,<code>wurdon</code>,10,0.0036337
42,&thorn;&aelig;re,<code>&amp;t;&amp;ae;re</code>,9,0.0032703
42,casere,<code>casere</code>,9,0.0032703
42,daria,<code>daria</code>,9,0.0032703
42,seo,<code>seo</code>,9,0.0032703
46,&thorn;&aelig;r,<code>&amp;t;&amp;ae;r</code>,8,0.0029070
46,&thorn;&aelig;s,<code>&amp;t;&amp;ae;s</code>,8,0.0029070
46,&thorn;onne,<code>&amp;t;onne</code>,8,0.0029070
46,leo,<code>leo</code>,8,0.0029070
46,nu,<code>nu</code>,8,0.0029070
46,ut,<code>ut</code>,8,0.0029070
46,w&aelig;ron,<code>w&amp;ae;ron</code>,8,0.0029070
53,&aelig;nne,<code>&amp;ae;nne</code>,7,0.0025436
53,&eth;a,<code>&amp;d;a</code>,7,0.0025436
53,be,<code>be</code>,7,0.0025436
53,drihtnes,<code>drihtnes</code>,7,0.0025436
53,f&aelig;der,<code>f&amp;ae;der</code>,7,0.0025436
53,of,<code>of</code>,7,0.0025436
59,&aelig;t,<code>&amp;ae;t</code>,6,0.0021802
59,cempan,<code>cempan</code>,6,0.0021802
59,claudius,<code>claudius</code>,6,0.0021802
59,gode,<code>gode</code>,6,0.0021802
59,h&aelig;fde,<code>h&amp;ae;fde</code>,6,0.0021802
59,hire,<code>hire</code>,6,0.0021802
59,men,<code>men</code>,6,0.0021802
59,o&thorn;&thorn;&aelig;t,<code>o&amp;t;&amp;t;&amp;ae;t</code>,6,0.0021802
59,wolde,<code>wolde</code>,6,0.0021802
59,wundra,<code>wundra</code>,6,0.0021802
69,&thorn;as,<code>&amp;t;as</code>,5,0.0018169
69,&thorn;us,<code>&amp;t;us</code>,5,0.0018169
69,anum,<code>anum</code>,5,0.0018169
69,bi&eth;,<code>bi&amp;d;</code>,5,0.0018169
69,butan,<code>butan</code>,5,0.0018169
69,drycr&aelig;ft,<code>drycr&amp;ae;ft</code>,5,0.0018169
69,ge,<code>ge</code>,5,0.0018169
69,h&aelig;lend,<code>h&amp;ae;lend</code>,5,0.0018169
69,hit,<code>hit</code>,5,0.0018169
69,l&aelig;g,<code>l&amp;ae;g</code>,5,0.0018169
69,leornode,<code>leornode</code>,5,0.0018169
69,m&aelig;den,<code>m&amp;ae;den</code>,5,0.0018169
69,si&eth;&eth;an,<code>si&amp;d;&amp;d;an</code>,5,0.0018169
69,sunu,<code>sunu</code>,5,0.0018169
69,sylf,<code>sylf</code>,5,0.0018169
69,we,<code>we</code>,5,0.0018169
85,&thorn;inre,<code>&amp;t;inre</code>,4,0.0014535
85,andwyrde,<code>andwyrde</code>,4,0.0014535
85,arwur&eth;um,<code>arwur&amp;d;um</code>,4,0.0014535
85,bec,<code>bec</code>,4,0.0014535
85,byrig,<code>byrig</code>,4,0.0014535
85,cniht,<code>cniht</code>,4,0.0014535
85,cnihte,<code>cnihte</code>,4,0.0014535
85,crisantum,<code>crisantum</code>,4,0.0014535
85,crist,<code>crist</code>,4,0.0014535
85,cwearterne,<code>cwearterne</code>,4,0.0014535
85,eac,<code>eac</code>,4,0.0014535
85,f&aelig;rlice,<code>f&amp;ae;rlice</code>,4,0.0014535
85,fela,<code>fela</code>,4,0.0014535
85,gehaten,<code>gehaten</code>,4,0.0014535
85,godas,<code>godas</code>,4,0.0014535
85,godes,<code>godes</code>,4,0.0014535
85,godum,<code>godum</code>,4,0.0014535
85,hw&aelig;t,<code>hw&amp;ae;t</code>,4,0.0014535
85,m&aelig;dene,<code>m&amp;ae;dene</code>,4,0.0014535
85,mannum,<code>mannum</code>,4,0.0014535
85,me,<code>me</code>,4,0.0014535
85,mode,<code>mode</code>,4,0.0014535
85,nan,<code>nan</code>,4,0.0014535
85,samod,<code>samod</code>,4,0.0014535
85,sende,<code>sende</code>,4,0.0014535
85,sum,<code>sum</code>,4,0.0014535
85,swilce,<code>swilce</code>,4,0.0014535
85,swy&eth;e,<code>swy&amp;d;e</code>,4,0.0014535
85,timan,<code>timan</code>,4,0.0014535
85,wite,<code>wite</code>,4,0.0014535
85,woldon,<code>woldon</code>,4,0.0014535
85,worulde,<code>worulde</code>,4,0.0014535
85,wundorlice,<code>wundorlice</code>,4,0.0014535
118,&thorn;is,<code>&amp;t;is</code>,3,0.0010901
118,began,<code>began</code>,3,0.0010901
118,bendas,<code>bendas</code>,3,0.0010901
118,bure,<code>bure</code>,3,0.0010901
118,buta,<code>buta</code>,3,0.0010901
118,cl&aelig;nnysse,<code>cl&amp;ae;nnysse</code>,3,0.0010901
118,deore,<code>deore</code>,3,0.0010901
118,drihten,<code>drihten</code>,3,0.0010901
118,dyde,<code>dyde</code>,3,0.0010901
118,ea&eth;elice,<code>ea&amp;d;elice</code>,3,0.0010901
118,ealne,<code>ealne</code>,3,0.0010901
118,eft,<code>eft</code>,3,0.0010901
118,ferde,<code>ferde</code>,3,0.0010901
118,fulum,<code>fulum</code>,3,0.0010901
118,fyrhte,<code>fyrhte</code>,3,0.0010901
118,galnysse,<code>galnysse</code>,3,0.0010901
118,gan,<code>gan</code>,3,0.0010901
118,gebedum,<code>gebedum</code>,3,0.0010901
118,gefullode,<code>gefullode</code>,3,0.0010901
118,gelome,<code>gelome</code>,3,0.0010901
118,h&aelig;&eth;enan,<code>h&amp;ae;&amp;d;enan</code>,3,0.0010901
118,habban,<code>habban</code>,3,0.0010901
118,hu,<code>hu</code>,3,0.0010901
118,is,<code>is</code>,3,0.0010901
118,lange,<code>lange</code>,3,0.0010901
118,leohte,<code>leohte</code>,3,0.0010901
118,life,<code>life</code>,3,0.0010901
118,manega,<code>manega</code>,3,0.0010901
118,martyras,<code>martyras</code>,3,0.0010901
118,micclum,<code>micclum</code>,3,0.0010901
118,n&aelig;ddran,<code>n&amp;ae;ddran</code>,3,0.0010901
118,numerianus,<code>numerianus</code>,3,0.0010901
118,suna,<code>suna</code>,3,0.0010901
118,swa&thorn;eah,<code>swa&amp;t;eah</code>,3,0.0010901
118,sylfe,<code>sylfe</code>,3,0.0010901
118,sylfne,<code>sylfne</code>,3,0.0010901
118,sylfum,<code>sylfum</code>,3,0.0010901
118,tog&aelig;dere,<code>tog&amp;ae;dere</code>,3,0.0010901
118,underfeng,<code>underfeng</code>,3,0.0010901
118,us,<code>us</code>,3,0.0010901
118,wer,<code>wer</code>,3,0.0010901
118,wille,<code>wille</code>,3,0.0010901
118,witum,<code>witum</code>,3,0.0010901
118,wordum,<code>wordum</code>,3,0.0010901
118,wunigende,<code>wunigende</code>,3,0.0010901
118,wurde,<code>wurde</code>,3,0.0010901
164,&aelig;fre,<code>&amp;ae;fre</code>,2,0.0007267
164,&aelig;rest,<code>&amp;ae;rest</code>,2,0.0007267
164,&aelig;tg&aelig;dere,<code>&amp;ae;tg&amp;ae;dere</code>,2,0.0007267
164,&eth;am,<code>&amp;d;am</code>,2,0.0007267
164,&eth;e,<code>&amp;d;e</code>,2,0.0007267
164,&eth;u,<code>&amp;d;u</code>,2,0.0007267
164,&thorn;eos,<code>&amp;t;eos</code>,2,0.0007267
164,&thorn;eostrum,<code>&amp;t;eostrum</code>,2,0.0007267
164,&thorn;ider,<code>&amp;t;ider</code>,2,0.0007267
164,&thorn;in,<code>&amp;t;in</code>,2,0.0007267
164,&thorn;ines,<code>&amp;t;ines</code>,2,0.0007267
164,&thorn;inum,<code>&amp;t;inum</code>,2,0.0007267
164,&thorn;rowian,<code>&amp;t;rowian</code>,2,0.0007267
164,&thorn;ysum,<code>&amp;t;ysum</code>,2,0.0007267
164,acwealde,<code>acwealde</code>,2,0.0007267
164,an,<code>an</code>,2,0.0007267
164,anticristes,<code>anticristes</code>,2,0.0007267
164,ardlice,<code>ardlice</code>,2,0.0007267
164,arn,<code>arn</code>,2,0.0007267
164,aweg,<code>aweg</code>,2,0.0007267
164,awende,<code>awende</code>,2,0.0007267
164,b&aelig;d,<code>b&amp;ae;d</code>,2,0.0007267
164,bealdlice,<code>bealdlice</code>,2,0.0007267
164,beo,<code>beo</code>,2,0.0007267
164,beo&eth;,<code>beo&amp;d;</code>,2,0.0007267
164,beon,<code>beon</code>,2,0.0007267
164,bidde,<code>bidde</code>,2,0.0007267
164,biggenga,<code>biggenga</code>,2,0.0007267
164,biggengan,<code>biggengan</code>,2,0.0007267
164,buton,<code>buton</code>,2,0.0007267
164,cempum,<code>cempum</code>,2,0.0007267
164,cl&aelig;num,<code>cl&amp;ae;num</code>,2,0.0007267
164,clypode,<code>clypode</code>,2,0.0007267
164,cneowum,<code>cneowum</code>,2,0.0007267
164,com,<code>com</code>,2,0.0007267
164,cristenan,<code>cristenan</code>,2,0.0007267
164,cristes,<code>cristes</code>,2,0.0007267
164,cu&eth;e,<code>cu&amp;d;e</code>,2,0.0007267
164,cu&thorn;e,<code>cu&amp;t;e</code>,2,0.0007267
164,cw&aelig;don,<code>cw&amp;ae;don</code>,2,0.0007267
164,cweartern,<code>cweartern</code>,2,0.0007267
164,dea&eth;,<code>dea&amp;d;</code>,2,0.0007267
164,deofles,<code>deofles</code>,2,0.0007267
164,do,<code>do</code>,2,0.0007267
164,don,<code>don</code>,2,0.0007267
164,drycr&aelig;fte,<code>drycr&amp;ae;fte</code>,2,0.0007267
164,eadiga,<code>eadiga</code>,2,0.0007267
164,eallum,<code>eallum</code>,2,0.0007267
164,ehtere,<code>ehtere</code>,2,0.0007267
164,ehtnys,<code>ehtnys</code>,2,0.0007267
164,endebyrdnysse,<code>endebyrdnysse</code>,2,0.0007267
164,eode,<code>eode</code>,2,0.0007267
164,eor&eth;an,<code>eor&amp;d;an</code>,2,0.0007267
164,eow,<code>eow</code>,2,0.0007267
164,folc,<code>folc</code>,2,0.0007267
164,for&eth;an&thorn;e,<code>for&amp;d;an&amp;t;e</code>,2,0.0007267
164,for&thorn;an&thorn;e,<code>for&amp;t;an&amp;t;e</code>,2,0.0007267
164,forl&aelig;tenum,<code>forl&amp;ae;tenum</code>,2,0.0007267
164,frynd,<code>frynd</code>,2,0.0007267
164,funde,<code>funde</code>,2,0.0007267
164,fyr,<code>fyr</code>,2,0.0007267
164,fyre,<code>fyre</code>,2,0.0007267
164,fyrste,<code>fyrste</code>,2,0.0007267
164,ge&thorn;ingie,<code>ge&amp;t;ingie</code>,2,0.0007267
164,gefremode,<code>gefremode</code>,2,0.0007267
164,gel&aelig;hte,<code>gel&amp;ae;hte</code>,2,0.0007267
164,gemartyrode,<code>gemartyrode</code>,2,0.0007267
164,gewylde,<code>gewylde</code>,2,0.0007267
164,godnysse,<code>godnysse</code>,2,0.0007267
164,golde,<code>golde</code>,2,0.0007267
164,graman,<code>graman</code>,2,0.0007267
164,halgum,<code>halgum</code>,2,0.0007267
164,handum,<code>handum</code>,2,0.0007267
164,heahgerefa,<code>heahgerefa</code>,2,0.0007267
164,hearde,<code>hearde</code>,2,0.0007267
164,heold,<code>heold</code>,2,0.0007267
164,hetelice,<code>hetelice</code>,2,0.0007267
164,hilaria,<code>hilaria</code>,2,0.0007267
164,hundseofontig,<code>hundseofontig</code>,2,0.0007267
164,hwilc,<code>hwilc</code>,2,0.0007267
164,hwilce,<code>hwilce</code>,2,0.0007267
164,in,<code>in</code>,2,0.0007267
164,inne,<code>inne</code>,2,0.0007267
164,into,<code>into</code>,2,0.0007267
164,l&aelig;dan,<code>l&amp;ae;dan</code>,2,0.0007267
164,l&aelig;t,<code>l&amp;ae;t</code>,2,0.0007267
164,lare,<code>lare</code>,2,0.0007267
164,leofode,<code>leofode</code>,2,0.0007267
164,leoht,<code>leoht</code>,2,0.0007267
164,leon,<code>leon</code>,2,0.0007267
164,m&aelig;dena,<code>m&amp;ae;dena</code>,2,0.0007267
164,m&aelig;g&eth;hade,<code>m&amp;ae;g&amp;d;hade</code>,2,0.0007267
164,magon,<code>magon</code>,2,0.0007267
164,manfullan,<code>manfullan</code>,2,0.0007267
164,micclan,<code>micclan</code>,2,0.0007267
164,migga,<code>migga</code>,2,0.0007267
164,miht,<code>miht</code>,2,0.0007267
164,mihtest,<code>mihtest</code>,2,0.0007267
164,minre,<code>minre</code>,2,0.0007267
164,mislicum,<code>mislicum</code>,2,0.0007267
164,mod,<code>mod</code>,2,0.0007267
164,mycel,<code>mycel</code>,2,0.0007267
164,na,<code>na</code>,2,0.0007267
164,nis,<code>nis</code>,2,0.0007267
164,noldon,<code>noldon</code>,2,0.0007267
164,o&eth;,<code>o&amp;d;</code>,2,0.0007267
164,o&thorn;er,<code>o&amp;t;er</code>,2,0.0007267
164,ongean,<code>ongean</code>,2,0.0007267
164,orm&aelig;tan,<code>orm&amp;ae;tan</code>,2,0.0007267
164,plegan,<code>plegan</code>,2,0.0007267
164,polemius,<code>polemius</code>,2,0.0007267
164,romaniscan,<code>romaniscan</code>,2,0.0007267
164,rome,<code>rome</code>,2,0.0007267
164,s&aelig;de,<code>s&amp;ae;de</code>,2,0.0007267
164,sanda,<code>sanda</code>,2,0.0007267
164,scincr&aelig;ft,<code>scincr&amp;ae;ft</code>,2,0.0007267
164,so&thorn;an,<code>so&amp;t;an</code>,2,0.0007267
164,spr&aelig;ce,<code>spr&amp;ae;ce</code>,2,0.0007267
164,sunnan,<code>sunnan</code>,2,0.0007267
164,swi&eth;e,<code>swi&amp;d;e</code>,2,0.0007267
164,swuran,<code>swuran</code>,2,0.0007267
164,sy&eth;&eth;an,<code>sy&amp;d;&amp;d;an</code>,2,0.0007267
164,synscipe,<code>synscipe</code>,2,0.0007267
164,tihte,<code>tihte</code>,2,0.0007267
164,tocnawan,<code>tocnawan</code>,2,0.0007267
164,toslupon,<code>toslupon</code>,2,0.0007267
164,twegen,<code>twegen</code>,2,0.0007267
164,ungeleaffullan,<code>ungeleaffullan</code>,2,0.0007267
164,wendon,<code>wendon</code>,2,0.0007267
164,wi&eth;,<code>wi&amp;d;</code>,2,0.0007267
164,wi&eth;utan,<code>wi&amp;d;utan</code>,2,0.0007267
164,willan,<code>willan</code>,2,0.0007267
164,wlitig,<code>wlitig</code>,2,0.0007267
164,wodlican,<code>wodlican</code>,2,0.0007267
164,wunigenne,<code>wunigenne</code>,2,0.0007267
164,wunodon,<code>wunodon</code>,2,0.0007267
164,wur&eth;e,<code>wur&amp;d;e</code>,2,0.0007267
301,&aelig;&eth;elboren,<code>&amp;ae;&amp;d;elboren</code>,1,0.0003634
301,&aelig;&thorn;elborenre,<code>&amp;ae;&amp;t;elborenre</code>,1,0.0003634
301,&aelig;fen,<code>&amp;ae;fen</code>,1,0.0003634
301,&aelig;gipta,<code>&amp;ae;gipta</code>,1,0.0003634
301,&aelig;hta,<code>&amp;ae;hta</code>,1,0.0003634
301,&aelig;lcne,<code>&amp;ae;lcne</code>,1,0.0003634
301,&aelig;lcum,<code>&amp;ae;lcum</code>,1,0.0003634
301,&aelig;nig,<code>&amp;ae;nig</code>,1,0.0003634
301,&aelig;nige,<code>&amp;ae;nige</code>,1,0.0003634
301,&aelig;r,<code>&amp;ae;r</code>,1,0.0003634
301,&aelig;r&thorn;an&thorn;e,<code>&amp;ae;r&amp;t;an&amp;t;e</code>,1,0.0003634
301,&aelig;teowigende,<code>&amp;ae;teowigende</code>,1,0.0003634
301,&aelig;tforan,<code>&amp;ae;tforan</code>,1,0.0003634
301,&aelig;ton,<code>&amp;ae;ton</code>,1,0.0003634
301,&thorn;&aelig;ron,<code>&amp;t;&amp;ae;ron</code>,1,0.0003634
301,&thorn;&aelig;rto,<code>&amp;t;&amp;ae;rto</code>,1,0.0003634
301,&thorn;earf,<code>&amp;t;earf</code>,1,0.0003634
301,&thorn;earft,<code>&amp;t;earft</code>,1,0.0003634
301,&thorn;earle,<code>&amp;t;earle</code>,1,0.0003634
301,&thorn;eostra,<code>&amp;t;eostra</code>,1,0.0003634
301,&thorn;es,<code>&amp;t;es</code>,1,0.0003634
301,&thorn;ine,<code>&amp;t;ine</code>,1,0.0003634
301,&thorn;ing,<code>&amp;t;ing</code>,1,0.0003634
301,&thorn;ingr&aelig;dene,<code>&amp;t;ingr&amp;ae;dene</code>,1,0.0003634
301,&thorn;inne,<code>&amp;t;inne</code>,1,0.0003634
301,&thorn;rexe,<code>&amp;t;rexe</code>,1,0.0003634
301,&thorn;yllic,<code>&amp;t;yllic</code>,1,0.0003634
301,&thorn;yllicum,<code>&amp;t;yllicum</code>,1,0.0003634
301,a,<code>a</code>,1,0.0003634
301,abat,<code>abat</code>,1,0.0003634
301,abutan,<code>abutan</code>,1,0.0003634
301,acweald,<code>acweald</code>,1,0.0003634
301,acwele,<code>acwele</code>,1,0.0003634
301,acwellan,<code>acwellan</code>,1,0.0003634
301,acwuncon,<code>acwuncon</code>,1,0.0003634
301,adelan,<code>adelan</code>,1,0.0003634
301,adune,<code>adune</code>,1,0.0003634
301,afunde,<code>afunde</code>,1,0.0003634
301,afyllan,<code>afyllan</code>,1,0.0003634
301,afylled,<code>afylled</code>,1,0.0003634
301,afyllede,<code>afyllede</code>,1,0.0003634
301,afyrht,<code>afyrht</code>,1,0.0003634
301,ageafon,<code>ageafon</code>,1,0.0003634
301,agen,<code>agen</code>,1,0.0003634
301,agenes,<code>agenes</code>,1,0.0003634
301,aheardian,<code>aheardian</code>,1,0.0003634
301,ahebban,<code>ahebban</code>,1,0.0003634
301,ahret,<code>ahret</code>,1,0.0003634
301,aidlian,<code>aidlian</code>,1,0.0003634
301,aidlige,<code>aidlige</code>,1,0.0003634
301,al&aelig;t,<code>al&amp;ae;t</code>,1,0.0003634
301,alede,<code>alede</code>,1,0.0003634
301,alexandrian,<code>alexandrian</code>,1,0.0003634
301,alotenum,<code>alotenum</code>,1,0.0003634
301,amen,<code>amen</code>,1,0.0003634
301,an&thorn;r&aelig;ce,<code>an&amp;t;r&amp;ae;ce</code>,1,0.0003634
301,andette,<code>andette</code>,1,0.0003634
301,andgite,<code>andgite</code>,1,0.0003634
301,andgitlease,<code>andgitlease</code>,1,0.0003634
301,andwerd,<code>andwerd</code>,1,0.0003634
301,anginne,<code>anginne</code>,1,0.0003634
301,angsumnys,<code>angsumnys</code>,1,0.0003634
301,anr&aelig;dan,<code>anr&amp;ae;dan</code>,1,0.0003634
301,anr&aelig;de,<code>anr&amp;ae;de</code>,1,0.0003634
301,anr&aelig;dlice,<code>anr&amp;ae;dlice</code>,1,0.0003634
301,anre,<code>anre</code>,1,0.0003634
301,antecrist,<code>antecrist</code>,1,0.0003634
301,ar&aelig;rde,<code>ar&amp;ae;rde</code>,1,0.0003634
301,arleasan,<code>arleasan</code>,1,0.0003634
301,arleasum,<code>arleasum</code>,1,0.0003634
301,arwur&eth;a&eth;,<code>arwur&amp;d;a&amp;d;</code>,1,0.0003634
301,arwur&eth;igende,<code>arwur&amp;d;igende</code>,1,0.0003634
301,arwur&eth;ne,<code>arwur&amp;d;ne</code>,1,0.0003634
301,arwur&thorn;an,<code>arwur&amp;t;an</code>,1,0.0003634
301,astr&aelig;htum,<code>astr&amp;ae;htum</code>,1,0.0003634
301,astreccan,<code>astreccan</code>,1,0.0003634
301,astyrodon,<code>astyrodon</code>,1,0.0003634
301,atelice,<code>atelice</code>,1,0.0003634
301,ateoria&eth;,<code>ateoria&amp;d;</code>,1,0.0003634
301,awegan,<code>awegan</code>,1,0.0003634
301,awend,<code>awend</code>,1,0.0003634
301,awenda&thorn;,<code>awenda&amp;t;</code>,1,0.0003634
301,awendon,<code>awendon</code>,1,0.0003634
301,awr&aelig;ccan,<code>awr&amp;ae;ccan</code>,1,0.0003634
301,awreccan,<code>awreccan</code>,1,0.0003634
301,awritene,<code>awritene</code>,1,0.0003634
301,awriton,<code>awriton</code>,1,0.0003634
301,awurpe,<code>awurpe</code>,1,0.0003634
301,axian,<code>axian</code>,1,0.0003634
301,axienne,<code>axienne</code>,1,0.0003634
301,axode,<code>axode</code>,1,0.0003634
301,b&aelig;rnan,<code>b&amp;ae;rnan</code>,1,0.0003634
301,bebyrigde,<code>bebyrigde</code>,1,0.0003634
301,becom,<code>becom</code>,1,0.0003634
301,becomon,<code>becomon</code>,1,0.0003634
301,bedydrigenne,<code>bedydrigenne</code>,1,0.0003634
301,bef&aelig;ste,<code>bef&amp;ae;ste</code>,1,0.0003634
301,beguton,<code>beguton</code>,1,0.0003634
301,beheafdian,<code>beheafdian</code>,1,0.0003634
301,behyldon,<code>behyldon</code>,1,0.0003634
301,beleac,<code>beleac</code>,1,0.0003634
301,beodan,<code>beodan</code>,1,0.0003634
301,beseah,<code>beseah</code>,1,0.0003634
301,besywodon,<code>besywodon</code>,1,0.0003634
301,bet&aelig;ht,<code>bet&amp;ae;ht</code>,1,0.0003634
301,beteran,<code>beteran</code>,1,0.0003634
301,betwux,<code>betwux</code>,1,0.0003634
301,beweop,<code>beweop</code>,1,0.0003634
301,bewiste,<code>bewiste</code>,1,0.0003634
301,bewurpan,<code>bewurpan</code>,1,0.0003634
301,biddan,<code>biddan</code>,1,0.0003634
301,biddende,<code>biddende</code>,1,0.0003634
301,bigdon,<code>bigdon</code>,1,0.0003634
301,biggengum,<code>biggengum</code>,1,0.0003634
301,bigleofan,<code>bigleofan</code>,1,0.0003634
301,bilewitan,<code>bilewitan</code>,1,0.0003634
301,bist,<code>bist</code>,1,0.0003634
301,blindum,<code>blindum</code>,1,0.0003634
301,bocum,<code>bocum</code>,1,0.0003634
301,boda&eth;,<code>boda&amp;d;</code>,1,0.0003634
301,bodige,<code>bodige</code>,1,0.0003634
301,bodigenne,<code>bodigenne</code>,1,0.0003634
301,br&aelig;&eth;,<code>br&amp;ae;&amp;d;</code>,1,0.0003634
301,brohte,<code>brohte</code>,1,0.0003634
301,brydguman,<code>brydguman</code>,1,0.0003634
301,bundon,<code>bundon</code>,1,0.0003634
301,bur,<code>bur</code>,1,0.0003634
301,butu,<code>butu</code>,1,0.0003634
301,bysmore,<code>bysmore</code>,1,0.0003634
301,bysmrigende,<code>bysmrigende</code>,1,0.0003634
301,candela,<code>candela</code>,1,0.0003634
301,candelum,<code>candelum</code>,1,0.0003634
301,canst,<code>canst</code>,1,0.0003634
301,celerinus,<code>celerinus</code>,1,0.0003634
301,chaldeiscan,<code>chaldeiscan</code>,1,0.0003634
301,chrisanti,<code>chrisanti</code>,1,0.0003634
301,chrisantum,<code>chrisantum</code>,1,0.0003634
301,chrisantus,<code>chrisantus</code>,1,0.0003634
301,cl&aelig;nlice,<code>cl&amp;ae;nlice</code>,1,0.0003634
301,cl&aelig;nnyse,<code>cl&amp;ae;nnyse</code>,1,0.0003634
301,claudies,<code>claudies</code>,1,0.0003634
301,claudio,<code>claudio</code>,1,0.0003634
301,claudium,<code>claudium</code>,1,0.0003634
301,clyf,<code>clyf</code>,1,0.0003634
301,clypigende,<code>clypigende</code>,1,0.0003634
301,clypodon,<code>clypodon</code>,1,0.0003634
301,cnapa,<code>cnapa</code>,1,0.0003634
301,cnihtas,<code>cnihtas</code>,1,0.0003634
301,cnihtes,<code>cnihtes</code>,1,0.0003634
301,cossas,<code>cossas</code>,1,0.0003634
301,cr&aelig;ft,<code>cr&amp;ae;ft</code>,1,0.0003634
301,cr&aelig;ftas,<code>cr&amp;ae;ftas</code>,1,0.0003634
301,cr&aelig;fte,<code>cr&amp;ae;fte</code>,1,0.0003634
301,cr&aelig;ftig,<code>cr&amp;ae;ftig</code>,1,0.0003634
301,cr&aelig;ftum,<code>cr&amp;ae;ftum</code>,1,0.0003634
301,crisante,<code>crisante</code>,1,0.0003634
301,crisantes,<code>crisantes</code>,1,0.0003634
301,cristen,<code>cristen</code>,1,0.0003634
301,cristendom,<code>cristendom</code>,1,0.0003634
301,cristendome,<code>cristendome</code>,1,0.0003634
301,cristene,<code>cristene</code>,1,0.0003634
301,cristenen,<code>cristenen</code>,1,0.0003634
301,cristenra,<code>cristenra</code>,1,0.0003634
301,cristenum,<code>cristenum</code>,1,0.0003634
301,cu&eth;,<code>cu&amp;d;</code>,1,0.0003634
301,cu&thorn;,<code>cu&amp;t;</code>,1,0.0003634
301,cu&thorn;est,<code>cu&amp;t;est</code>,1,0.0003634
301,cuce,<code>cuce</code>,1,0.0003634
301,cucenne,<code>cucenne</code>,1,0.0003634
301,cucu,<code>cucu</code>,1,0.0003634
301,cume,<code>cume</code>,1,0.0003634
301,cwale,<code>cwale</code>,1,0.0003634
301,cwelleras,<code>cwelleras</code>,1,0.0003634
301,cy&eth;ende,<code>cy&amp;d;ende</code>,1,0.0003634
301,cyddon,<code>cyddon</code>,1,0.0003634
301,cym&eth;,<code>cym&amp;d;</code>,1,0.0003634
301,cyrre,<code>cyrre</code>,1,0.0003634
301,d&aelig;ftan,<code>d&amp;ae;ftan</code>,1,0.0003634
301,d&aelig;g,<code>d&amp;ae;g</code>,1,0.0003634
301,d&aelig;ges,<code>d&amp;ae;ges</code>,1,0.0003634
301,dagum,<code>dagum</code>,1,0.0003634
301,dari&aelig;,<code>dari&amp;ae;</code>,1,0.0003634
301,de&thorn;,<code>de&amp;t;</code>,1,0.0003634
301,dead,<code>dead</code>,1,0.0003634
301,decembr,<code>decembr</code>,1,0.0003634
301,dema,<code>dema</code>,1,0.0003634
301,deman,<code>deman</code>,1,0.0003634
301,deoflicra,<code>deoflicra</code>,1,0.0003634
301,deofol,<code>deofol</code>,1,0.0003634
301,deor,<code>deor</code>,1,0.0003634
301,deorwur&eth;um,<code>deorwur&amp;d;um</code>,1,0.0003634
301,dera&eth;,<code>dera&amp;d;</code>,1,0.0003634
301,derian,<code>derian</code>,1,0.0003634
301,derige,<code>derige</code>,1,0.0003634
301,dest,<code>dest</code>,1,0.0003634
301,drencas,<code>drencas</code>,1,0.0003634
301,drihtne,<code>drihtne</code>,1,0.0003634
301,drohtnunge,<code>drohtnunge</code>,1,0.0003634
301,drymen,<code>drymen</code>,1,0.0003634
301,dura,<code>dura</code>,1,0.0003634
301,duru,<code>duru</code>,1,0.0003634
301,duste,<code>duste</code>,1,0.0003634
301,dweligenne,<code>dweligenne</code>,1,0.0003634
301,dydon,<code>dydon</code>,1,0.0003634
301,ea&thorn;elice,<code>ea&amp;t;elice</code>,1,0.0003634
301,eadmodlice,<code>eadmodlice</code>,1,0.0003634
301,eala,<code>eala</code>,1,0.0003634
301,ealdre,<code>ealdre</code>,1,0.0003634
301,ealdum,<code>ealdum</code>,1,0.0003634
301,eall,<code>eall</code>,1,0.0003634
301,ealswa,<code>ealswa</code>,1,0.0003634
301,earfo&eth;um,<code>earfo&amp;d;um</code>,1,0.0003634
301,earfo&thorn;re,<code>earfo&amp;t;re</code>,1,0.0003634
301,earmincg,<code>earmincg</code>,1,0.0003634
301,eart,<code>eart</code>,1,0.0003634
301,ecan,<code>ecan</code>,1,0.0003634
301,ece,<code>ece</code>,1,0.0003634
301,efne,<code>efne</code>,1,0.0003634
301,efsta&eth;,<code>efsta&amp;d;</code>,1,0.0003634
301,efston,<code>efston</code>,1,0.0003634
301,efter,<code>efter</code>,1,0.0003634
301,eftmettas,<code>eftmettas</code>,1,0.0003634
301,ege,<code>ege</code>,1,0.0003634
301,ehtnyssum,<code>ehtnyssum</code>,1,0.0003634
301,eivs,<code>eivs</code>,1,0.0003634
301,ende,<code>ende</code>,1,0.0003634
301,ente,<code>ente</code>,1,0.0003634
301,eodon,<code>eodon</code>,1,0.0003634
301,eor&thorn;an,<code>eor&amp;t;an</code>,1,0.0003634
301,eower,<code>eower</code>,1,0.0003634
301,eowre,<code>eowre</code>,1,0.0003634
301,ercule,<code>ercule</code>,1,0.0003634
301,estas,<code>estas</code>,1,0.0003634
301,et,<code>et</code>,1,0.0003634
301,f&aelig;&eth;era,<code>f&amp;ae;&amp;d;era</code>,1,0.0003634
301,f&aelig;geran,<code>f&amp;ae;geran</code>,1,0.0003634
301,f&aelig;gerum,<code>f&amp;ae;gerum</code>,1,0.0003634
301,f&aelig;gnast,<code>f&amp;ae;gnast</code>,1,0.0003634
301,f&aelig;gnode,<code>f&amp;ae;gnode</code>,1,0.0003634
301,f&aelig;ste,<code>f&amp;ae;ste</code>,1,0.0003634
301,f&aelig;stne,<code>f&amp;ae;stne</code>,1,0.0003634
301,feccan,<code>feccan</code>,1,0.0003634
301,feollon,<code>feollon</code>,1,0.0003634
301,feondlica,<code>feondlica</code>,1,0.0003634
301,feondlicne,<code>feondlicne</code>,1,0.0003634
301,ferdon,<code>ferdon</code>,1,0.0003634
301,fet,<code>fet</code>,1,0.0003634
301,fif,<code>fif</code>,1,0.0003634
301,folces,<code>folces</code>,1,0.0003634
301,for&eth;am&thorn;e,<code>for&amp;d;am&amp;t;e</code>,1,0.0003634
301,forb&aelig;rnan,<code>forb&amp;ae;rnan</code>,1,0.0003634
301,forb&aelig;rnde,<code>forb&amp;ae;rnde</code>,1,0.0003634
301,forbeah,<code>forbeah</code>,1,0.0003634
301,forde&eth;,<code>forde&amp;d;</code>,1,0.0003634
301,fordest,<code>fordest</code>,1,0.0003634
301,fores&aelig;dan,<code>fores&amp;ae;dan</code>,1,0.0003634
301,forgitan,<code>forgitan</code>,1,0.0003634
301,forhtode,<code>forhtode</code>,1,0.0003634
301,forl&aelig;te,<code>forl&amp;ae;te</code>,1,0.0003634
301,forl&aelig;ton,<code>forl&amp;ae;ton</code>,1,0.0003634
301,forleosan,<code>forleosan</code>,1,0.0003634
301,forlet,<code>forlet</code>,1,0.0003634
301,forligre,<code>forligre</code>,1,0.0003634
301,fornumen,<code>fornumen</code>,1,0.0003634
301,foroft,<code>foroft</code>,1,0.0003634
301,forscruncon,<code>forscruncon</code>,1,0.0003634
301,forscyldegoda,<code>forscyldegoda</code>,1,0.0003634
301,forseah,<code>forseah</code>,1,0.0003634
301,forstod,<code>forstod</code>,1,0.0003634
301,fotcops,<code>fotcops</code>,1,0.0003634
301,fotcopsum,<code>fotcopsum</code>,1,0.0003634
301,fotum,<code>fotum</code>,1,0.0003634
301,frefrode,<code>frefrode</code>,1,0.0003634
301,frema&eth;,<code>frema&amp;d;</code>,1,0.0003634
301,freolice,<code>freolice</code>,1,0.0003634
301,freondum,<code>freondum</code>,1,0.0003634
301,fulan,<code>fulan</code>,1,0.0003634
301,fullan,<code>fullan</code>,1,0.0003634
301,fullice,<code>fullice</code>,1,0.0003634
301,fulluht,<code>fulluht</code>,1,0.0003634
301,fulluhte,<code>fulluhte</code>,1,0.0003634
301,fullum,<code>fullum</code>,1,0.0003634
301,fylste,<code>fylste</code>,1,0.0003634
301,fyrlenum,<code>fyrlenum</code>,1,0.0003634
301,fyrmestan,<code>fyrmestan</code>,1,0.0003634
301,gamene,<code>gamene</code>,1,0.0003634
301,gang,<code>gang</code>,1,0.0003634
301,gastas,<code>gastas</code>,1,0.0003634
301,ge&thorn;anc,<code>ge&amp;t;anc</code>,1,0.0003634
301,ge&thorn;ogen,<code>ge&amp;t;ogen</code>,1,0.0003634
301,gebealh,<code>gebealh</code>,1,0.0003634
301,gebicgan,<code>gebicgan</code>,1,0.0003634
301,gebiddan,<code>gebiddan</code>,1,0.0003634
301,gebigde,<code>gebigde</code>,1,0.0003634
301,geborene,<code>geborene</code>,1,0.0003634
301,gebroht,<code>gebroht</code>,1,0.0003634
301,gebrohte,<code>gebrohte</code>,1,0.0003634
301,gebugon,<code>gebugon</code>,1,0.0003634
301,gebunden,<code>gebunden</code>,1,0.0003634
301,gebundene,<code>gebundene</code>,1,0.0003634
301,gebundon,<code>gebundon</code>,1,0.0003634
301,gebysnunge,<code>gebysnunge</code>,1,0.0003634
301,geceas,<code>geceas</code>,1,0.0003634
301,gecnytte,<code>gecnytte</code>,1,0.0003634
301,gecweme,<code>gecweme</code>,1,0.0003634
301,gecyd,<code>gecyd</code>,1,0.0003634
301,gecyrdon,<code>gecyrdon</code>,1,0.0003634
301,gedwimorum,<code>gedwimorum</code>,1,0.0003634
301,gedwylde,<code>gedwylde</code>,1,0.0003634
301,gef&aelig;stnode,<code>gef&amp;ae;stnode</code>,1,0.0003634
301,gef&aelig;stnodon,<code>gef&amp;ae;stnodon</code>,1,0.0003634
301,gefeng,<code>gefeng</code>,1,0.0003634
301,gefremast,<code>gefremast</code>,1,0.0003634
301,gefremodon,<code>gefremodon</code>,1,0.0003634
301,gefretewod,<code>gefretewod</code>,1,0.0003634
301,gefullod,<code>gefullod</code>,1,0.0003634
301,geglengdest,<code>geglengdest</code>,1,0.0003634
301,geglenged,<code>geglenged</code>,1,0.0003634
301,gegremod,<code>gegremod</code>,1,0.0003634
301,geh&aelig;ft,<code>geh&amp;ae;ft</code>,1,0.0003634
301,geh&aelig;ftan,<code>geh&amp;ae;ftan</code>,1,0.0003634
301,gehealda&eth;,<code>gehealda&amp;d;</code>,1,0.0003634
301,gehealdenne,<code>gehealdenne</code>,1,0.0003634
301,gehealdenre,<code>gehealdenre</code>,1,0.0003634
301,gehelpan,<code>gehelpan</code>,1,0.0003634
301,geheolde,<code>geheolde</code>,1,0.0003634
301,gehiwodum,<code>gehiwodum</code>,1,0.0003634
301,gehnexode,<code>gehnexode</code>,1,0.0003634
301,gehwilcum,<code>gehwilcum</code>,1,0.0003634
301,gehyra&eth;,<code>gehyra&amp;d;</code>,1,0.0003634
301,gel&aelig;ht,<code>gel&amp;ae;ht</code>,1,0.0003634
301,gel&aelig;redum,<code>gel&amp;ae;redum</code>,1,0.0003634
301,gelamp,<code>gelamp</code>,1,0.0003634
301,geleaffullan,<code>geleaffullan</code>,1,0.0003634
301,geleaffulle,<code>geleaffulle</code>,1,0.0003634
301,geleornod,<code>geleornod</code>,1,0.0003634
301,gelette,<code>gelette</code>,1,0.0003634
301,gelyfa&eth;,<code>gelyfa&amp;d;</code>,1,0.0003634
301,gelyfan,<code>gelyfan</code>,1,0.0003634
301,gelyfde,<code>gelyfde</code>,1,0.0003634
301,gelyfdon,<code>gelyfdon</code>,1,0.0003634
301,gelyfe,<code>gelyfe</code>,1,0.0003634
301,gelyfenne,<code>gelyfenne</code>,1,0.0003634
301,gemartyrod,<code>gemartyrod</code>,1,0.0003634
301,geniman,<code>geniman</code>,1,0.0003634
301,geoffrian,<code>geoffrian</code>,1,0.0003634
301,geornlice,<code>geornlice</code>,1,0.0003634
301,gerefa,<code>gerefa</code>,1,0.0003634
301,ges&aelig;d,<code>ges&amp;ae;d</code>,1,0.0003634
301,gesceadwisa,<code>gesceadwisa</code>,1,0.0003634
301,gescylde,<code>gescylde</code>,1,0.0003634
301,geseah,<code>geseah</code>,1,0.0003634
301,geseo&thorn;,<code>geseo&amp;t;</code>,1,0.0003634
301,gesettan,<code>gesettan</code>,1,0.0003634
301,gesih&eth;e,<code>gesih&amp;d;e</code>,1,0.0003634
301,gesohte,<code>gesohte</code>,1,0.0003634
301,gespr&aelig;ce,<code>gespr&amp;ae;ce</code>,1,0.0003634
301,gestillan,<code>gestillan</code>,1,0.0003634
301,gestodon,<code>gestodon</code>,1,0.0003634
301,gestrangode,<code>gestrangode</code>,1,0.0003634
301,gesund,<code>gesund</code>,1,0.0003634
301,gesw&aelig;sum,<code>gesw&amp;ae;sum</code>,1,0.0003634
301,geswencednyssa,<code>geswencednyssa</code>,1,0.0003634
301,geswenctan,<code>geswenctan</code>,1,0.0003634
301,getogen,<code>getogen</code>,1,0.0003634
301,gewat,<code>gewat</code>,1,0.0003634
301,gewear&eth;,<code>gewear&amp;d;</code>,1,0.0003634
301,geweman,<code>geweman</code>,1,0.0003634
301,gewemde,<code>gewemde</code>,1,0.0003634
301,gewende,<code>gewende</code>,1,0.0003634
301,geweold,<code>geweold</code>,1,0.0003634
301,gewinne,<code>gewinne</code>,1,0.0003634
301,gewitnian,<code>gewitnian</code>,1,0.0003634
301,gewrehte,<code>gewrehte</code>,1,0.0003634
301,gewur&eth;ode,<code>gewur&amp;d;ode</code>,1,0.0003634
301,gewyld,<code>gewyld</code>,1,0.0003634
301,gewyldan,<code>gewyldan</code>,1,0.0003634
301,git,<code>git</code>,1,0.0003634
301,gleawum,<code>gleawum</code>,1,0.0003634
301,goda,<code>goda</code>,1,0.0003634
301,godcundre,<code>godcundre</code>,1,0.0003634
301,godspel,<code>godspel</code>,1,0.0003634
301,godspelle,<code>godspelle</code>,1,0.0003634
301,goldhord,<code>goldhord</code>,1,0.0003634
301,gramlica,<code>gramlica</code>,1,0.0003634
301,gramlicum,<code>gramlicum</code>,1,0.0003634
301,grammatican,<code>grammatican</code>,1,0.0003634
301,greatum,<code>greatum</code>,1,0.0003634
301,gymstanum,<code>gymstanum</code>,1,0.0003634
301,gyrda,<code>gyrda</code>,1,0.0003634
301,gyrdum,<code>gyrdum</code>,1,0.0003634
301,h&aelig;&eth;ena,<code>h&amp;ae;&amp;d;ena</code>,1,0.0003634
301,h&aelig;&eth;enscipe,<code>h&amp;ae;&amp;d;enscipe</code>,1,0.0003634
301,h&aelig;&thorn;enan,<code>h&amp;ae;&amp;t;enan</code>,1,0.0003634
301,h&aelig;&thorn;ene,<code>h&amp;ae;&amp;t;ene</code>,1,0.0003634
301,h&aelig;&thorn;engilda,<code>h&amp;ae;&amp;t;engilda</code>,1,0.0003634
301,h&aelig;lendes,<code>h&amp;ae;lendes</code>,1,0.0003634
301,h&aelig;tan,<code>h&amp;ae;tan</code>,1,0.0003634
301,halga,<code>halga</code>,1,0.0003634
301,halige,<code>halige</code>,1,0.0003634
301,halignyss,<code>halignyss</code>,1,0.0003634
301,halsige,<code>halsige</code>,1,0.0003634
301,handa,<code>handa</code>,1,0.0003634
301,hande,<code>hande</code>,1,0.0003634
301,hatan,<code>hatan</code>,1,0.0003634
301,heafde,<code>heafde</code>,1,0.0003634
301,heafdes,<code>heafdes</code>,1,0.0003634
301,heahgerefan,<code>heahgerefan</code>,1,0.0003634
301,healdan,<code>healdan</code>,1,0.0003634
301,heardne,<code>heardne</code>,1,0.0003634
301,heardum,<code>heardum</code>,1,0.0003634
301,hengen,<code>hengen</code>,1,0.0003634
301,hengene,<code>hengene</code>,1,0.0003634
301,heolde,<code>heolde</code>,1,0.0003634
301,heonan,<code>heonan</code>,1,0.0003634
301,heonon,<code>heonon</code>,1,0.0003634
301,herunge,<code>herunge</code>,1,0.0003634
301,hetan,<code>hetan</code>,1,0.0003634
301,hetelan,<code>hetelan</code>,1,0.0003634
301,hlystan,<code>hlystan</code>,1,0.0003634
301,hnexodon,<code>hnexodon</code>,1,0.0003634
301,hostige,<code>hostige</code>,1,0.0003634
301,hra&eth;e,<code>hra&amp;d;e</code>,1,0.0003634
301,hrepode,<code>hrepode</code>,1,0.0003634
301,hrymdon,<code>hrymdon</code>,1,0.0003634
301,hundseofontigum,<code>hundseofontigum</code>,1,0.0003634
301,huru,<code>huru</code>,1,0.0003634
301,huse,<code>huse</code>,1,0.0003634
301,hw&aelig;&eth;er,<code>hw&amp;ae;&amp;d;er</code>,1,0.0003634
301,hwa,<code>hwa</code>,1,0.0003634
301,hwylc,<code>hwylc</code>,1,0.0003634
301,hyd,<code>hyd</code>,1,0.0003634
301,hyde,<code>hyde</code>,1,0.0003634
301,idel,<code>idel</code>,1,0.0003634
301,iii,<code>iii</code>,1,0.0003634
301,ineodon,<code>ineodon</code>,1,0.0003634
301,ingange,<code>ingange</code>,1,0.0003634
301,iosepes,<code>iosepes</code>,1,0.0003634
301,iouis,<code>iouis</code>,1,0.0003634
301,isene,<code>isene</code>,1,0.0003634
301,kal,<code>kal</code>,1,0.0003634
301,kasere,<code>kasere</code>,1,0.0003634
301,kaseres,<code>kaseres</code>,1,0.0003634
301,l&aelig;ddon,<code>l&amp;ae;ddon</code>,1,0.0003634
301,l&aelig;rde,<code>l&amp;ae;rde</code>,1,0.0003634
301,lagon,<code>lagon</code>,1,0.0003634
301,lande,<code>lande</code>,1,0.0003634
301,langsum,<code>langsum</code>,1,0.0003634
301,lareowe,<code>lareowe</code>,1,0.0003634
301,leade,<code>leade</code>,1,0.0003634
301,leasum,<code>leasum</code>,1,0.0003634
301,ledon,<code>ledon</code>,1,0.0003634
301,leng,<code>leng</code>,1,0.0003634
301,leoda,<code>leoda</code>,1,0.0003634
301,leofodon,<code>leofodon</code>,1,0.0003634
301,leohtfatum,<code>leohtfatum</code>,1,0.0003634
301,leohtleasum,<code>leohtleasum</code>,1,0.0003634
301,leohtum,<code>leohtum</code>,1,0.0003634
301,leona,<code>leona</code>,1,0.0003634
301,leornodon,<code>leornodon</code>,1,0.0003634
301,lice,<code>lice</code>,1,0.0003634
301,licgan,<code>licgan</code>,1,0.0003634
301,lichaman,<code>lichaman</code>,1,0.0003634
301,lifigendan,<code>lifigendan</code>,1,0.0003634
301,limum,<code>limum</code>,1,0.0003634
301,lof,<code>lof</code>,1,0.0003634
301,losige,<code>losige</code>,1,0.0003634
301,lufode,<code>lufode</code>,1,0.0003634
301,lufodest,<code>lufodest</code>,1,0.0003634
301,lufodon,<code>lufodon</code>,1,0.0003634
301,lustum,<code>lustum</code>,1,0.0003634
301,lytelne,<code>lytelne</code>,1,0.0003634
301,lytlan,<code>lytlan</code>,1,0.0003634
301,m&aelig;denu,<code>m&amp;ae;denu</code>,1,0.0003634
301,m&aelig;g&eth;e,<code>m&amp;ae;g&amp;d;e</code>,1,0.0003634
301,m&aelig;r&eth;,<code>m&amp;ae;r&amp;d;</code>,1,0.0003634
301,m&aelig;rsast,<code>m&amp;ae;rsast</code>,1,0.0003634
301,m&aelig;ssepreost,<code>m&amp;ae;ssepreost</code>,1,0.0003634
301,maca&thorn;,<code>maca&amp;t;</code>,1,0.0003634
301,maga,<code>maga</code>,1,0.0003634
301,magas,<code>magas</code>,1,0.0003634
301,mage,<code>mage</code>,1,0.0003634
301,manfulla,<code>manfulla</code>,1,0.0003634
301,manigum,<code>manigum</code>,1,0.0003634
301,manslihtas,<code>manslihtas</code>,1,0.0003634
301,martyrdome,<code>martyrdome</code>,1,0.0003634
301,maurus,<code>maurus</code>,1,0.0003634
301,micel,<code>micel</code>,1,0.0003634
301,micele,<code>micele</code>,1,0.0003634
301,mid&thorn;am&thorn;e,<code>mid&amp;t;am&amp;t;e</code>,1,0.0003634
301,miggan,<code>miggan</code>,1,0.0003634
301,mihtige,<code>mihtige</code>,1,0.0003634
301,mihton,<code>mihton</code>,1,0.0003634
301,mine,<code>mine</code>,1,0.0003634
301,minum,<code>minum</code>,1,0.0003634
301,mor&eth;cr&aelig;fte,<code>mor&amp;d;cr&amp;ae;fte</code>,1,0.0003634
301,mor&eth;d&aelig;da,<code>mor&amp;d;d&amp;ae;da</code>,1,0.0003634
301,most,<code>most</code>,1,0.0003634
301,moste,<code>moste</code>,1,0.0003634
301,moston,<code>moston</code>,1,0.0003634
301,moton,<code>moton</code>,1,0.0003634
301,myltestrena,<code>myltestrena</code>,1,0.0003634
301,n&aelig;fre,<code>n&amp;ae;fre</code>,1,0.0003634
301,n&aelig;nne,<code>n&amp;ae;nne</code>,1,0.0003634
301,nacodum,<code>nacodum</code>,1,0.0003634
301,nason,<code>nason</code>,1,0.0003634
301,nat,<code>nat</code>,1,0.0003634
301,nehgeburas,<code>nehgeburas</code>,1,0.0003634
301,nella&eth;,<code>nella&amp;d;</code>,1,0.0003634
301,nelle,<code>nelle</code>,1,0.0003634
301,neod,<code>neod</code>,1,0.0003634
301,nextan,<code>nextan</code>,1,0.0003634
301,niman,<code>niman</code>,1,0.0003634
301,nys,<code>nys</code>,1,0.0003634
301,nyston,<code>nyston</code>,1,0.0003634
301,o&eth;&eth;e,<code>o&amp;d;&amp;d;e</code>,1,0.0003634
301,o&eth;&thorn;&aelig;t,<code>o&amp;d;&amp;t;&amp;ae;t</code>,1,0.0003634
301,o&thorn;&thorn;e,<code>o&amp;t;&amp;t;e</code>,1,0.0003634
301,o&thorn;re,<code>o&amp;t;re</code>,1,0.0003634
301,o&thorn;rum,<code>o&amp;t;rum</code>,1,0.0003634
301,ofaxode,<code>ofaxode</code>,1,0.0003634
301,ofdr&aelig;ddan,<code>ofdr&amp;ae;ddan</code>,1,0.0003634
301,ofercom,<code>ofercom</code>,1,0.0003634
301,oferswi&eth;de,<code>oferswi&amp;d;de</code>,1,0.0003634
301,offrian,<code>offrian</code>,1,0.0003634
301,offrungum,<code>offrungum</code>,1,0.0003634
301,ofhrorene,<code>ofhrorene</code>,1,0.0003634
301,ofslagen,<code>ofslagen</code>,1,0.0003634
301,ofslagene,<code>ofslagene</code>,1,0.0003634
301,oft,<code>oft</code>,1,0.0003634
301,ol&aelig;can,<code>ol&amp;ae;can</code>,1,0.0003634
301,oncnawe,<code>oncnawe</code>,1,0.0003634
301,oncneow,<code>oncneow</code>,1,0.0003634
301,oncneowan,<code>oncneowan</code>,1,0.0003634
301,onliht,<code>onliht</code>,1,0.0003634
301,onscunode,<code>onscunode</code>,1,0.0003634
301,onsundran,<code>onsundran</code>,1,0.0003634
301,ontendan,<code>ontendan</code>,1,0.0003634
301,onuppan,<code>onuppan</code>,1,0.0003634
301,orsorh,<code>orsorh</code>,1,0.0003634
301,oxan,<code>oxan</code>,1,0.0003634
301,pallum,<code>pallum</code>,1,0.0003634
301,passio,<code>passio</code>,1,0.0003634
301,pearruce,<code>pearruce</code>,1,0.0003634
301,plihte,<code>plihte</code>,1,0.0003634
301,preoste,<code>preoste</code>,1,0.0003634
301,r&aelig;d,<code>r&amp;ae;d</code>,1,0.0003634
301,r&aelig;dbora,<code>r&amp;ae;dbora</code>,1,0.0003634
301,racenteagum,<code>racenteagum</code>,1,0.0003634
301,rance,<code>rance</code>,1,0.0003634
301,re&thorn;e,<code>re&amp;t;e</code>,1,0.0003634
301,reafum,<code>reafum</code>,1,0.0003634
301,rixia&eth;,<code>rixia&amp;d;</code>,1,0.0003634
301,rixode,<code>rixode</code>,1,0.0003634
301,ryman,<code>ryman</code>,1,0.0003634
301,s&aelig;,<code>s&amp;ae;</code>,1,0.0003634
301,s&aelig;don,<code>s&amp;ae;don</code>,1,0.0003634
301,sace,<code>sace</code>,1,0.0003634
301,sande,<code>sande</code>,1,0.0003634
301,sandpytte,<code>sandpytte</code>,1,0.0003634
301,saturnus,<code>saturnus</code>,1,0.0003634
301,scealt,<code>scealt</code>,1,0.0003634
301,scean,<code>scean</code>,1,0.0003634
301,sceancan,<code>sceancan</code>,1,0.0003634
301,sceandlican,<code>sceandlican</code>,1,0.0003634
301,sceoldon,<code>sceoldon</code>,1,0.0003634
301,scinendum,<code>scinendum</code>,1,0.0003634
301,scr&aelig;fes,<code>scr&amp;ae;fes</code>,1,0.0003634
301,screfe,<code>screfe</code>,1,0.0003634
301,scrydan,<code>scrydan</code>,1,0.0003634
301,scrydde,<code>scrydde</code>,1,0.0003634
301,sec&eth;,<code>sec&amp;d;</code>,1,0.0003634
301,secenne,<code>secenne</code>,1,0.0003634
301,secga&eth;,<code>secga&amp;d;</code>,1,0.0003634
301,secgenne,<code>secgenne</code>,1,0.0003634
301,setton,<code>setton</code>,1,0.0003634
301,sidan,<code>sidan</code>,1,0.0003634
301,sina,<code>sina</code>,1,0.0003634
301,sl&aelig;ge,<code>sl&amp;ae;ge</code>,1,0.0003634
301,sl&aelig;pe,<code>sl&amp;ae;pe</code>,1,0.0003634
301,slape,<code>slape</code>,1,0.0003634
301,slapon,<code>slapon</code>,1,0.0003634
301,slepon,<code>slepon</code>,1,0.0003634
301,sloh,<code>sloh</code>,1,0.0003634
301,snoter,<code>snoter</code>,1,0.0003634
301,snotor,<code>snotor</code>,1,0.0003634
301,so&eth;,<code>so&amp;d;</code>,1,0.0003634
301,so&eth;an,<code>so&amp;d;an</code>,1,0.0003634
301,so&eth;f&aelig;stnysse,<code>so&amp;d;f&amp;ae;stnysse</code>,1,0.0003634
301,so&eth;lice,<code>so&amp;d;lice</code>,1,0.0003634
301,so&thorn;um,<code>so&amp;t;um</code>,1,0.0003634
301,sohte,<code>sohte</code>,1,0.0003634
301,sohton,<code>sohton</code>,1,0.0003634
301,sponse,<code>sponse</code>,1,0.0003634
301,spr&aelig;cum,<code>spr&amp;ae;cum</code>,1,0.0003634
301,stemde,<code>stemde</code>,1,0.0003634
301,stemne,<code>stemne</code>,1,0.0003634
301,stence,<code>stence</code>,1,0.0003634
301,stincende,<code>stincende</code>,1,0.0003634
301,stocc,<code>stocc</code>,1,0.0003634
301,sume,<code>sume</code>,1,0.0003634
301,sunbeam,<code>sunbeam</code>,1,0.0003634
301,swanc,<code>swanc</code>,1,0.0003634
301,swarum,<code>swarum</code>,1,0.0003634
301,sweartan,<code>sweartan</code>,1,0.0003634
301,swetum,<code>swetum</code>,1,0.0003634
301,swingan,<code>swingan</code>,1,0.0003634
301,swuncon,<code>swuncon</code>,1,0.0003634
301,swustor,<code>swustor</code>,1,0.0003634
301,swy&eth;lice,<code>swy&amp;d;lice</code>,1,0.0003634
301,swylce,<code>swylce</code>,1,0.0003634
301,sy,<code>sy</code>,1,0.0003634
301,syllican,<code>syllican</code>,1,0.0003634
301,symle,<code>symle</code>,1,0.0003634
301,syndon,<code>syndon</code>,1,0.0003634
301,tacna,<code>tacna</code>,1,0.0003634
301,tacne,<code>tacne</code>,1,0.0003634
301,tacnum,<code>tacnum</code>,1,0.0003634
301,tealde,<code>tealde</code>,1,0.0003634
301,teonan,<code>teonan</code>,1,0.0003634
301,tigdon,<code>tigdon</code>,1,0.0003634
301,tob&aelig;rst,<code>tob&amp;ae;rst</code>,1,0.0003634
301,toburston,<code>toburston</code>,1,0.0003634
301,tocyme,<code>tocyme</code>,1,0.0003634
301,tod&aelig;g,<code>tod&amp;ae;g</code>,1,0.0003634
301,tomiddes,<code>tomiddes</code>,1,0.0003634
301,truwige,<code>truwige</code>,1,0.0003634
301,u&eth;wita,<code>u&amp;d;wita</code>,1,0.0003634
301,u&eth;witegunge,<code>u&amp;d;witegunge</code>,1,0.0003634
301,unamyrrede,<code>unamyrrede</code>,1,0.0003634
301,underfon,<code>underfon</code>,1,0.0003634
301,ungewemmedum,<code>ungewemmedum</code>,1,0.0003634
301,unnyt,<code>unnyt</code>,1,0.0003634
301,unwaran,<code>unwaran</code>,1,0.0003634
301,ure,<code>ure</code>,1,0.0003634
301,urum,<code>urum</code>,1,0.0003634
301,utb&aelig;rst,<code>utb&amp;ae;rst</code>,1,0.0003634
301,utgan,<code>utgan</code>,1,0.0003634
301,uton,<code>uton</code>,1,0.0003634
301,w&aelig;lhreowan,<code>w&amp;ae;lhreowan</code>,1,0.0003634
301,w&aelig;re,<code>w&amp;ae;re</code>,1,0.0003634
301,w&aelig;stme,<code>w&amp;ae;stme</code>,1,0.0003634
301,wacne,<code>wacne</code>,1,0.0003634
301,wacodon,<code>wacodon</code>,1,0.0003634
301,wah,<code>wah</code>,1,0.0003634
301,wahryftum,<code>wahryftum</code>,1,0.0003634
301,weopan,<code>weopan</code>,1,0.0003634
301,weorcstane,<code>weorcstane</code>,1,0.0003634
301,weorcstanum,<code>weorcstanum</code>,1,0.0003634
301,weorcum,<code>weorcum</code>,1,0.0003634
301,were,<code>were</code>,1,0.0003634
301,werodlice,<code>werodlice</code>,1,0.0003634
301,wi&thorn;innan,<code>wi&amp;t;innan</code>,1,0.0003634
301,wiccecr&aelig;ft,<code>wiccecr&amp;ae;ft</code>,1,0.0003634
301,widgillan,<code>widgillan</code>,1,0.0003634
301,wif,<code>wif</code>,1,0.0003634
301,wife,<code>wife</code>,1,0.0003634
301,wifige,<code>wifige</code>,1,0.0003634
301,wigleras,<code>wigleras</code>,1,0.0003634
301,wile,<code>wile</code>,1,0.0003634
301,wiscton,<code>wiscton</code>,1,0.0003634
301,wita,<code>wita</code>,1,0.0003634
301,witan,<code>witan</code>,1,0.0003634
301,witnunge,<code>witnunge</code>,1,0.0003634
301,wlite,<code>wlite</code>,1,0.0003634
301,wlitige,<code>wlitige</code>,1,0.0003634
301,wop,<code>wop</code>,1,0.0003634
301,word,<code>word</code>,1,0.0003634
301,worhton,<code>worhton</code>,1,0.0003634
301,woruldwisdome,<code>woruldwisdome</code>,1,0.0003634
301,wuldor,<code>wuldor</code>,1,0.0003634
301,wuldorfullan,<code>wuldorfullan</code>,1,0.0003634
301,wuldra,<code>wuldra</code>,1,0.0003634
301,wuldre,<code>wuldre</code>,1,0.0003634
301,wuldrigende,<code>wuldrigende</code>,1,0.0003634
301,wunode,<code>wunode</code>,1,0.0003634
301,wur&eth;ast,<code>wur&amp;d;ast</code>,1,0.0003634
301,wur&eth;lice,<code>wur&amp;d;lice</code>,1,0.0003634
301,wur&eth;mynte,<code>wur&amp;d;mynte</code>,1,0.0003634
301,wur&eth;odest,<code>wur&amp;d;odest</code>,1,0.0003634
301,wur&eth;odon,<code>wur&amp;d;odon</code>,1,0.0003634
301,wur&thorn;ia&eth;,<code>wur&amp;t;ia&amp;d;</code>,1,0.0003634
301,wurmgaleras,<code>wurmgaleras</code>,1,0.0003634
301,wurpan,<code>wurpan</code>,1,0.0003634
301,wurpon,<code>wurpon</code>,1,0.0003634
301,wylla&eth;,<code>wylla&amp;d;</code>,1,0.0003634
301,wynsum,<code>wynsum</code>,1,0.0003634
301,wyrc&eth;,<code>wyrc&amp;d;</code>,1,0.0003634
301,wyrce,<code>wyrce</code>,1,0.0003634
301,wyrstan,<code>wyrstan</code>,1,0.0003634
301,yfelian,<code>yfelian</code>,1,0.0003634
301,ylcan,<code>ylcan</code>,1,0.0003634
301,yrnan,<code>yrnan</code>,1,0.0003634
301,yrsodon,<code>yrsodon</code>,1,0.0003634
