B_Prose,B01,B01.003.012_AELS__Forty_Soldiers__T03120.txt,1049,725,2807
RANK,HTML WORD,RAW WORD,COUNT,RELATIVE FREQUENCY
1,and,<code>and</code>,131,0.0466690
2,&thorn;a,<code>&amp;t;a</code>,91,0.0324190
3,on,<code>on</code>,88,0.0313502
4,&thorn;&aelig;t,<code>&amp;t;&amp;ae;t</code>,57,0.0203064
5,to,<code>to</code>,54,0.0192376
6,swa,<code>swa</code>,53,0.0188814
7,hi,<code>hi</code>,52,0.0185251
8,&thorn;e,<code>&amp;t;e</code>,49,0.0174564
9,&thorn;am,<code>&amp;t;am</code>,48,0.0171001
10,se,<code>se</code>,47,0.0167439
11,his,<code>his</code>,39,0.0138938
12,we,<code>we</code>,33,0.0117563
13,he,<code>he</code>,28,0.0099751
14,ne,<code>ne</code>,27,0.0096188
15,mid,<code>mid</code>,26,0.0092626
16,heora,<code>heora</code>,24,0.0085501
17,us,<code>us</code>,23,0.0081938
18,halgan,<code>halgan</code>,21,0.0074813
19,drihten,<code>drihten</code>,20,0.0071250
20,&eth;a,<code>&amp;d;a</code>,18,0.0064125
21,&eth;am,<code>&amp;d;am</code>,17,0.0060563
21,ealle,<code>ealle</code>,17,0.0060563
23,him,<code>him</code>,16,0.0057000
23,is,<code>is</code>,16,0.0057000
25,ac,<code>ac</code>,15,0.0053438
25,for,<code>for</code>,15,0.0053438
27,&thorn;u,<code>&amp;t;u</code>,13,0.0046313
27,hw&aelig;t,<code>hw&amp;ae;t</code>,13,0.0046313
29,&thorn;urh,<code>&amp;t;urh</code>,12,0.0042750
29,hine,<code>hine</code>,12,0.0042750
29,nu,<code>nu</code>,12,0.0042750
32,&thorn;one,<code>&amp;t;one</code>,11,0.0039188
32,me,<code>me</code>,11,0.0039188
32,ure,<code>ure</code>,11,0.0039188
35,an,<code>an</code>,10,0.0035625
35,ge,<code>ge</code>,10,0.0035625
35,halgum,<code>halgum</code>,10,0.0035625
35,het,<code>het</code>,10,0.0035625
35,ic,<code>ic</code>,10,0.0035625
35,of,<code>of</code>,10,0.0035625
35,w&aelig;s,<code>w&amp;ae;s</code>,10,0.0035625
42,&thorn;&aelig;ra,<code>&amp;t;&amp;ae;ra</code>,9,0.0032063
42,&thorn;&aelig;s,<code>&amp;t;&amp;ae;s</code>,9,0.0032063
42,dema,<code>dema</code>,9,0.0032063
42,god,<code>god</code>,9,0.0032063
42,sona,<code>sona</code>,9,0.0032063
47,&aelig;fre,<code>&amp;ae;fre</code>,8,0.0028500
47,beo&eth;,<code>beo&amp;d;</code>,8,0.0028500
47,fram,<code>fram</code>,8,0.0028500
47,gode,<code>gode</code>,8,0.0028500
47,mere,<code>mere</code>,8,0.0028500
47,synd,<code>synd</code>,8,0.0028500
47,w&aelig;ron,<code>w&amp;ae;ron</code>,8,0.0028500
54,&thorn;eah,<code>&amp;t;eah</code>,7,0.0024938
54,bi&eth;,<code>bi&amp;d;</code>,7,0.0024938
54,cw&aelig;&eth;,<code>cw&amp;ae;&amp;d;</code>,7,0.0024938
54,eac,<code>eac</code>,7,0.0024938
54,gif,<code>gif</code>,7,0.0024938
54,hu,<code>hu</code>,7,0.0024938
54,menn,<code>menn</code>,7,0.0024938
54,o&eth;,<code>o&amp;d;</code>,7,0.0024938
54,ofer,<code>ofer</code>,7,0.0024938
54,sungon,<code>sungon</code>,7,0.0024938
64,&thorn;&aelig;re,<code>&amp;t;&amp;ae;re</code>,6,0.0021375
64,beon,<code>beon</code>,6,0.0021375
64,buton,<code>buton</code>,6,0.0021375
64,cw&aelig;don,<code>cw&amp;ae;don</code>,6,0.0021375
64,cwearterne,<code>cwearterne</code>,6,0.0021375
64,geleafan,<code>geleafan</code>,6,0.0021375
64,wear&eth;,<code>wear&amp;d;</code>,6,0.0021375
64,wurdon,<code>wurdon</code>,6,0.0021375
72,&thorn;onne,<code>&amp;t;onne</code>,5,0.0017813
72,&thorn;us,<code>&amp;t;us</code>,5,0.0017813
72,anum,<code>anum</code>,5,0.0017813
72,ban,<code>ban</code>,5,0.0017813
72,com,<code>com</code>,5,0.0017813
72,crist,<code>crist</code>,5,0.0017813
72,deofol,<code>deofol</code>,5,0.0017813
72,drihtnes,<code>drihtnes</code>,5,0.0017813
72,ealdorman,<code>ealdorman</code>,5,0.0017813
72,eallum,<code>eallum</code>,5,0.0017813
72,et,<code>et</code>,5,0.0017813
72,godes,<code>godes</code>,5,0.0017813
72,h&aelig;&eth;enan,<code>h&amp;ae;&amp;d;enan</code>,5,0.0017813
72,heom,<code>heom</code>,5,0.0017813
72,into,<code>into</code>,5,0.0017813
72,sealm,<code>sealm</code>,5,0.0017813
88,&aelig;fter,<code>&amp;ae;fter</code>,4,0.0014250
88,&aelig;lmihtigan,<code>&amp;ae;lmihtigan</code>,4,0.0014250
88,&aelig;nne,<code>&amp;ae;nne</code>,4,0.0014250
88,&eth;&aelig;s,<code>&amp;d;&amp;ae;s</code>,4,0.0014250
88,&eth;e,<code>&amp;d;e</code>,4,0.0014250
88,&eth;u,<code>&amp;d;u</code>,4,0.0014250
88,&thorn;as,<code>&amp;t;as</code>,4,0.0014250
88,&thorn;isne,<code>&amp;t;isne</code>,4,0.0014250
88,&thorn;ysum,<code>&amp;t;ysum</code>,4,0.0014250
88,awendan,<code>awendan</code>,4,0.0014250
88,cempan,<code>cempan</code>,4,0.0014250
88,cristenan,<code>cristenan</code>,4,0.0014250
88,cwellere,<code>cwellere</code>,4,0.0014250
88,eft,<code>eft</code>,4,0.0014250
88,eow,<code>eow</code>,4,0.0014250
88,feowertig,<code>feowertig</code>,4,0.0014250
88,for&thorn;an,<code>for&amp;t;an</code>,4,0.0014250
88,gewinne,<code>gewinne</code>,4,0.0014250
88,godum,<code>godum</code>,4,0.0014250
88,h&aelig;lend,<code>h&amp;ae;lend</code>,4,0.0014250
88,hit,<code>hit</code>,4,0.0014250
88,in,<code>in</code>,4,0.0014250
88,leoht,<code>leoht</code>,4,0.0014250
88,nan,<code>nan</code>,4,0.0014250
88,o&eth;er,<code>o&amp;d;er</code>,4,0.0014250
88,scyppend,<code>scyppend</code>,4,0.0014250
88,so&eth;lice,<code>so&amp;d;lice</code>,4,0.0014250
88,swylce,<code>swylce</code>,4,0.0014250
88,sy,<code>sy</code>,4,0.0014250
88,sylfne,<code>sylfne</code>,4,0.0014250
88,w&aelig;lhreowa,<code>w&amp;ae;lhreowa</code>,4,0.0014250
119,&aelig;r,<code>&amp;ae;r</code>,3,0.0010688
119,&eth;one,<code>&amp;d;one</code>,3,0.0010688
119,&thorn;urhwacole,<code>&amp;t;urhwacole</code>,3,0.0010688
119,amen,<code>amen</code>,3,0.0010688
119,arleasan,<code>arleasan</code>,3,0.0010688
119,be,<code>be</code>,3,0.0010688
119,bradum,<code>bradum</code>,3,0.0010688
119,caseres,<code>caseres</code>,3,0.0010688
119,cetera,<code>cetera</code>,3,0.0010688
119,comon,<code>comon</code>,3,0.0010688
119,cristes,<code>cristes</code>,3,0.0010688
119,cwelleras,<code>cwelleras</code>,3,0.0010688
119,cyle,<code>cyle</code>,3,0.0010688
119,drihtne,<code>drihtne</code>,3,0.0010688
119,ende,<code>ende</code>,3,0.0010688
119,englisc,<code>englisc</code>,3,0.0010688
119,eom,<code>eom</code>,3,0.0010688
119,eower,<code>eower</code>,3,0.0010688
119,flode,<code>flode</code>,3,0.0010688
119,for&eth;an,<code>for&amp;d;an</code>,3,0.0010688
119,forste,<code>forste</code>,3,0.0010688
119,fultum,<code>fultum</code>,3,0.0010688
119,gebrohte,<code>gebrohte</code>,3,0.0010688
119,gefeohte,<code>gefeohte</code>,3,0.0010688
119,gehyrte,<code>gehyrte</code>,3,0.0010688
119,gel&aelig;hte,<code>gel&amp;ae;hte</code>,3,0.0010688
119,gelyfde,<code>gelyfde</code>,3,0.0010688
119,gesceafta,<code>gesceafta</code>,3,0.0010688
119,geseah,<code>geseah</code>,3,0.0010688
119,godnysse,<code>godnysse</code>,3,0.0010688
119,h&aelig;&thorn;enan,<code>h&amp;ae;&amp;t;enan</code>,3,0.0010688
119,lande,<code>lande</code>,3,0.0010688
119,lif,<code>lif</code>,3,0.0010688
119,magon,<code>magon</code>,3,0.0010688
119,martyras,<code>martyras</code>,3,0.0010688
119,mihte,<code>mihte</code>,3,0.0010688
119,mode,<code>mode</code>,3,0.0010688
119,n&aelig;s,<code>n&amp;ae;s</code>,3,0.0010688
119,naman,<code>naman</code>,3,0.0010688
119,o&eth;re,<code>o&amp;d;re</code>,3,0.0010688
119,oft,<code>oft</code>,3,0.0010688
119,sceancan,<code>sceancan</code>,3,0.0010688
119,sealde,<code>sealde</code>,3,0.0010688
119,stodon,<code>stodon</code>,3,0.0010688
119,sunne,<code>sunne</code>,3,0.0010688
119,swi&thorn;e,<code>swi&amp;t;e</code>,3,0.0010688
119,sylf,<code>sylf</code>,3,0.0010688
119,sylfum,<code>sylfum</code>,3,0.0010688
119,unscrydde,<code>unscrydde</code>,3,0.0010688
119,urum,<code>urum</code>,3,0.0010688
119,uton,<code>uton</code>,3,0.0010688
119,w&aelig;re,<code>w&amp;ae;re</code>,3,0.0010688
119,w&aelig;ter,<code>w&amp;ae;ter</code>,3,0.0010688
119,w&aelig;tere,<code>w&amp;ae;tere</code>,3,0.0010688
119,weardas,<code>weardas</code>,3,0.0010688
119,willan,<code>willan</code>,3,0.0010688
119,worulde,<code>worulde</code>,3,0.0010688
176,&aelig;lc,<code>&amp;ae;lc</code>,2,0.0007125
176,&aelig;lcum,<code>&amp;ae;lcum</code>,2,0.0007125
176,&aelig;lmihtig,<code>&amp;ae;lmihtig</code>,2,0.0007125
176,&aelig;lmihtiga,<code>&amp;ae;lmihtiga</code>,2,0.0007125
176,&aelig;nige,<code>&amp;ae;nige</code>,2,0.0007125
176,&aelig;rnemergen,<code>&amp;ae;rnemergen</code>,2,0.0007125
176,&aelig;tforan,<code>&amp;ae;tforan</code>,2,0.0007125
176,&eth;urh,<code>&amp;d;urh</code>,2,0.0007125
176,&thorn;&aelig;r,<code>&amp;t;&amp;ae;r</code>,2,0.0007125
176,&thorn;a&thorn;a,<code>&amp;t;a&amp;t;a</code>,2,0.0007125
176,&thorn;enas,<code>&amp;t;enas</code>,2,0.0007125
176,&thorn;es,<code>&amp;t;es</code>,2,0.0007125
176,&thorn;in,<code>&amp;t;in</code>,2,0.0007125
176,&thorn;incg,<code>&amp;t;incg</code>,2,0.0007125
176,&thorn;inum,<code>&amp;t;inum</code>,2,0.0007125
176,&thorn;is,<code>&amp;t;is</code>,2,0.0007125
176,&thorn;issere,<code>&amp;t;issere</code>,2,0.0007125
176,&thorn;urhwunodon,<code>&amp;t;urhwunodon</code>,2,0.0007125
176,&thorn;ysne,<code>&amp;t;ysne</code>,2,0.0007125
176,&thorn;yssere,<code>&amp;t;yssere</code>,2,0.0007125
176,agen,<code>agen</code>,2,0.0007125
176,agricolaus,<code>agricolaus</code>,2,0.0007125
176,alys,<code>alys</code>,2,0.0007125
176,ana,<code>ana</code>,2,0.0007125
176,anre,<code>anre</code>,2,0.0007125
176,arleasa,<code>arleasa</code>,2,0.0007125
176,awend,<code>awend</code>,2,0.0007125
176,ba&eth;e,<code>ba&amp;d;e</code>,2,0.0007125
176,ba&eth;ian,<code>ba&amp;d;ian</code>,2,0.0007125
176,beheold,<code>beheold</code>,2,0.0007125
176,beo,<code>beo</code>,2,0.0007125
176,biddende,<code>biddende</code>,2,0.0007125
176,bisceop,<code>bisceop</code>,2,0.0007125
176,blysse,<code>blysse</code>,2,0.0007125
176,butan,<code>butan</code>,2,0.0007125
176,byrig,<code>byrig</code>,2,0.0007125
176,clypodon,<code>clypodon</code>,2,0.0007125
176,criste,<code>criste</code>,2,0.0007125
176,cristen,<code>cristen</code>,2,0.0007125
176,cristenra,<code>cristenra</code>,2,0.0007125
176,dagum,<code>dagum</code>,2,0.0007125
176,dea&eth;e,<code>dea&amp;d;e</code>,2,0.0007125
176,deofolgyldum,<code>deofolgyldum</code>,2,0.0007125
176,deopum,<code>deopum</code>,2,0.0007125
176,do,<code>do</code>,2,0.0007125
176,dydon,<code>dydon</code>,2,0.0007125
176,ea,<code>ea</code>,2,0.0007125
176,ea&eth;elice,<code>ea&amp;d;elice</code>,2,0.0007125
176,ealra,<code>ealra</code>,2,0.0007125
176,eart,<code>eart</code>,2,0.0007125
176,ece,<code>ece</code>,2,0.0007125
176,ecum,<code>ecum</code>,2,0.0007125
176,ehteras,<code>ehteras</code>,2,0.0007125
176,embe,<code>embe</code>,2,0.0007125
176,eode,<code>eode</code>,2,0.0007125
176,eor&eth;an,<code>eor&amp;d;an</code>,2,0.0007125
176,fela,<code>fela</code>,2,0.0007125
176,feollan,<code>feollan</code>,2,0.0007125
176,fleame,<code>fleame</code>,2,0.0007125
176,for&eth;i,<code>for&amp;d;i</code>,2,0.0007125
176,forl&aelig;t,<code>forl&amp;ae;t</code>,2,0.0007125
176,forleas,<code>forleas</code>,2,0.0007125
176,fremige,<code>fremige</code>,2,0.0007125
176,ge&eth;eod,<code>ge&amp;d;eod</code>,2,0.0007125
176,ge&thorn;ance,<code>ge&amp;t;ance</code>,2,0.0007125
176,ge&thorn;eahte,<code>ge&amp;t;eahte</code>,2,0.0007125
176,gebringan,<code>gebringan</code>,2,0.0007125
176,gebugan,<code>gebugan</code>,2,0.0007125
176,gecoren,<code>gecoren</code>,2,0.0007125
176,geearnian,<code>geearnian</code>,2,0.0007125
176,gefullod,<code>gefullod</code>,2,0.0007125
176,gefultumode,<code>gefultumode</code>,2,0.0007125
176,gefylstan,<code>gefylstan</code>,2,0.0007125
176,gehaten,<code>gehaten</code>,2,0.0007125
176,gehyrdest,<code>gehyrdest</code>,2,0.0007125
176,gehyrdon,<code>gehyrdon</code>,2,0.0007125
176,gel&aelig;dde,<code>gel&amp;ae;dde</code>,2,0.0007125
176,geleafa,<code>geleafa</code>,2,0.0007125
176,gesawe,<code>gesawe</code>,2,0.0007125
176,gesceop,<code>gesceop</code>,2,0.0007125
176,geset,<code>geset</code>,2,0.0007125
176,geteald,<code>geteald</code>,2,0.0007125
176,getrymde,<code>getrymde</code>,2,0.0007125
176,grine,<code>grine</code>,2,0.0007125
176,h&aelig;fde,<code>h&amp;ae;fde</code>,2,0.0007125
176,h&aelig;lende,<code>h&amp;ae;lende</code>,2,0.0007125
176,h&aelig;lendes,<code>h&amp;ae;lendes</code>,2,0.0007125
176,habba&eth;,<code>habba&amp;d;</code>,2,0.0007125
176,heofonum,<code>heofonum</code>,2,0.0007125
176,heretoga,<code>heretoga</code>,2,0.0007125
176,hw&aelig;r,<code>hw&amp;ae;r</code>,2,0.0007125
176,hwylc,<code>hwylc</code>,2,0.0007125
176,l&aelig;dan,<code>l&amp;ae;dan</code>,2,0.0007125
176,l&aelig;t,<code>l&amp;ae;t</code>,2,0.0007125
176,lagon,<code>lagon</code>,2,0.0007125
176,leofan,<code>leofan</code>,2,0.0007125
176,lic,<code>lic</code>,2,0.0007125
176,lofe,<code>lofe</code>,2,0.0007125
176,losa&eth;,<code>losa&amp;d;</code>,2,0.0007125
176,lufedon,<code>lufedon</code>,2,0.0007125
176,manfullan,<code>manfullan</code>,2,0.0007125
176,mann,<code>mann</code>,2,0.0007125
176,mannum,<code>mannum</code>,2,0.0007125
176,martyrum,<code>martyrum</code>,2,0.0007125
176,mergen,<code>mergen</code>,2,0.0007125
176,mine,<code>mine</code>,2,0.0007125
176,mu&eth;e,<code>mu&amp;d;e</code>,2,0.0007125
176,mycel,<code>mycel</code>,2,0.0007125
176,n&aelig;re,<code>n&amp;ae;re</code>,2,0.0007125
176,n&aelig;ron,<code>n&amp;ae;ron</code>,2,0.0007125
176,naht,<code>naht</code>,2,0.0007125
176,niht,<code>niht</code>,2,0.0007125
176,nolde,<code>nolde</code>,2,0.0007125
176,o&eth;erne,<code>o&amp;d;erne</code>,2,0.0007125
176,o&eth;rum,<code>o&amp;d;rum</code>,2,0.0007125
176,oferswi&eth;don,<code>oferswi&amp;d;don</code>,2,0.0007125
176,orm&aelig;tum,<code>orm&amp;ae;tum</code>,2,0.0007125
176,qui,<code>qui</code>,2,0.0007125
176,s&aelig;,<code>s&amp;ae;</code>,2,0.0007125
176,sang,<code>sang</code>,2,0.0007125
176,scyppende,<code>scyppende</code>,2,0.0007125
176,se&eth;e,<code>se&amp;d;e</code>,2,0.0007125
176,se&thorn;e,<code>se&amp;t;e</code>,2,0.0007125
176,seo,<code>seo</code>,2,0.0007125
176,si&eth;&eth;an,<code>si&amp;d;&amp;d;an</code>,2,0.0007125
176,sigef&aelig;ste,<code>sigef&amp;ae;ste</code>,2,0.0007125
176,sl&aelig;pe,<code>sl&amp;ae;pe</code>,2,0.0007125
176,stanas,<code>stanas</code>,2,0.0007125
176,sume,<code>sume</code>,2,0.0007125
176,swa&thorn;eah,<code>swa&amp;t;eah</code>,2,0.0007125
176,swi&eth;e,<code>swi&amp;d;e</code>,2,0.0007125
176,sylfe,<code>sylfe</code>,2,0.0007125
176,ures,<code>ures</code>,2,0.0007125
176,urne,<code>urne</code>,2,0.0007125
176,w&aelig;lhreowum,<code>w&amp;ae;lhreowum</code>,2,0.0007125
176,weardmenn,<code>weardmenn</code>,2,0.0007125
176,wi&eth;,<code>wi&amp;d;</code>,2,0.0007125
176,wi&eth;erwinnan,<code>wi&amp;d;erwinnan</code>,2,0.0007125
176,wita,<code>wita</code>,2,0.0007125
176,witum,<code>witum</code>,2,0.0007125
176,wolde,<code>wolde</code>,2,0.0007125
176,word,<code>word</code>,2,0.0007125
176,woruld,<code>woruld</code>,2,0.0007125
176,wundra,<code>wundra</code>,2,0.0007125
176,wunodon,<code>wunodon</code>,2,0.0007125
176,wur&eth;mynt,<code>wur&amp;d;mynt</code>,2,0.0007125
176,wylla&eth;,<code>wylla&amp;d;</code>,2,0.0007125
176,yfele,<code>yfele</code>,2,0.0007125
176,ylcan,<code>ylcan</code>,2,0.0007125
325,&aelig;,<code>&amp;ae;</code>,1,0.0003563
325,&aelig;&thorn;ele,<code>&amp;ae;&amp;t;ele</code>,1,0.0003563
325,&aelig;&thorn;elice,<code>&amp;ae;&amp;t;elice</code>,1,0.0003563
325,&aelig;fenunga,<code>&amp;ae;fenunga</code>,1,0.0003563
325,&aelig;fnunge,<code>&amp;ae;fnunge</code>,1,0.0003563
325,&aelig;ft,<code>&amp;ae;ft</code>,1,0.0003563
325,&aelig;lteowe,<code>&amp;ae;lteowe</code>,1,0.0003563
325,&aelig;r&thorn;am,<code>&amp;ae;r&amp;t;am</code>,1,0.0003563
325,&aelig;riste,<code>&amp;ae;riste</code>,1,0.0003563
325,&aelig;swicungum,<code>&amp;ae;swicungum</code>,1,0.0003563
325,&aelig;t,<code>&amp;ae;t</code>,1,0.0003563
325,&aelig;tberstan,<code>&amp;ae;tberstan</code>,1,0.0003563
325,&aelig;teowde,<code>&amp;ae;teowde</code>,1,0.0003563
325,&aelig;teowia&eth;,<code>&amp;ae;teowia&amp;d;</code>,1,0.0003563
325,&aelig;twand,<code>&amp;ae;twand</code>,1,0.0003563
325,&aelig;wf&aelig;stlice,<code>&amp;ae;wf&amp;ae;stlice</code>,1,0.0003563
325,&eth;&aelig;ra,<code>&amp;d;&amp;ae;ra</code>,1,0.0003563
325,&eth;&aelig;re,<code>&amp;d;&amp;ae;re</code>,1,0.0003563
325,&eth;issere,<code>&amp;d;issere</code>,1,0.0003563
325,&eth;rowunge,<code>&amp;d;rowunge</code>,1,0.0003563
325,&eth;ry,<code>&amp;d;ry</code>,1,0.0003563
325,&eth;ysum,<code>&amp;d;ysum</code>,1,0.0003563
325,&thorn;a&eth;a,<code>&amp;t;a&amp;d;a</code>,1,0.0003563
325,&thorn;an,<code>&amp;t;an</code>,1,0.0003563
325,&thorn;eahhw&aelig;&thorn;ere,<code>&amp;t;eahhw&amp;ae;&amp;t;ere</code>,1,0.0003563
325,&thorn;egenlice,<code>&amp;t;egenlice</code>,1,0.0003563
325,&thorn;egna,<code>&amp;t;egna</code>,1,0.0003563
325,&thorn;eowdome,<code>&amp;t;eowdome</code>,1,0.0003563
325,&thorn;eowracan,<code>&amp;t;eowracan</code>,1,0.0003563
325,&thorn;ine,<code>&amp;t;ine</code>,1,0.0003563
325,&thorn;ing,<code>&amp;t;ing</code>,1,0.0003563
325,&thorn;ingum,<code>&amp;t;ingum</code>,1,0.0003563
325,&thorn;inne,<code>&amp;t;inne</code>,1,0.0003563
325,&thorn;inre,<code>&amp;t;inre</code>,1,0.0003563
325,&thorn;isum,<code>&amp;t;isum</code>,1,0.0003563
325,&thorn;ridda,<code>&amp;t;ridda</code>,1,0.0003563
325,&thorn;rowige,<code>&amp;t;rowige</code>,1,0.0003563
325,&thorn;rowodon,<code>&amp;t;rowodon</code>,1,0.0003563
325,&thorn;rym,<code>&amp;t;rym</code>,1,0.0003563
325,&thorn;uhte,<code>&amp;t;uhte</code>,1,0.0003563
325,&thorn;urhscyldige,<code>&amp;t;urhscyldige</code>,1,0.0003563
325,&thorn;urhwacol,<code>&amp;t;urhwacol</code>,1,0.0003563
325,&thorn;urhwuna&eth;,<code>&amp;t;urhwuna&amp;d;</code>,1,0.0003563
325,&thorn;urhwunian,<code>&amp;t;urhwunian</code>,1,0.0003563
325,&thorn;wyre,<code>&amp;t;wyre</code>,1,0.0003563
325,&thorn;wyres,<code>&amp;t;wyres</code>,1,0.0003563
325,&thorn;yses,<code>&amp;t;yses</code>,1,0.0003563
325,&thorn;yssa,<code>&amp;t;yssa</code>,1,0.0003563
325,a&eth;wogen,<code>a&amp;d;wogen</code>,1,0.0003563
325,acoman,<code>acoman</code>,1,0.0003563
325,acweald,<code>acweald</code>,1,0.0003563
325,acwealdon,<code>acwealdon</code>,1,0.0003563
325,ad,<code>ad</code>,1,0.0003563
325,adreoga&eth;,<code>adreoga&amp;d;</code>,1,0.0003563
325,adun,<code>adun</code>,1,0.0003563
325,adune,<code>adune</code>,1,0.0003563
325,aegyptolande,<code>aegyptolande</code>,1,0.0003563
325,afandod,<code>afandod</code>,1,0.0003563
325,afet,<code>afet</code>,1,0.0003563
325,afligdon,<code>afligdon</code>,1,0.0003563
325,afundene,<code>afundene</code>,1,0.0003563
325,afyrhte,<code>afyrhte</code>,1,0.0003563
325,ageafon,<code>ageafon</code>,1,0.0003563
325,agenne,<code>agenne</code>,1,0.0003563
325,agenre,<code>agenre</code>,1,0.0003563
325,agenum,<code>agenum</code>,1,0.0003563
325,ah&aelig;bbe,<code>ah&amp;ae;bbe</code>,1,0.0003563
325,aheng,<code>aheng</code>,1,0.0003563
325,ahofe,<code>ahofe</code>,1,0.0003563
325,ahred,<code>ahred</code>,1,0.0003563
325,alysede,<code>alysede</code>,1,0.0003563
325,alysednysse,<code>alysednysse</code>,1,0.0003563
325,anbidode,<code>anbidode</code>,1,0.0003563
325,ancennedan,<code>ancennedan</code>,1,0.0003563
325,andlyfene,<code>andlyfene</code>,1,0.0003563
325,andwyrdon,<code>andwyrdon</code>,1,0.0003563
325,anginn,<code>anginn</code>,1,0.0003563
325,anima,<code>anima</code>,1,0.0003563
325,anr&aelig;dnysse,<code>anr&amp;ae;dnysse</code>,1,0.0003563
325,apostol,<code>apostol</code>,1,0.0003563
325,apostolas,<code>apostolas</code>,1,0.0003563
325,apostole,<code>apostole</code>,1,0.0003563
325,aras,<code>aras</code>,1,0.0003563
325,ardlice,<code>ardlice</code>,1,0.0003563
325,arleas,<code>arleas</code>,1,0.0003563
325,armenia,<code>armenia</code>,1,0.0003563
325,arod,<code>arod</code>,1,0.0003563
325,arwur&eth;nysse,<code>arwur&amp;d;nysse</code>,1,0.0003563
325,ascyrede,<code>ascyrede</code>,1,0.0003563
325,asend,<code>asend</code>,1,0.0003563
325,asmeagan,<code>asmeagan</code>,1,0.0003563
325,astyred,<code>astyred</code>,1,0.0003563
325,astyrode,<code>astyrode</code>,1,0.0003563
325,ateon,<code>ateon</code>,1,0.0003563
325,awearp,<code>awearp</code>,1,0.0003563
325,awendon,<code>awendon</code>,1,0.0003563
325,awrehte,<code>awrehte</code>,1,0.0003563
325,awrytene,<code>awrytene</code>,1,0.0003563
325,awurpe,<code>awurpe</code>,1,0.0003563
325,awurpon,<code>awurpon</code>,1,0.0003563
325,axodon,<code>axodon</code>,1,0.0003563
325,b&aelig;rnette,<code>b&amp;ae;rnette</code>,1,0.0003563
325,bealwe,<code>bealwe</code>,1,0.0003563
325,beatan,<code>beatan</code>,1,0.0003563
325,beboden,<code>beboden</code>,1,0.0003563
325,bebyd,<code>bebyd</code>,1,0.0003563
325,becom,<code>becom</code>,1,0.0003563
325,becoman,<code>becoman</code>,1,0.0003563
325,becuma&eth;,<code>becuma&amp;d;</code>,1,0.0003563
325,becuman,<code>becuman</code>,1,0.0003563
325,bedde,<code>bedde</code>,1,0.0003563
325,befencg,<code>befencg</code>,1,0.0003563
325,began,<code>began</code>,1,0.0003563
325,begann,<code>begann</code>,1,0.0003563
325,bel&aelig;wde,<code>bel&amp;ae;wde</code>,1,0.0003563
325,beladunge,<code>beladunge</code>,1,0.0003563
325,belifon,<code>belifon</code>,1,0.0003563
325,bendas,<code>bendas</code>,1,0.0003563
325,bendum,<code>bendum</code>,1,0.0003563
325,beorhtan,<code>beorhtan</code>,1,0.0003563
325,beorhte,<code>beorhte</code>,1,0.0003563
325,besencan,<code>besencan</code>,1,0.0003563
325,beswicene,<code>beswicene</code>,1,0.0003563
325,beswicon,<code>beswicon</code>,1,0.0003563
325,betst,<code>betst</code>,1,0.0003563
325,betwynan,<code>betwynan</code>,1,0.0003563
325,bidde,<code>bidde</code>,1,0.0003563
325,bigdon,<code>bigdon</code>,1,0.0003563
325,binnan,<code>binnan</code>,1,0.0003563
325,binnon,<code>binnon</code>,1,0.0003563
325,bisceope,<code>bisceope</code>,1,0.0003563
325,blacum,<code>blacum</code>,1,0.0003563
325,blod,<code>blod</code>,1,0.0003563
325,blode,<code>blode</code>,1,0.0003563
325,br&aelig;ce,<code>br&amp;ae;ce</code>,1,0.0003563
325,br&aelig;d,<code>br&amp;ae;d</code>,1,0.0003563
325,bringan,<code>bringan</code>,1,0.0003563
325,bro&thorn;or,<code>bro&amp;t;or</code>,1,0.0003563
325,brucan,<code>brucan</code>,1,0.0003563
325,bysmorfullum,<code>bysmorfullum</code>,1,0.0003563
325,campdome,<code>campdome</code>,1,0.0003563
325,campigenne,<code>campigenne</code>,1,0.0003563
325,cappadonisce,<code>cappadonisce</code>,1,0.0003563
325,carfullum,<code>carfullum</code>,1,0.0003563
325,ceald,<code>ceald</code>,1,0.0003563
325,cealdan,<code>cealdan</code>,1,0.0003563
325,ceciderunt,<code>ceciderunt</code>,1,0.0003563
325,celis,<code>celis</code>,1,0.0003563
325,cempena,<code>cempena</code>,1,0.0003563
325,clypian,<code>clypian</code>,1,0.0003563
325,clypigende,<code>clypigende</code>,1,0.0003563
325,clypode,<code>clypode</code>,1,0.0003563
325,cneowa,<code>cneowa</code>,1,0.0003563
325,cnucodon,<code>cnucodon</code>,1,0.0003563
325,costnungum,<code>costnungum</code>,1,0.0003563
325,cucu,<code>cucu</code>,1,0.0003563
325,cume,<code>cume</code>,1,0.0003563
325,cunnon,<code>cunnon</code>,1,0.0003563
325,cw&aelig;&thorn;,<code>cw&amp;ae;&amp;t;</code>,1,0.0003563
325,cw&aelig;de,<code>cw&amp;ae;de</code>,1,0.0003563
325,cwe&eth;ende,<code>cwe&amp;d;ende</code>,1,0.0003563
325,cy&thorn;era,<code>cy&amp;t;era</code>,1,0.0003563
325,cyfe,<code>cyfe</code>,1,0.0003563
325,cyme,<code>cyme</code>,1,0.0003563
325,cynehelmum,<code>cynehelmum</code>,1,0.0003563
325,cynincge,<code>cynincge</code>,1,0.0003563
325,cyninga,<code>cyninga</code>,1,0.0003563
325,cyrcan,<code>cyrcan</code>,1,0.0003563
325,cyste,<code>cyste</code>,1,0.0003563
325,d&aelig;da,<code>d&amp;ae;da</code>,1,0.0003563
325,d&aelig;dum,<code>d&amp;ae;dum</code>,1,0.0003563
325,d&aelig;g,<code>d&amp;ae;g</code>,1,0.0003563
325,dare,<code>dare</code>,1,0.0003563
325,de,<code>de</code>,1,0.0003563
325,de&eth;,<code>de&amp;d;</code>,1,0.0003563
325,dead,<code>dead</code>,1,0.0003563
325,deadlicum,<code>deadlicum</code>,1,0.0003563
325,deman,<code>deman</code>,1,0.0003563
325,demum,<code>demum</code>,1,0.0003563
325,deofle,<code>deofle</code>,1,0.0003563
325,deofles,<code>deofles</code>,1,0.0003563
325,deoflicum,<code>deoflicum</code>,1,0.0003563
325,deus,<code>deus</code>,1,0.0003563
325,do&eth;,<code>do&amp;d;</code>,1,0.0003563
325,dracan,<code>dracan</code>,1,0.0003563
325,drycr&aelig;fte,<code>drycr&amp;ae;fte</code>,1,0.0003563
325,dypan,<code>dypan</code>,1,0.0003563
325,eadmoda,<code>eadmoda</code>,1,0.0003563
325,eagan,<code>eagan</code>,1,0.0003563
325,eala,<code>eala</code>,1,0.0003563
325,ealdormannes,<code>ealdormannes</code>,1,0.0003563
325,eall,<code>eall</code>,1,0.0003563
325,ealles,<code>ealles</code>,1,0.0003563
325,eallne,<code>eallne</code>,1,0.0003563
325,ealne,<code>ealne</code>,1,0.0003563
325,ealre,<code>ealre</code>,1,0.0003563
325,ealwealdend,<code>ealwealdend</code>,1,0.0003563
325,eardast,<code>eardast</code>,1,0.0003563
325,earfo&eth;nyssa,<code>earfo&amp;d;nyssa</code>,1,0.0003563
325,eargode,<code>eargode</code>,1,0.0003563
325,earmingas,<code>earmingas</code>,1,0.0003563
325,earmum,<code>earmum</code>,1,0.0003563
325,ecan,<code>ecan</code>,1,0.0003563
325,ecere,<code>ecere</code>,1,0.0003563
325,ecnysse,<code>ecnysse</code>,1,0.0003563
325,edlean,<code>edlean</code>,1,0.0003563
325,edwite,<code>edwite</code>,1,0.0003563
325,egeslican,<code>egeslican</code>,1,0.0003563
325,egeslice,<code>egeslice</code>,1,0.0003563
325,ehtera,<code>ehtera</code>,1,0.0003563
325,ehtere,<code>ehtere</code>,1,0.0003563
325,ehterum,<code>ehterum</code>,1,0.0003563
325,ehtnys,<code>ehtnys</code>,1,0.0003563
325,ehtnyss,<code>ehtnyss</code>,1,0.0003563
325,eor&eth;e,<code>eor&amp;d;e</code>,1,0.0003563
325,eowre,<code>eowre</code>,1,0.0003563
325,erepta,<code>erepta</code>,1,0.0003563
325,esau,<code>esau</code>,1,0.0003563
325,est,<code>est</code>,1,0.0003563
325,f&aelig;der,<code>f&amp;ae;der</code>,1,0.0003563
325,f&aelig;rlice,<code>f&amp;ae;rlice</code>,1,0.0003563
325,f&aelig;str&aelig;de,<code>f&amp;ae;str&amp;ae;de</code>,1,0.0003563
325,fac,<code>fac</code>,1,0.0003563
325,feohte,<code>feohte</code>,1,0.0003563
325,feollon,<code>feollon</code>,1,0.0003563
325,feore,<code>feore</code>,1,0.0003563
325,feowertigra,<code>feowertigra</code>,1,0.0003563
325,ferde,<code>ferde</code>,1,0.0003563
325,ferdon,<code>ferdon</code>,1,0.0003563
325,fl&aelig;sc,<code>fl&amp;ae;sc</code>,1,0.0003563
325,fleo&eth;,<code>fleo&amp;d;</code>,1,0.0003563
325,flint,<code>flint</code>,1,0.0003563
325,flintum,<code>flintum</code>,1,0.0003563
325,flodum,<code>flodum</code>,1,0.0003563
325,fodan,<code>fodan</code>,1,0.0003563
325,folc,<code>folc</code>,1,0.0003563
325,folce,<code>folce</code>,1,0.0003563
325,forb&aelig;rnan,<code>forb&amp;ae;rnan</code>,1,0.0003563
325,forberan,<code>forberan</code>,1,0.0003563
325,forberne,<code>forberne</code>,1,0.0003563
325,fordemede,<code>fordemede</code>,1,0.0003563
325,fore,<code>fore</code>,1,0.0003563
325,fores&aelig;da,<code>fores&amp;ae;da</code>,1,0.0003563
325,fores&aelig;dan,<code>fores&amp;ae;dan</code>,1,0.0003563
325,fores&aelig;de,<code>fores&amp;ae;de</code>,1,0.0003563
325,foresceawa&eth;,<code>foresceawa&amp;d;</code>,1,0.0003563
325,foresceawode,<code>foresceawode</code>,1,0.0003563
325,forferde,<code>forferde</code>,1,0.0003563
325,forfleah,<code>forfleah</code>,1,0.0003563
325,forgif&eth;,<code>forgif&amp;d;</code>,1,0.0003563
325,forl&aelig;tan,<code>forl&amp;ae;tan</code>,1,0.0003563
325,forloren,<code>forloren</code>,1,0.0003563
325,formealt,<code>formealt</code>,1,0.0003563
325,forsawon,<code>forsawon</code>,1,0.0003563
325,forswelge,<code>forswelge</code>,1,0.0003563
325,forwyrde,<code>forwyrde</code>,1,0.0003563
325,fotum,<code>fotum</code>,1,0.0003563
325,frecednysse,<code>frecednysse</code>,1,0.0003563
325,frecednyssum,<code>frecednyssum</code>,1,0.0003563
325,frecenfullan,<code>frecenfullan</code>,1,0.0003563
325,frema&eth;,<code>frema&amp;d;</code>,1,0.0003563
325,freosan,<code>freosan</code>,1,0.0003563
325,fuhton,<code>fuhton</code>,1,0.0003563
325,fur&eth;on,<code>fur&amp;d;on</code>,1,0.0003563
325,fylst,<code>fylst</code>,1,0.0003563
325,fylste,<code>fylste</code>,1,0.0003563
325,fynd,<code>fynd</code>,1,0.0003563
325,fyr,<code>fyr</code>,1,0.0003563
325,fyre,<code>fyre</code>,1,0.0003563
325,g&aelig;st,<code>g&amp;ae;st</code>,1,0.0003563
325,gast,<code>gast</code>,1,0.0003563
325,gastas,<code>gastas</code>,1,0.0003563
325,ge&thorn;afa&eth;,<code>ge&amp;t;afa&amp;d;</code>,1,0.0003563
325,ge&thorn;afode,<code>ge&amp;t;afode</code>,1,0.0003563
325,ge&thorn;yldige,<code>ge&amp;t;yldige</code>,1,0.0003563
325,geb&aelig;don,<code>geb&amp;ae;don</code>,1,0.0003563
325,gebedum,<code>gebedum</code>,1,0.0003563
325,gebeodan,<code>gebeodan</code>,1,0.0003563
325,gebeon,<code>gebeon</code>,1,0.0003563
325,gebeorhlic,<code>gebeorhlic</code>,1,0.0003563
325,gebeotode,<code>gebeotode</code>,1,0.0003563
325,geborenan,<code>geborenan</code>,1,0.0003563
325,gebro&eth;ra,<code>gebro&amp;d;ra</code>,1,0.0003563
325,gebundene,<code>gebundene</code>,1,0.0003563
325,gebysmorod,<code>gebysmorod</code>,1,0.0003563
325,geciged,<code>geciged</code>,1,0.0003563
325,gecorenan,<code>gecorenan</code>,1,0.0003563
325,gecw&aelig;&eth;,<code>gecw&amp;ae;&amp;d;</code>,1,0.0003563
325,gecyga&eth;,<code>gecyga&amp;d;</code>,1,0.0003563
325,gecyndelic,<code>gecyndelic</code>,1,0.0003563
325,gedafena&eth;,<code>gedafena&amp;d;</code>,1,0.0003563
325,gedemed,<code>gedemed</code>,1,0.0003563
325,gederod,<code>gederod</code>,1,0.0003563
325,gedo,<code>gedo</code>,1,0.0003563
325,gedon,<code>gedon</code>,1,0.0003563
325,gedrefdon,<code>gedrefdon</code>,1,0.0003563
325,gedyde,<code>gedyde</code>,1,0.0003563
325,gefeccan,<code>gefeccan</code>,1,0.0003563
325,geferum,<code>geferum</code>,1,0.0003563
325,gefrefrode,<code>gefrefrode</code>,1,0.0003563
325,gefremman,<code>gefremman</code>,1,0.0003563
325,gefylla&eth;,<code>gefylla&amp;d;</code>,1,0.0003563
325,gegaderode,<code>gegaderode</code>,1,0.0003563
325,geh&aelig;l,<code>geh&amp;ae;l</code>,1,0.0003563
325,gehealden,<code>gehealden</code>,1,0.0003563
325,gehealdene,<code>gehealdene</code>,1,0.0003563
325,gehelp,<code>gehelp</code>,1,0.0003563
325,gehende,<code>gehende</code>,1,0.0003563
325,geherede,<code>geherede</code>,1,0.0003563
325,gehersumia&eth;,<code>gehersumia&amp;d;</code>,1,0.0003563
325,gehwylce,<code>gehwylce</code>,1,0.0003563
325,gehwylcum,<code>gehwylcum</code>,1,0.0003563
325,gehyr,<code>gehyr</code>,1,0.0003563
325,gehyra&eth;,<code>gehyra&amp;d;</code>,1,0.0003563
325,gel&aelig;dan,<code>gel&amp;ae;dan</code>,1,0.0003563
325,gel&aelig;ddest,<code>gel&amp;ae;ddest</code>,1,0.0003563
325,gel&aelig;fan,<code>gel&amp;ae;fan</code>,1,0.0003563
325,gelangian,<code>gelangian</code>,1,0.0003563
325,geleaffullan,<code>geleaffullan</code>,1,0.0003563
325,geleaffulre,<code>geleaffulre</code>,1,0.0003563
325,geleafleaste,<code>geleafleaste</code>,1,0.0003563
325,geleaste,<code>geleaste</code>,1,0.0003563
325,geleddon,<code>geleddon</code>,1,0.0003563
325,geli&eth;ewaca,<code>geli&amp;d;ewaca</code>,1,0.0003563
325,gelica&eth;,<code>gelica&amp;d;</code>,1,0.0003563
325,gelican,<code>gelican</code>,1,0.0003563
325,gelimplicum,<code>gelimplicum</code>,1,0.0003563
325,gelogode,<code>gelogode</code>,1,0.0003563
325,gelyf&eth;,<code>gelyf&amp;d;</code>,1,0.0003563
325,gelyfa&eth;,<code>gelyfa&amp;d;</code>,1,0.0003563
325,gelyfe,<code>gelyfe</code>,1,0.0003563
325,gelyff&aelig;ste,<code>gelyff&amp;ae;ste</code>,1,0.0003563
325,gem&aelig;rsod,<code>gem&amp;ae;rsod</code>,1,0.0003563
325,gemartyrode,<code>gemartyrode</code>,1,0.0003563
325,geneosode,<code>geneosode</code>,1,0.0003563
325,geny&eth;erunge,<code>geny&amp;d;erunge</code>,1,0.0003563
325,geoffria&eth;,<code>geoffria&amp;d;</code>,1,0.0003563
325,geoffrian,<code>geoffrian</code>,1,0.0003563
325,geoffrodon,<code>geoffrodon</code>,1,0.0003563
325,georne,<code>georne</code>,1,0.0003563
325,gereccan,<code>gereccan</code>,1,0.0003563
325,gerymdest,<code>gerymdest</code>,1,0.0003563
325,ges&aelig;lige,<code>ges&amp;ae;lige</code>,1,0.0003563
325,ges&aelig;liglice,<code>ges&amp;ae;liglice</code>,1,0.0003563
325,gesawon,<code>gesawon</code>,1,0.0003563
325,gescynde,<code>gescynde</code>,1,0.0003563
325,gescyndest,<code>gescyndest</code>,1,0.0003563
325,geseo&eth;,<code>geseo&amp;d;</code>,1,0.0003563
325,gesetnyssum,<code>gesetnyssum</code>,1,0.0003563
325,gesett,<code>gesett</code>,1,0.0003563
325,gesette,<code>gesette</code>,1,0.0003563
325,gespr&aelig;c,<code>gespr&amp;ae;c</code>,1,0.0003563
325,gestilst,<code>gestilst</code>,1,0.0003563
325,geswefode,<code>geswefode</code>,1,0.0003563
325,geswinc,<code>geswinc</code>,1,0.0003563
325,geswince,<code>geswince</code>,1,0.0003563
325,geswutelod,<code>geswutelod</code>,1,0.0003563
325,geswutelode,<code>geswutelode</code>,1,0.0003563
325,getele,<code>getele</code>,1,0.0003563
325,getimode,<code>getimode</code>,1,0.0003563
325,getintregode,<code>getintregode</code>,1,0.0003563
325,geuntrumode,<code>geuntrumode</code>,1,0.0003563
325,geunwur&eth;ode,<code>geunwur&amp;d;ode</code>,1,0.0003563
325,gewat,<code>gewat</code>,1,0.0003563
325,gewear&eth;,<code>gewear&amp;d;</code>,1,0.0003563
325,gewitnode,<code>gewitnode</code>,1,0.0003563
325,geworhte,<code>geworhte</code>,1,0.0003563
325,gewra&eth;,<code>gewra&amp;d;</code>,1,0.0003563
325,gewrecan,<code>gewrecan</code>,1,0.0003563
325,gewuldorbeagode,<code>gewuldorbeagode</code>,1,0.0003563
325,godspelle,<code>godspelle</code>,1,0.0003563
325,gr&aelig;dig,<code>gr&amp;ae;dig</code>,1,0.0003563
325,graman,<code>graman</code>,1,0.0003563
325,gremia&eth;,<code>gremia&amp;d;</code>,1,0.0003563
325,grenre,<code>grenre</code>,1,0.0003563
325,grimetede,<code>grimetede</code>,1,0.0003563
325,grin,<code>grin</code>,1,0.0003563
325,grund,<code>grund</code>,1,0.0003563
325,grunde,<code>grunde</code>,1,0.0003563
325,h&aelig;&eth;enra,<code>h&amp;ae;&amp;d;enra</code>,1,0.0003563
325,h&aelig;&eth;enscipe,<code>h&amp;ae;&amp;d;enscipe</code>,1,0.0003563
325,h&aelig;&eth;enscype,<code>h&amp;ae;&amp;d;enscype</code>,1,0.0003563
325,h&aelig;bbe,<code>h&amp;ae;bbe</code>,1,0.0003563
325,h&aelig;f&eth;,<code>h&amp;ae;f&amp;d;</code>,1,0.0003563
325,h&aelig;fdon,<code>h&amp;ae;fdon</code>,1,0.0003563
325,h&aelig;le,<code>h&amp;ae;le</code>,1,0.0003563
325,h&aelig;t,<code>h&amp;ae;t</code>,1,0.0003563
325,habban,<code>habban</code>,1,0.0003563
325,habitas,<code>habitas</code>,1,0.0003563
325,hagol,<code>hagol</code>,1,0.0003563
325,halgena,<code>halgena</code>,1,0.0003563
325,handa,<code>handa</code>,1,0.0003563
325,handlinga,<code>handlinga</code>,1,0.0003563
325,hat,<code>hat</code>,1,0.0003563
325,hatheortnys,<code>hatheortnys</code>,1,0.0003563
325,hatodon,<code>hatodon</code>,1,0.0003563
325,hatunge,<code>hatunge</code>,1,0.0003563
325,heafod,<code>heafod</code>,1,0.0003563
325,heahf&aelig;der,<code>heahf&amp;ae;der</code>,1,0.0003563
325,heahgerefan,<code>heahgerefan</code>,1,0.0003563
325,healican,<code>healican</code>,1,0.0003563
325,healicne,<code>healicne</code>,1,0.0003563
325,heardum,<code>heardum</code>,1,0.0003563
325,hefigtime,<code>hefigtime</code>,1,0.0003563
325,helle,<code>helle</code>,1,0.0003563
325,heofen,<code>heofen</code>,1,0.0003563
325,heofonan,<code>heofonan</code>,1,0.0003563
325,heofonas,<code>heofonas</code>,1,0.0003563
325,heofonlic,<code>heofonlic</code>,1,0.0003563
325,heofonlicre,<code>heofonlicre</code>,1,0.0003563
325,heortan,<code>heortan</code>,1,0.0003563
325,her,<code>her</code>,1,0.0003563
325,here,<code>here</code>,1,0.0003563
325,hergia&eth;,<code>hergia&amp;d;</code>,1,0.0003563
325,heria&eth;,<code>heria&amp;d;</code>,1,0.0003563
325,herigan,<code>herigan</code>,1,0.0003563
325,hlaforde,<code>hlaforde</code>,1,0.0003563
325,hluddre,<code>hluddre</code>,1,0.0003563
325,hlyste,<code>hlyste</code>,1,0.0003563
325,hlyw&eth;e,<code>hlyw&amp;d;e</code>,1,0.0003563
325,hopia&eth;,<code>hopia&amp;d;</code>,1,0.0003563
325,horwum,<code>horwum</code>,1,0.0003563
325,hosp,<code>hosp</code>,1,0.0003563
325,hreohnysse,<code>hreohnysse</code>,1,0.0003563
325,hrepode,<code>hrepode</code>,1,0.0003563
325,humeta,<code>humeta</code>,1,0.0003563
325,hwanon,<code>hwanon</code>,1,0.0003563
325,hwe&thorn;er,<code>hwe&amp;t;er</code>,1,0.0003563
325,hwile,<code>hwile</code>,1,0.0003563
325,hwilon,<code>hwilon</code>,1,0.0003563
325,hwilwendlice,<code>hwilwendlice</code>,1,0.0003563
325,hyna&eth;,<code>hyna&amp;d;</code>,1,0.0003563
325,hyre,<code>hyre</code>,1,0.0003563
325,iacob,<code>iacob</code>,1,0.0003563
325,idus,<code>idus</code>,1,0.0003563
325,infirmati,<code>infirmati</code>,1,0.0003563
325,inimici,<code>inimici</code>,1,0.0003563
325,inngehyd,<code>inngehyd</code>,1,0.0003563
325,iosepe,<code>iosepe</code>,1,0.0003563
325,ipsi,<code>ipsi</code>,1,0.0003563
325,ise,<code>ise</code>,1,0.0003563
325,israhele,<code>israhele</code>,1,0.0003563
325,iudas,<code>iudas</code>,1,0.0003563
325,iudeiscum,<code>iudeiscum</code>,1,0.0003563
325,kynehelm,<code>kynehelm</code>,1,0.0003563
325,kynehelma,<code>kynehelma</code>,1,0.0003563
325,kynehelme,<code>kynehelme</code>,1,0.0003563
325,kynincge,<code>kynincge</code>,1,0.0003563
325,l&aelig;g,<code>l&amp;ae;g</code>,1,0.0003563
325,lac,<code>lac</code>,1,0.0003563
325,laqueo,<code>laqueo</code>,1,0.0003563
325,lare,<code>lare</code>,1,0.0003563
325,lareowas,<code>lareowas</code>,1,0.0003563
325,lauaui,<code>lauaui</code>,1,0.0003563
325,leas,<code>leas</code>,1,0.0003563
325,leo,<code>leo</code>,1,0.0003563
325,leofa&eth;,<code>leofa&amp;d;</code>,1,0.0003563
325,leofe,<code>leofe</code>,1,0.0003563
325,leohte,<code>leohte</code>,1,0.0003563
325,libbende,<code>libbende</code>,1,0.0003563
325,libera,<code>libera</code>,1,0.0003563
325,lichama,<code>lichama</code>,1,0.0003563
325,licinius,<code>licinius</code>,1,0.0003563
325,life,<code>life</code>,1,0.0003563
325,lima,<code>lima</code>,1,0.0003563
325,lofsange,<code>lofsange</code>,1,0.0003563
325,losode,<code>losode</code>,1,0.0003563
325,lufe,<code>lufe</code>,1,0.0003563
325,lufia&eth;,<code>lufia&amp;d;</code>,1,0.0003563
325,lustas,<code>lustas</code>,1,0.0003563
325,lyfigendan,<code>lyfigendan</code>,1,0.0003563
325,m&aelig;g,<code>m&amp;ae;g</code>,1,0.0003563
325,m&aelig;re,<code>m&amp;ae;re</code>,1,0.0003563
325,m&aelig;rsia&eth;,<code>m&amp;ae;rsia&amp;d;</code>,1,0.0003563
325,m&aelig;rsigende,<code>m&amp;ae;rsigende</code>,1,0.0003563
325,magas,<code>magas</code>,1,0.0003563
325,man,<code>man</code>,1,0.0003563
325,mancynne,<code>mancynne</code>,1,0.0003563
325,manega,<code>manega</code>,1,0.0003563
325,manna,<code>manna</code>,1,0.0003563
325,martias,<code>martias</code>,1,0.0003563
325,mathias,<code>mathias</code>,1,0.0003563
325,mei,<code>mei</code>,1,0.0003563
325,men,<code>men</code>,1,0.0003563
325,menigfealde,<code>menigfealde</code>,1,0.0003563
325,meniu,<code>meniu</code>,1,0.0003563
325,meos,<code>meos</code>,1,0.0003563
325,micclum,<code>micclum</code>,1,0.0003563
325,micel,<code>micel</code>,1,0.0003563
325,midde,<code>midde</code>,1,0.0003563
325,middere,<code>middere</code>,1,0.0003563
325,middes,<code>middes</code>,1,0.0003563
325,mihtig,<code>mihtig</code>,1,0.0003563
325,mihton,<code>mihton</code>,1,0.0003563
325,militum,<code>militum</code>,1,0.0003563
325,min,<code>min</code>,1,0.0003563
325,mona,<code>mona</code>,1,0.0003563
325,moysen,<code>moysen</code>,1,0.0003563
325,mycclan,<code>mycclan</code>,1,0.0003563
325,mycele,<code>mycele</code>,1,0.0003563
325,n&aelig;fre,<code>n&amp;ae;fre</code>,1,0.0003563
325,n&aelig;nne,<code>n&amp;ae;nne</code>,1,0.0003563
325,nama,<code>nama</code>,1,0.0003563
325,natale,<code>natale</code>,1,0.0003563
325,neb,<code>neb</code>,1,0.0003563
325,nele,<code>nele</code>,1,0.0003563
325,nella&eth;,<code>nella&amp;d;</code>,1,0.0003563
325,nelt,<code>nelt</code>,1,0.0003563
325,neod,<code>neod</code>,1,0.0003563
325,neode,<code>neode</code>,1,0.0003563
325,nihte,<code>nihte</code>,1,0.0003563
325,nihtes,<code>nihtes</code>,1,0.0003563
325,nis,<code>nis</code>,1,0.0003563
325,niwelnyssa,<code>niwelnyssa</code>,1,0.0003563
325,noldon,<code>noldon</code>,1,0.0003563
325,nomine,<code>nomine</code>,1,0.0003563
325,nostra,<code>nostra</code>,1,0.0003563
325,nyte,<code>nyte</code>,1,0.0003563
325,o&eth;&eth;e,<code>o&amp;d;&amp;d;e</code>,1,0.0003563
325,o&thorn;&thorn;&aelig;t,<code>o&amp;t;&amp;t;&amp;ae;t</code>,1,0.0003563
325,o&thorn;er,<code>o&amp;t;er</code>,1,0.0003563
325,o&thorn;re,<code>o&amp;t;re</code>,1,0.0003563
325,oculos,<code>oculos</code>,1,0.0003563
325,ofer&thorn;eaht,<code>ofer&amp;t;eaht</code>,1,0.0003563
325,oferflowednysse,<code>oferflowednysse</code>,1,0.0003563
325,oferswi&eth;,<code>oferswi&amp;d;</code>,1,0.0003563
325,oferswi&eth;an,<code>oferswi&amp;d;an</code>,1,0.0003563
325,oferswi&eth;ed,<code>oferswi&amp;d;ed</code>,1,0.0003563
325,oferswi&eth;st,<code>oferswi&amp;d;st</code>,1,0.0003563
325,oferswy&thorn;ed,<code>oferswy&amp;t;ed</code>,1,0.0003563
325,offrian,<code>offrian</code>,1,0.0003563
325,offrunge,<code>offrunge</code>,1,0.0003563
325,ofslogon,<code>ofslogon</code>,1,0.0003563
325,olecunge,<code>olecunge</code>,1,0.0003563
325,oncnawan,<code>oncnawan</code>,1,0.0003563
325,oncneowan,<code>oncneowan</code>,1,0.0003563
325,ondr&aelig;da&eth;,<code>ondr&amp;ae;da&amp;d;</code>,1,0.0003563
325,ongean,<code>ongean</code>,1,0.0003563
325,ongin,<code>ongin</code>,1,0.0003563
325,ongunnon,<code>ongunnon</code>,1,0.0003563
325,onsigendan,<code>onsigendan</code>,1,0.0003563
325,ormetne,<code>ormetne</code>,1,0.0003563
325,passer,<code>passer</code>,1,0.0003563
325,paulus,<code>paulus</code>,1,0.0003563
325,pistole,<code>pistole</code>,1,0.0003563
325,preostum,<code>preostum</code>,1,0.0003563
325,quadraginta,<code>quadraginta</code>,1,0.0003563
325,quirion,<code>quirion</code>,1,0.0003563
325,r&aelig;dboran,<code>r&amp;ae;dboran</code>,1,0.0003563
325,r&aelig;de,<code>r&amp;ae;de</code>,1,0.0003563
325,r&aelig;dinge,<code>r&amp;ae;dinge</code>,1,0.0003563
325,re&eth;um,<code>re&amp;d;um</code>,1,0.0003563
325,readan,<code>readan</code>,1,0.0003563
325,renscuras,<code>renscuras</code>,1,0.0003563
325,rihtlice,<code>rihtlice</code>,1,0.0003563
325,rihtwisan,<code>rihtwisan</code>,1,0.0003563
325,rixa&eth;,<code>rixa&amp;d;</code>,1,0.0003563
325,s&aelig;dan,<code>s&amp;ae;dan</code>,1,0.0003563
325,s&aelig;de,<code>s&amp;ae;de</code>,1,0.0003563
325,s&aelig;don,<code>s&amp;ae;don</code>,1,0.0003563
325,s&aelig;licum,<code>s&amp;ae;licum</code>,1,0.0003563
325,saluum,<code>saluum</code>,1,0.0003563
325,sanctorum,<code>sanctorum</code>,1,0.0003563
325,sawl,<code>sawl</code>,1,0.0003563
325,sc&aelig;t,<code>sc&amp;ae;t</code>,1,0.0003563
325,scean,<code>scean</code>,1,0.0003563
325,scearpnysse,<code>scearpnysse</code>,1,0.0003563
325,sceattas,<code>sceattas</code>,1,0.0003563
325,sceocca,<code>sceocca</code>,1,0.0003563
325,sceoccan,<code>sceoccan</code>,1,0.0003563
325,sceolan,<code>sceolan</code>,1,0.0003563
325,sceolde,<code>sceolde</code>,1,0.0003563
325,scinende,<code>scinende</code>,1,0.0003563
325,scinon,<code>scinon</code>,1,0.0003563
325,scrynum,<code>scrynum</code>,1,0.0003563
325,scufon,<code>scufon</code>,1,0.0003563
325,sculon,<code>sculon</code>,1,0.0003563
325,scyn&eth;,<code>scyn&amp;d;</code>,1,0.0003563
325,scyppendes,<code>scyppendes</code>,1,0.0003563
325,sebastia,<code>sebastia</code>,1,0.0003563
325,secgende,<code>secgende</code>,1,0.0003563
325,seofon,<code>seofon</code>,1,0.0003563
325,sette,<code>sette</code>,1,0.0003563
325,setton,<code>setton</code>,1,0.0003563
325,si&thorn;&thorn;an,<code>si&amp;t;&amp;t;an</code>,1,0.0003563
325,sicut,<code>sicut</code>,1,0.0003563
325,smeade,<code>smeade</code>,1,0.0003563
325,smeage&eth;,<code>smeage&amp;d;</code>,1,0.0003563
325,snaw,<code>snaw</code>,1,0.0003563
325,so&eth;an,<code>so&amp;d;an</code>,1,0.0003563
325,softum,<code>softum</code>,1,0.0003563
325,spearwa,<code>spearwa</code>,1,0.0003563
325,stemne,<code>stemne</code>,1,0.0003563
325,steorran,<code>steorran</code>,1,0.0003563
325,stormas,<code>stormas</code>,1,0.0003563
325,strangan,<code>strangan</code>,1,0.0003563
325,streame,<code>streame</code>,1,0.0003563
325,sum,<code>sum</code>,1,0.0003563
325,sumere,<code>sumere</code>,1,0.0003563
325,sumum,<code>sumum</code>,1,0.0003563
325,sungan,<code>sungan</code>,1,0.0003563
325,sunt,<code>sunt</code>,1,0.0003563
325,sunu,<code>sunu</code>,1,0.0003563
325,sw&aelig;fne,<code>sw&amp;ae;fne</code>,1,0.0003563
325,sw&aelig;san,<code>sw&amp;ae;san</code>,1,0.0003563
325,swarlice,<code>swarlice</code>,1,0.0003563
325,swearta,<code>swearta</code>,1,0.0003563
325,sweartum,<code>sweartum</code>,1,0.0003563
325,swi&thorn;licum,<code>swi&amp;t;licum</code>,1,0.0003563
325,swicdom,<code>swicdom</code>,1,0.0003563
325,swor,<code>swor</code>,1,0.0003563
325,swurd,<code>swurd</code>,1,0.0003563
325,swy&eth;or,<code>swy&amp;d;or</code>,1,0.0003563
325,swy&thorn;e,<code>swy&amp;t;e</code>,1,0.0003563
325,swy&thorn;licre,<code>swy&amp;t;licre</code>,1,0.0003563
325,swylt,<code>swylt</code>,1,0.0003563
325,symle,<code>symle</code>,1,0.0003563
325,syndon,<code>syndon</code>,1,0.0003563
325,synfullan,<code>synfullan</code>,1,0.0003563
325,synna,<code>synna</code>,1,0.0003563
325,syrwde,<code>syrwde</code>,1,0.0003563
325,syrwdon,<code>syrwdon</code>,1,0.0003563
325,syrwia&eth;,<code>syrwia&amp;d;</code>,1,0.0003563
325,syrwunge,<code>syrwunge</code>,1,0.0003563
325,tacna,<code>tacna</code>,1,0.0003563
325,te,<code>te</code>,1,0.0003563
325,tealdon,<code>tealdon</code>,1,0.0003563
325,teartan,<code>teartan</code>,1,0.0003563
325,tearte,<code>tearte</code>,1,0.0003563
325,teartnysse,<code>teartnysse</code>,1,0.0003563
325,timan,<code>timan</code>,1,0.0003563
325,tintrega,<code>tintrega</code>,1,0.0003563
325,tintregu,<code>tintregu</code>,1,0.0003563
325,tob&aelig;rst,<code>tob&amp;ae;rst</code>,1,0.0003563
325,tobr&aelig;c,<code>tobr&amp;ae;c</code>,1,0.0003563
325,tobr&aelig;con,<code>tobr&amp;ae;con</code>,1,0.0003563
325,tobrecan,<code>tobrecan</code>,1,0.0003563
325,tobryt,<code>tobryt</code>,1,0.0003563
325,tocnawan,<code>tocnawan</code>,1,0.0003563
325,tocomon,<code>tocomon</code>,1,0.0003563
325,tocymes,<code>tocymes</code>,1,0.0003563
325,toslopene,<code>toslopene</code>,1,0.0003563
325,toweardan,<code>toweardan</code>,1,0.0003563
325,tribulant,<code>tribulant</code>,1,0.0003563
325,trumre,<code>trumre</code>,1,0.0003563
325,tua,<code>tua</code>,1,0.0003563
325,tuo,<code>tuo</code>,1,0.0003563
325,tw&aelig;man,<code>tw&amp;ae;man</code>,1,0.0003563
325,uenantium,<code>uenantium</code>,1,0.0003563
325,ufan,<code>ufan</code>,1,0.0003563
325,uirtute,<code>uirtute</code>,1,0.0003563
325,undeadlicum,<code>undeadlicum</code>,1,0.0003563
325,under&thorn;eoda&eth;,<code>under&amp;t;eoda&amp;d;</code>,1,0.0003563
325,undergeat,<code>undergeat</code>,1,0.0003563
325,undergitan,<code>undergitan</code>,1,0.0003563
325,unforhte,<code>unforhte</code>,1,0.0003563
325,ungehyrsum,<code>ungehyrsum</code>,1,0.0003563
325,unges&aelig;lig,<code>unges&amp;ae;lig</code>,1,0.0003563
325,unli&eth;an,<code>unli&amp;d;an</code>,1,0.0003563
325,unrihtwisra,<code>unrihtwisra</code>,1,0.0003563
325,up,<code>up</code>,1,0.0003563
325,vii,<code>vii</code>,1,0.0003563
325,w&aelig;fersyne,<code>w&amp;ae;fersyne</code>,1,0.0003563
325,w&aelig;lhreowan,<code>w&amp;ae;lhreowan</code>,1,0.0003563
325,w&aelig;lhreowe,<code>w&amp;ae;lhreowe</code>,1,0.0003563
325,w&aelig;rscipe,<code>w&amp;ae;rscipe</code>,1,0.0003563
325,w&aelig;stmas,<code>w&amp;ae;stmas</code>,1,0.0003563
325,wa,<code>wa</code>,1,0.0003563
325,wan,<code>wan</code>,1,0.0003563
325,wand,<code>wand</code>,1,0.0003563
325,wanode,<code>wanode</code>,1,0.0003563
325,weardmann,<code>weardmann</code>,1,0.0003563
325,weardmanna,<code>weardmanna</code>,1,0.0003563
325,wearm,<code>wearm</code>,1,0.0003563
325,wearman,<code>wearman</code>,1,0.0003563
325,wearmnys,<code>wearmnys</code>,1,0.0003563
325,wearp,<code>wearp</code>,1,0.0003563
325,weg,<code>weg</code>,1,0.0003563
325,wel,<code>wel</code>,1,0.0003563
325,weld&aelig;dum,<code>weld&amp;ae;dum</code>,1,0.0003563
325,wende,<code>wende</code>,1,0.0003563
325,wendon,<code>wendon</code>,1,0.0003563
325,weorcum,<code>weorcum</code>,1,0.0003563
325,werum,<code>werum</code>,1,0.0003563
325,wi&eth;erwinna,<code>wi&amp;d;erwinna</code>,1,0.0003563
325,wi&eth;sacan,<code>wi&amp;d;sacan</code>,1,0.0003563
325,widgillum,<code>widgillum</code>,1,0.0003563
325,wile,<code>wile</code>,1,0.0003563
325,wind,<code>wind</code>,1,0.0003563
325,windas,<code>windas</code>,1,0.0003563
325,winterlica,<code>winterlica</code>,1,0.0003563
325,wise,<code>wise</code>,1,0.0003563
325,wistest,<code>wistest</code>,1,0.0003563
325,witnerum,<code>witnerum</code>,1,0.0003563
325,witodlice,<code>witodlice</code>,1,0.0003563
325,witon,<code>witon</code>,1,0.0003563
325,witu,<code>witu</code>,1,0.0003563
325,wlacum,<code>wlacum</code>,1,0.0003563
325,wordum,<code>wordum</code>,1,0.0003563
325,worulda,<code>worulda</code>,1,0.0003563
325,wr&aelig;hte,<code>wr&amp;ae;hte</code>,1,0.0003563
325,wuldor,<code>wuldor</code>,1,0.0003563
325,wuldre,<code>wuldre</code>,1,0.0003563
325,wundor,<code>wundor</code>,1,0.0003563
325,wundrodon,<code>wundrodon</code>,1,0.0003563
325,wur&eth;ian,<code>wur&amp;d;ian</code>,1,0.0003563
325,wur&eth;odon,<code>wur&amp;d;odon</code>,1,0.0003563
325,wur&thorn;mynt,<code>wur&amp;t;mynt</code>,1,0.0003563
325,wylle,<code>wylle</code>,1,0.0003563
325,wynsumum,<code>wynsumum</code>,1,0.0003563
325,wynter,<code>wynter</code>,1,0.0003563
325,wyntres,<code>wyntres</code>,1,0.0003563
325,wyr&eth;myntas,<code>wyr&amp;d;myntas</code>,1,0.0003563
325,wyr&eth;mynte,<code>wyr&amp;d;mynte</code>,1,0.0003563
325,wyr&eth;ne,<code>wyr&amp;d;ne</code>,1,0.0003563
325,wyrcan,<code>wyrcan</code>,1,0.0003563
325,wyrcst,<code>wyrcst</code>,1,0.0003563
325,wyrhta,<code>wyrhta</code>,1,0.0003563
325,wyrhtena,<code>wyrhtena</code>,1,0.0003563
325,y&eth;a,<code>y&amp;d;a</code>,1,0.0003563
325,yfel,<code>yfel</code>,1,0.0003563
325,yfelnyss,<code>yfelnyss</code>,1,0.0003563
325,yfelum,<code>yfelum</code>,1,0.0003563
325,ylca,<code>ylca</code>,1,0.0003563
325,yrsa,<code>yrsa</code>,1,0.0003563
