B_Prose,B01,B01.003.020_AELS__Alban__T03200.txt,776,518,1973
RANK,HTML WORD,RAW WORD,COUNT,RELATIVE FREQUENCY
1,and,<code>and</code>,107,0.0542321
2,to,<code>to</code>,53,0.0268626
3,he,<code>he</code>,52,0.0263558
4,his,<code>his</code>,49,0.0248353
5,mid,<code>mid</code>,42,0.0212874
6,&thorn;e,<code>&amp;t;e</code>,40,0.0202737
7,on,<code>on</code>,35,0.0177395
7,se,<code>se</code>,35,0.0177395
9,&eth;a,<code>&amp;d;a</code>,30,0.0152053
9,&thorn;a,<code>&amp;t;a</code>,30,0.0152053
9,swa,<code>swa</code>,30,0.0152053
12,&thorn;am,<code>&amp;t;am</code>,29,0.0146984
13,hine,<code>hine</code>,24,0.0121642
14,&thorn;&aelig;t,<code>&amp;t;&amp;ae;t</code>,23,0.0116574
15,&eth;am,<code>&amp;d;am</code>,18,0.0091232
16,him,<code>him</code>,17,0.0086163
17,ac,<code>ac</code>,16,0.0081095
18,hi,<code>hi</code>,15,0.0076026
19,ne,<code>ne</code>,14,0.0070958
20,for,<code>for</code>,13,0.0065890
20,w&aelig;s,<code>w&amp;ae;s</code>,13,0.0065890
22,albanus,<code>albanus</code>,11,0.0055753
22,wear&eth;,<code>wear&amp;d;</code>,11,0.0055753
24,mihte,<code>mihte</code>,10,0.0050684
25,eac,<code>eac</code>,9,0.0045616
25,for&eth;an,<code>for&amp;d;an</code>,9,0.0045616
25,geleafan,<code>geleafan</code>,9,0.0045616
28,&thorn;one,<code>&amp;t;one</code>,8,0.0040547
28,dema,<code>dema</code>,8,0.0040547
28,god,<code>god</code>,8,0.0040547
28,godes,<code>godes</code>,8,0.0040547
28,heora,<code>heora</code>,8,0.0040547
28,ic,<code>ic</code>,8,0.0040547
34,&thorn;&aelig;r,<code>&amp;t;&amp;ae;r</code>,7,0.0035479
34,gif,<code>gif</code>,7,0.0035479
34,gode,<code>gode</code>,7,0.0035479
34,halgan,<code>halgan</code>,7,0.0035479
34,het,<code>het</code>,7,0.0035479
34,wolde,<code>wolde</code>,7,0.0035479
40,&aelig;fre,<code>&amp;ae;fre</code>,6,0.0030411
40,&eth;&aelig;re,<code>&amp;d;&amp;ae;re</code>,6,0.0030411
40,&eth;e,<code>&amp;d;e</code>,6,0.0030411
40,&eth;one,<code>&amp;d;one</code>,6,0.0030411
40,&thorn;onne,<code>&amp;t;onne</code>,6,0.0030411
40,be,<code>be</code>,6,0.0030411
40,criste,<code>criste</code>,6,0.0030411
40,hit,<code>hit</code>,6,0.0030411
40,sona,<code>sona</code>,6,0.0030411
40,us,<code>us</code>,6,0.0030411
50,&aelig;t,<code>&amp;ae;t</code>,5,0.0025342
50,&eth;&aelig;r,<code>&amp;d;&amp;ae;r</code>,5,0.0025342
50,&eth;&aelig;s,<code>&amp;d;&amp;ae;s</code>,5,0.0025342
50,&eth;u,<code>&amp;d;u</code>,5,0.0025342
50,&thorn;urh,<code>&amp;t;urh</code>,5,0.0025342
50,acwealde,<code>acwealde</code>,5,0.0025342
50,arleasan,<code>arleasan</code>,5,0.0025342
50,arn,<code>arn</code>,5,0.0025342
50,bi&eth;,<code>bi&amp;d;</code>,5,0.0025342
50,comon,<code>comon</code>,5,0.0025342
50,cw&aelig;&eth;,<code>cw&amp;ae;&amp;d;</code>,5,0.0025342
50,ecan,<code>ecan</code>,5,0.0025342
50,ende,<code>ende</code>,5,0.0025342
50,fram,<code>fram</code>,5,0.0025342
50,h&aelig;lend,<code>h&amp;ae;lend</code>,5,0.0025342
50,man,<code>man</code>,5,0.0025342
50,nolde,<code>nolde</code>,5,0.0025342
50,swy&eth;e,<code>swy&amp;d;e</code>,5,0.0025342
50,sylfne,<code>sylfne</code>,5,0.0025342
50,wi&eth;,<code>wi&amp;d;</code>,5,0.0025342
70,&thorn;&aelig;s,<code>&amp;t;&amp;ae;s</code>,4,0.0020274
70,acitofel,<code>acitofel</code>,4,0.0020274
70,acwellan,<code>acwellan</code>,4,0.0020274
70,an,<code>an</code>,4,0.0020274
70,andwyrde,<code>andwyrde</code>,4,0.0020274
70,ardlice,<code>ardlice</code>,4,0.0020274
70,cwellere,<code>cwellere</code>,4,0.0020274
70,cyrcan,<code>cyrcan</code>,4,0.0020274
70,deman,<code>deman</code>,4,0.0020274
70,eode,<code>eode</code>,4,0.0020274
70,me,<code>me</code>,4,0.0020274
70,nan,<code>nan</code>,4,0.0020274
70,of,<code>of</code>,4,0.0020274
70,ofer,<code>ofer</code>,4,0.0020274
70,preost,<code>preost</code>,4,0.0020274
70,sceattum,<code>sceattum</code>,4,0.0020274
70,se&eth;e,<code>se&amp;d;e</code>,4,0.0020274
70,wurdon,<code>wurdon</code>,4,0.0020274
88,&thorn;&aelig;re,<code>&amp;t;&amp;ae;re</code>,3,0.0015205
88,&thorn;us,<code>&amp;t;us</code>,3,0.0015205
88,absalon,<code>absalon</code>,3,0.0015205
88,albane,<code>albane</code>,3,0.0015205
88,albanes,<code>albanes</code>,3,0.0015205
88,butan,<code>butan</code>,3,0.0015205
88,casere,<code>casere</code>,3,0.0015205
88,crist,<code>crist</code>,3,0.0015205
88,cristenan,<code>cristenan</code>,3,0.0015205
88,cristes,<code>cristes</code>,3,0.0015205
88,dune,<code>dune</code>,3,0.0015205
88,ea,<code>ea</code>,3,0.0015205
88,ece,<code>ece</code>,3,0.0015205
88,ehterum,<code>ehterum</code>,3,0.0015205
88,ehtnysse,<code>ehtnysse</code>,3,0.0015205
88,engla,<code>engla</code>,3,0.0015205
88,f&aelig;der,<code>f&amp;ae;der</code>,3,0.0015205
88,ferde,<code>ferde</code>,3,0.0015205
88,gebigan,<code>gebigan</code>,3,0.0015205
88,godum,<code>godum</code>,3,0.0015205
88,h&aelig;lende,<code>h&amp;ae;lende</code>,3,0.0015205
88,hu,<code>hu</code>,3,0.0015205
88,huru,<code>huru</code>,3,0.0015205
88,hw&aelig;t,<code>hw&amp;ae;t</code>,3,0.0015205
88,hwylcere,<code>hwylcere</code>,3,0.0015205
88,is,<code>is</code>,3,0.0015205
88,life,<code>life</code>,3,0.0015205
88,martyr,<code>martyr</code>,3,0.0015205
88,naman,<code>naman</code>,3,0.0015205
88,nu,<code>nu</code>,3,0.0015205
88,o&eth;,<code>o&amp;d;</code>,3,0.0015205
88,o&eth;&thorn;&aelig;t,<code>o&amp;d;&amp;t;&amp;ae;t</code>,3,0.0015205
88,r&aelig;de,<code>r&amp;ae;de</code>,3,0.0015205
88,scea&eth;a,<code>scea&amp;d;a</code>,3,0.0015205
88,sceolde,<code>sceolde</code>,3,0.0015205
88,seo,<code>seo</code>,3,0.0015205
88,so&eth;,<code>so&amp;d;</code>,3,0.0015205
88,so&eth;an,<code>so&amp;d;an</code>,3,0.0015205
88,sum,<code>sum</code>,3,0.0015205
88,swurd,<code>swurd</code>,3,0.0015205
88,swylce,<code>swylce</code>,3,0.0015205
88,sy,<code>sy</code>,3,0.0015205
88,sy&eth;&eth;an,<code>sy&amp;d;&amp;d;an</code>,3,0.0015205
88,w&aelig;re,<code>w&amp;ae;re</code>,3,0.0015205
88,wer,<code>wer</code>,3,0.0015205
88,were,<code>were</code>,3,0.0015205
88,wita,<code>wita</code>,3,0.0015205
135,&aelig;lc,<code>&amp;ae;lc</code>,2,0.0010137
135,&aelig;lcere,<code>&amp;ae;lcere</code>,2,0.0010137
135,&aelig;lmihtigan,<code>&amp;ae;lmihtigan</code>,2,0.0010137
135,&aelig;r&eth;an,<code>&amp;ae;r&amp;d;an</code>,2,0.0010137
135,&aelig;tforan,<code>&amp;ae;tforan</code>,2,0.0010137
135,&eth;&aelig;ra,<code>&amp;d;&amp;ae;ra</code>,2,0.0010137
135,&eth;incg,<code>&amp;d;incg</code>,2,0.0010137
135,&thorn;a&eth;a,<code>&amp;t;a&amp;d;a</code>,2,0.0010137
135,&thorn;eah&eth;e,<code>&amp;t;eah&amp;d;e</code>,2,0.0010137
135,&thorn;u,<code>&amp;t;u</code>,2,0.0010137
135,a,<code>a</code>,2,0.0010137
135,absalone,<code>absalone</code>,2,0.0010137
135,amen,<code>amen</code>,2,0.0010137
135,anre,<code>anre</code>,2,0.0010137
135,arleasa,<code>arleasa</code>,2,0.0010137
135,astealde,<code>astealde</code>,2,0.0010137
135,awenda&eth;,<code>awenda&amp;d;</code>,2,0.0010137
135,b&aelig;d,<code>b&amp;ae;d</code>,2,0.0010137
135,bec,<code>bec</code>,2,0.0010137
135,becom,<code>becom</code>,2,0.0010137
135,beheafdian,<code>beheafdian</code>,2,0.0010137
135,behreowsunge,<code>behreowsunge</code>,2,0.0010137
135,beseah,<code>beseah</code>,2,0.0010137
135,brycge,<code>brycge</code>,2,0.0010137
135,cristen,<code>cristen</code>,2,0.0010137
135,cristendom,<code>cristendom</code>,2,0.0010137
135,cwealmb&aelig;re,<code>cwealmb&amp;ae;re</code>,2,0.0010137
135,cwelleras,<code>cwelleras</code>,2,0.0010137
135,de&eth;,<code>de&amp;d;</code>,2,0.0010137
135,deofle,<code>deofle</code>,2,0.0010137
135,deofollice,<code>deofollice</code>,2,0.0010137
135,domas,<code>domas</code>,2,0.0010137
135,drihten,<code>drihten</code>,2,0.0010137
135,drihtnes,<code>drihtnes</code>,2,0.0010137
135,dyde,<code>dyde</code>,2,0.0010137
135,ea&eth;e,<code>ea&amp;d;e</code>,2,0.0010137
135,eall,<code>eall</code>,2,0.0010137
135,ealle,<code>ealle</code>,2,0.0010137
135,eallre,<code>eallre</code>,2,0.0010137
135,eallum,<code>eallum</code>,2,0.0010137
135,ealne,<code>ealne</code>,2,0.0010137
135,ecnysse,<code>ecnysse</code>,2,0.0010137
135,edlean,<code>edlean</code>,2,0.0010137
135,eft,<code>eft</code>,2,0.0010137
135,ehtnyss,<code>ehtnyss</code>,2,0.0010137
135,eoden,<code>eoden</code>,2,0.0010137
135,for&eth;,<code>for&amp;d;</code>,2,0.0010137
135,fordemed,<code>fordemed</code>,2,0.0010137
135,foroft,<code>foroft</code>,2,0.0010137
135,fotum,<code>fotum</code>,2,0.0010137
135,fullum,<code>fullum</code>,2,0.0010137
135,ge,<code>ge</code>,2,0.0010137
135,gebroht,<code>gebroht</code>,2,0.0010137
135,geendode,<code>geendode</code>,2,0.0010137
135,gefullod,<code>gefullod</code>,2,0.0010137
135,gehaten,<code>gehaten</code>,2,0.0010137
135,gehw&aelig;r,<code>gehw&amp;ae;r</code>,2,0.0010137
135,gelyfde,<code>gelyfde</code>,2,0.0010137
135,grine,<code>grine</code>,2,0.0010137
135,h&aelig;&eth;engilde,<code>h&amp;ae;&amp;d;engilde</code>,2,0.0010137
135,h&aelig;lendes,<code>h&amp;ae;lendes</code>,2,0.0010137
135,habba&eth;,<code>habba&amp;d;</code>,2,0.0010137
135,habban,<code>habban</code>,2,0.0010137
135,hangode,<code>hangode</code>,2,0.0010137
135,helle,<code>helle</code>,2,0.0010137
135,heofonum,<code>heofonum</code>,2,0.0010137
135,hetelicum,<code>hetelicum</code>,2,0.0010137
135,hlaforde,<code>hlaforde</code>,2,0.0010137
135,hlafordswican,<code>hlafordswican</code>,2,0.0010137
135,hra&eth;e,<code>hra&amp;d;e</code>,2,0.0010137
135,hus,<code>hus</code>,2,0.0010137
135,huse,<code>huse</code>,2,0.0010137
135,l&aelig;g,<code>l&amp;ae;g</code>,2,0.0010137
135,lande,<code>lande</code>,2,0.0010137
135,lif,<code>lif</code>,2,0.0010137
135,lifes,<code>lifes</code>,2,0.0010137
135,losia&eth;,<code>losia&amp;d;</code>,2,0.0010137
135,ly&eth;rum,<code>ly&amp;d;rum</code>,2,0.0010137
135,manna,<code>manna</code>,2,0.0010137
135,mannum,<code>mannum</code>,2,0.0010137
135,menn,<code>menn</code>,2,0.0010137
135,middaneard,<code>middaneard</code>,2,0.0010137
135,moste,<code>moste</code>,2,0.0010137
135,mycelre,<code>mycelre</code>,2,0.0010137
135,naht,<code>naht</code>,2,0.0010137
135,r&aelig;d,<code>r&amp;ae;d</code>,2,0.0010137
135,rad,<code>rad</code>,2,0.0010137
135,re&eth;e,<code>re&amp;d;e</code>,2,0.0010137
135,riht,<code>riht</code>,2,0.0010137
135,scea&eth;an,<code>scea&amp;d;an</code>,2,0.0010137
135,sceall,<code>sceall</code>,2,0.0010137
135,sealde,<code>sealde</code>,2,0.0010137
135,secga&eth;,<code>secga&amp;d;</code>,2,0.0010137
135,secge,<code>secge</code>,2,0.0010137
135,slege,<code>slege</code>,2,0.0010137
135,so&eth;f&aelig;stan,<code>so&amp;d;f&amp;ae;stan</code>,2,0.0010137
135,so&eth;f&aelig;stnysse,<code>so&amp;d;f&amp;ae;stnysse</code>,2,0.0010137
135,so&eth;re,<code>so&amp;d;re</code>,2,0.0010137
135,so&eth;um,<code>so&amp;d;um</code>,2,0.0010137
135,swicdome,<code>swicdome</code>,2,0.0010137
135,swicola,<code>swicola</code>,2,0.0010137
135,swicolan,<code>swicolan</code>,2,0.0010137
135,swy&eth;or,<code>swy&amp;d;or</code>,2,0.0010137
135,sylf,<code>sylf</code>,2,0.0010137
135,sylla&eth;,<code>sylla&amp;d;</code>,2,0.0010137
135,symle,<code>symle</code>,2,0.0010137
135,synna,<code>synna</code>,2,0.0010137
135,un&thorn;ances,<code>un&amp;t;ances</code>,2,0.0010137
135,underfeng,<code>underfeng</code>,2,0.0010137
135,uppan,<code>uppan</code>,2,0.0010137
135,ut,<code>ut</code>,2,0.0010137
135,w&aelig;ron,<code>w&amp;ae;ron</code>,2,0.0010137
135,we,<code>we</code>,2,0.0010137
135,welwillendan,<code>welwillendan</code>,2,0.0010137
135,wifa,<code>wifa</code>,2,0.0010137
135,willan,<code>willan</code>,2,0.0010137
135,witna&eth;,<code>witna&amp;d;</code>,2,0.0010137
135,witu,<code>witu</code>,2,0.0010137
135,witum,<code>witum</code>,2,0.0010137
135,wodnysse,<code>wodnysse</code>,2,0.0010137
135,wope,<code>wope</code>,2,0.0010137
135,wuldor,<code>wuldor</code>,2,0.0010137
135,wur&eth;ige,<code>wur&amp;d;ige</code>,2,0.0010137
135,wylt,<code>wylt</code>,2,0.0010137
259,&aelig;&thorn;ela,<code>&amp;ae;&amp;t;ela</code>,1,0.0005068
259,&aelig;fen,<code>&amp;ae;fen</code>,1,0.0005068
259,&aelig;fnunge,<code>&amp;ae;fnunge</code>,1,0.0005068
259,&aelig;fter,<code>&amp;ae;fter</code>,1,0.0005068
259,&aelig;nne,<code>&amp;ae;nne</code>,1,0.0005068
259,&aelig;r,<code>&amp;ae;r</code>,1,0.0005068
259,&aelig;rendracan,<code>&amp;ae;rendracan</code>,1,0.0005068
259,&aelig;tbr&aelig;d,<code>&amp;ae;tbr&amp;ae;d</code>,1,0.0005068
259,&aelig;tbrede,<code>&amp;ae;tbrede</code>,1,0.0005068
259,&aelig;tbrudon,<code>&amp;ae;tbrudon</code>,1,0.0005068
259,&aelig;tlutode,<code>&amp;ae;tlutode</code>,1,0.0005068
259,&aelig;twand,<code>&amp;ae;twand</code>,1,0.0005068
259,&eth;&aelig;t,<code>&amp;d;&amp;ae;t</code>,1,0.0005068
259,&eth;enunge,<code>&amp;d;enunge</code>,1,0.0005068
259,&eth;eofas,<code>&amp;d;eofas</code>,1,0.0005068
259,&eth;inum,<code>&amp;d;inum</code>,1,0.0005068
259,&eth;onne,<code>&amp;d;onne</code>,1,0.0005068
259,&eth;rowa&eth;,<code>&amp;d;rowa&amp;d;</code>,1,0.0005068
259,&eth;urh,<code>&amp;d;urh</code>,1,0.0005068
259,&eth;us,<code>&amp;d;us</code>,1,0.0005068
259,&eth;yder,<code>&amp;d;yder</code>,1,0.0005068
259,&thorn;&aelig;gn,<code>&amp;t;&amp;ae;gn</code>,1,0.0005068
259,&thorn;&aelig;ra,<code>&amp;t;&amp;ae;ra</code>,1,0.0005068
259,&thorn;&aelig;rrihte,<code>&amp;t;&amp;ae;rrihte</code>,1,0.0005068
259,&thorn;ancode,<code>&amp;t;ancode</code>,1,0.0005068
259,&thorn;egn,<code>&amp;t;egn</code>,1,0.0005068
259,&thorn;egnas,<code>&amp;t;egnas</code>,1,0.0005068
259,&thorn;eof,<code>&amp;t;eof</code>,1,0.0005068
259,&thorn;eos,<code>&amp;t;eos</code>,1,0.0005068
259,&thorn;eowracan,<code>&amp;t;eowracan</code>,1,0.0005068
259,&thorn;inne,<code>&amp;t;inne</code>,1,0.0005068
259,&thorn;is,<code>&amp;t;is</code>,1,0.0005068
259,&thorn;rowunge,<code>&amp;t;rowunge</code>,1,0.0005068
259,&thorn;urh&eth;ydon,<code>&amp;t;urh&amp;d;ydon</code>,1,0.0005068
259,aaron,<code>aaron</code>,1,0.0005068
259,ablend,<code>ablend</code>,1,0.0005068
259,ablenda&eth;,<code>ablenda&amp;d;</code>,1,0.0005068
259,abryrd,<code>abryrd</code>,1,0.0005068
259,acennednysse,<code>acennednysse</code>,1,0.0005068
259,acweald,<code>acweald</code>,1,0.0005068
259,adr&aelig;fan,<code>adr&amp;ae;fan</code>,1,0.0005068
259,adruwode,<code>adruwode</code>,1,0.0005068
259,adyt,<code>adyt</code>,1,0.0005068
259,afylled,<code>afylled</code>,1,0.0005068
259,afyrht,<code>afyrht</code>,1,0.0005068
259,agen,<code>agen</code>,1,0.0005068
259,agenne,<code>agenne</code>,1,0.0005068
259,agenslaga,<code>agenslaga</code>,1,0.0005068
259,agenum,<code>agenum</code>,1,0.0005068
259,agustinus,<code>agustinus</code>,1,0.0005068
259,ahr&aelig;d,<code>ahr&amp;ae;d</code>,1,0.0005068
259,albani,<code>albani</code>,1,0.0005068
259,alia,<code>alia</code>,1,0.0005068
259,ameldian,<code>ameldian</code>,1,0.0005068
259,amet,<code>amet</code>,1,0.0005068
259,anr&aelig;dnysse,<code>anr&amp;ae;dnysse</code>,1,0.0005068
259,anr&aelig;dum,<code>anr&amp;ae;dum</code>,1,0.0005068
259,anweald,<code>anweald</code>,1,0.0005068
259,arf&aelig;stan,<code>arf&amp;ae;stan</code>,1,0.0005068
259,arf&aelig;stnysse,<code>arf&amp;ae;stnysse</code>,1,0.0005068
259,arwur&eth;an,<code>arwur&amp;d;an</code>,1,0.0005068
259,arwur&eth;lice,<code>arwur&amp;d;lice</code>,1,0.0005068
259,arwur&thorn;an,<code>arwur&amp;t;an</code>,1,0.0005068
259,awearp,<code>awearp</code>,1,0.0005068
259,axie,<code>axie</code>,1,0.0005068
259,axode,<code>axode</code>,1,0.0005068
259,be&thorn;encan,<code>be&amp;t;encan</code>,1,0.0005068
259,bealwe,<code>bealwe</code>,1,0.0005068
259,bebyrged,<code>bebyrged</code>,1,0.0005068
259,becw&aelig;&eth;,<code>becw&amp;ae;&amp;d;</code>,1,0.0005068
259,becymst,<code>becymst</code>,1,0.0005068
259,bedyddra&eth;,<code>bedyddra&amp;d;</code>,1,0.0005068
259,began,<code>began</code>,1,0.0005068
259,beheafdigenne,<code>beheafdigenne</code>,1,0.0005068
259,beheafdod,<code>beheafdod</code>,1,0.0005068
259,beheafdode,<code>beheafdode</code>,1,0.0005068
259,beheafdodon,<code>beheafdodon</code>,1,0.0005068
259,beheafdunge,<code>beheafdunge</code>,1,0.0005068
259,behydde,<code>behydde</code>,1,0.0005068
259,bel&aelig;wa,<code>bel&amp;ae;wa</code>,1,0.0005068
259,bel&aelig;wde,<code>bel&amp;ae;wde</code>,1,0.0005068
259,belymp&eth;,<code>belymp&amp;d;</code>,1,0.0005068
259,bem&aelig;n&eth;,<code>bem&amp;ae;n&amp;d;</code>,1,0.0005068
259,ben&aelig;man,<code>ben&amp;ae;man</code>,1,0.0005068
259,bendum,<code>bendum</code>,1,0.0005068
259,beo&eth;,<code>beo&amp;d;</code>,1,0.0005068
259,ber&aelig;dan,<code>ber&amp;ae;dan</code>,1,0.0005068
259,berypte,<code>berypte</code>,1,0.0005068
259,beswac,<code>beswac</code>,1,0.0005068
259,beswican,<code>beswican</code>,1,0.0005068
259,beswingan,<code>beswingan</code>,1,0.0005068
259,bet&aelig;ht,<code>bet&amp;ae;ht</code>,1,0.0005068
259,betwux,<code>betwux</code>,1,0.0005068
259,biddende,<code>biddende</code>,1,0.0005068
259,biggencgum,<code>biggencgum</code>,1,0.0005068
259,biggengum,<code>biggengum</code>,1,0.0005068
259,bigleofan,<code>bigleofan</code>,1,0.0005068
259,bist,<code>bist</code>,1,0.0005068
259,bit,<code>bit</code>,1,0.0005068
259,blode,<code>blode</code>,1,0.0005068
259,bryttas,<code>bryttas</code>,1,0.0005068
259,bugan,<code>bugan</code>,1,0.0005068
259,burston,<code>burston</code>,1,0.0005068
259,buton,<code>buton</code>,1,0.0005068
259,butu,<code>butu</code>,1,0.0005068
259,bydelas,<code>bydelas</code>,1,0.0005068
259,bysmorfullum,<code>bysmorfullum</code>,1,0.0005068
259,ceastra,<code>ceastra</code>,1,0.0005068
259,cempa,<code>cempa</code>,1,0.0005068
259,cempan,<code>cempan</code>,1,0.0005068
259,cepe,<code>cepe</code>,1,0.0005068
259,cepton,<code>cepton</code>,1,0.0005068
259,clypa&eth;,<code>clypa&amp;d;</code>,1,0.0005068
259,come,<code>come</code>,1,0.0005068
259,cr&aelig;fte,<code>cr&amp;ae;fte</code>,1,0.0005068
259,cristendome,<code>cristendome</code>,1,0.0005068
259,cristenra,<code>cristenra</code>,1,0.0005068
259,cunna&eth;,<code>cunna&amp;d;</code>,1,0.0005068
259,cw&aelig;&thorn;,<code>cw&amp;ae;&amp;t;</code>,1,0.0005068
259,cwale,<code>cwale</code>,1,0.0005068
259,cy&eth;,<code>cy&amp;d;</code>,1,0.0005068
259,cy&eth;a&thorn;,<code>cy&amp;d;a&amp;t;</code>,1,0.0005068
259,cynedome,<code>cynedome</code>,1,0.0005068
259,cynincge,<code>cynincge</code>,1,0.0005068
259,d&aelig;da,<code>d&amp;ae;da</code>,1,0.0005068
259,d&aelig;g,<code>d&amp;ae;g</code>,1,0.0005068
259,d&aelig;ges,<code>d&amp;ae;ges</code>,1,0.0005068
259,dagum,<code>dagum</code>,1,0.0005068
259,dauid,<code>dauid</code>,1,0.0005068
259,dauide,<code>dauide</code>,1,0.0005068
259,dauides,<code>dauides</code>,1,0.0005068
259,dea&eth;es,<code>dea&amp;d;es</code>,1,0.0005068
259,defollican,<code>defollican</code>,1,0.0005068
259,deofles,<code>deofles</code>,1,0.0005068
259,deoflum,<code>deoflum</code>,1,0.0005068
259,deofol,<code>deofol</code>,1,0.0005068
259,deope,<code>deope</code>,1,0.0005068
259,digle,<code>digle</code>,1,0.0005068
259,digollice,<code>digollice</code>,1,0.0005068
259,dioclitianus,<code>dioclitianus</code>,1,0.0005068
259,do,<code>do</code>,1,0.0005068
259,dohte,<code>dohte</code>,1,0.0005068
259,dom,<code>dom</code>,1,0.0005068
259,domes,<code>domes</code>,1,0.0005068
259,drihtne,<code>drihtne</code>,1,0.0005068
259,dun,<code>dun</code>,1,0.0005068
259,dydon,<code>dydon</code>,1,0.0005068
259,eadiga,<code>eadiga</code>,1,0.0005068
259,eagan,<code>eagan</code>,1,0.0005068
259,ealdormann,<code>ealdormann</code>,1,0.0005068
259,ealles,<code>ealles</code>,1,0.0005068
259,eallra,<code>eallra</code>,1,0.0005068
259,eallwealdenda,<code>eallwealdenda</code>,1,0.0005068
259,eallwealdendes,<code>eallwealdendes</code>,1,0.0005068
259,earme,<code>earme</code>,1,0.0005068
259,earming,<code>earming</code>,1,0.0005068
259,eart,<code>eart</code>,1,0.0005068
259,ecean,<code>ecean</code>,1,0.0005068
259,ecelice,<code>ecelice</code>,1,0.0005068
259,ecum,<code>ecum</code>,1,0.0005068
259,efstan,<code>efstan</code>,1,0.0005068
259,ehte,<code>ehte</code>,1,0.0005068
259,ehtnys,<code>ehtnys</code>,1,0.0005068
259,elcian,<code>elcian</code>,1,0.0005068
259,embe,<code>embe</code>,1,0.0005068
259,eom,<code>eom</code>,1,0.0005068
259,eor&eth;an,<code>eor&amp;d;an</code>,1,0.0005068
259,eower,<code>eower</code>,1,0.0005068
259,eowerne,<code>eowerne</code>,1,0.0005068
259,eowre,<code>eowre</code>,1,0.0005068
259,et,<code>et</code>,1,0.0005068
259,f&aelig;deras,<code>f&amp;ae;deras</code>,1,0.0005068
259,f&aelig;derswica,<code>f&amp;ae;derswica</code>,1,0.0005068
259,f&aelig;gernysse,<code>f&amp;ae;gernysse</code>,1,0.0005068
259,f&aelig;stan,<code>f&amp;ae;stan</code>,1,0.0005068
259,f&aelig;stende,<code>f&amp;ae;stende</code>,1,0.0005068
259,fela,<code>fela</code>,1,0.0005068
259,feoll,<code>feoll</code>,1,0.0005068
259,feollon,<code>feollon</code>,1,0.0005068
259,feondlicum,<code>feondlicum</code>,1,0.0005068
259,feondum,<code>feondum</code>,1,0.0005068
259,feore,<code>feore</code>,1,0.0005068
259,feores,<code>feores</code>,1,0.0005068
259,ferdon,<code>ferdon</code>,1,0.0005068
259,fexe,<code>fexe</code>,1,0.0005068
259,fleame,<code>fleame</code>,1,0.0005068
259,fleondan,<code>fleondan</code>,1,0.0005068
259,folce,<code>folce</code>,1,0.0005068
259,for&eth;am,<code>for&amp;d;am</code>,1,0.0005068
259,forb&aelig;r,<code>forb&amp;ae;r</code>,1,0.0005068
259,forb&aelig;rnde,<code>forb&amp;ae;rnde</code>,1,0.0005068
259,forl&aelig;rde,<code>forl&amp;ae;rde</code>,1,0.0005068
259,forscylgod,<code>forscylgod</code>,1,0.0005068
259,ful,<code>ful</code>,1,0.0005068
259,fulluhte,<code>fulluhte</code>,1,0.0005068
259,fyr&eth;rian,<code>fyr&amp;d;rian</code>,1,0.0005068
259,fyrde,<code>fyrde</code>,1,0.0005068
259,gastlicum,<code>gastlicum</code>,1,0.0005068
259,ge&eth;afian,<code>ge&amp;d;afian</code>,1,0.0005068
259,ge&eth;eahte,<code>ge&amp;d;eahte</code>,1,0.0005068
259,ge&thorn;ance,<code>ge&amp;t;ance</code>,1,0.0005068
259,ge&thorn;eaht,<code>ge&amp;t;eaht</code>,1,0.0005068
259,ge&thorn;yldiglice,<code>ge&amp;t;yldiglice</code>,1,0.0005068
259,geandettan,<code>geandettan</code>,1,0.0005068
259,geanl&aelig;ht,<code>geanl&amp;ae;ht</code>,1,0.0005068
259,geara,<code>geara</code>,1,0.0005068
259,gearum,<code>gearum</code>,1,0.0005068
259,geaxode,<code>geaxode</code>,1,0.0005068
259,gebealh,<code>gebealh</code>,1,0.0005068
259,gebedu,<code>gebedu</code>,1,0.0005068
259,gebetton,<code>gebetton</code>,1,0.0005068
259,gebidde,<code>gebidde</code>,1,0.0005068
259,gebigde,<code>gebigde</code>,1,0.0005068
259,gebuge,<code>gebuge</code>,1,0.0005068
259,gebunden,<code>gebunden</code>,1,0.0005068
259,gecampe,<code>gecampe</code>,1,0.0005068
259,gecoren,<code>gecoren</code>,1,0.0005068
259,gecweme,<code>gecweme</code>,1,0.0005068
259,gecwylmede,<code>gecwylmede</code>,1,0.0005068
259,gecyrre,<code>gecyrre</code>,1,0.0005068
259,gedafna&eth;,<code>gedafna&amp;d;</code>,1,0.0005068
259,geearnode,<code>geearnode</code>,1,0.0005068
259,geedniwodon,<code>geedniwodon</code>,1,0.0005068
259,gefeccan,<code>gefeccan</code>,1,0.0005068
259,gefeng,<code>gefeng</code>,1,0.0005068
259,gefera,<code>gefera</code>,1,0.0005068
259,gefon,<code>gefon</code>,1,0.0005068
259,gefremman,<code>gefremman</code>,1,0.0005068
259,gefremode,<code>gefremode</code>,1,0.0005068
259,gegadum,<code>gegadum</code>,1,0.0005068
259,gehelpan,<code>gehelpan</code>,1,0.0005068
259,gehende,<code>gehende</code>,1,0.0005068
259,gehyran,<code>gehyran</code>,1,0.0005068
259,gehyrsumian,<code>gehyrsumian</code>,1,0.0005068
259,gel&aelig;de,<code>gel&amp;ae;de</code>,1,0.0005068
259,gelamp,<code>gelamp</code>,1,0.0005068
259,geleaffull,<code>geleaffull</code>,1,0.0005068
259,geleaffullan,<code>geleaffullan</code>,1,0.0005068
259,geleafleasa,<code>geleafleasa</code>,1,0.0005068
259,gelette,<code>gelette</code>,1,0.0005068
259,gelic,<code>gelic</code>,1,0.0005068
259,gelician,<code>gelician</code>,1,0.0005068
259,gelome,<code>gelome</code>,1,0.0005068
259,gelyfdon,<code>gelyfdon</code>,1,0.0005068
259,gelyfe,<code>gelyfe</code>,1,0.0005068
259,gelyfed,<code>gelyfed</code>,1,0.0005068
259,gemiltsa,<code>gemiltsa</code>,1,0.0005068
259,gemiltsian,<code>gemiltsian</code>,1,0.0005068
259,gemynte,<code>gemynte</code>,1,0.0005068
259,geomerunge,<code>geomerunge</code>,1,0.0005068
259,geond,<code>geond</code>,1,0.0005068
259,geopenode,<code>geopenode</code>,1,0.0005068
259,ges&aelig;l&thorn;e,<code>ges&amp;ae;l&amp;t;e</code>,1,0.0005068
259,gesceafta,<code>gesceafta</code>,1,0.0005068
259,gesceop,<code>gesceop</code>,1,0.0005068
259,gescylde,<code>gescylde</code>,1,0.0005068
259,geseah,<code>geseah</code>,1,0.0005068
259,gestrangod,<code>gestrangod</code>,1,0.0005068
259,gesundful,<code>gesundful</code>,1,0.0005068
259,geswac,<code>geswac</code>,1,0.0005068
259,geswican,<code>geswican</code>,1,0.0005068
259,getreowleasan,<code>getreowleasan</code>,1,0.0005068
259,getucod,<code>getucod</code>,1,0.0005068
259,geunwur&eth;od,<code>geunwur&amp;d;od</code>,1,0.0005068
259,gewilna&eth;,<code>gewilna&amp;d;</code>,1,0.0005068
259,gewilnode,<code>gewilnode</code>,1,0.0005068
259,gewinn,<code>gewinn</code>,1,0.0005068
259,geworden,<code>geworden</code>,1,0.0005068
259,geworhte,<code>geworhte</code>,1,0.0005068
259,gl&aelig;dum,<code>gl&amp;ae;dum</code>,1,0.0005068
259,godas,<code>godas</code>,1,0.0005068
259,gram,<code>gram</code>,1,0.0005068
259,graman,<code>graman</code>,1,0.0005068
259,gramlican,<code>gramlican</code>,1,0.0005068
259,gregories,<code>gregories</code>,1,0.0005068
259,h&aelig;&eth;en,<code>h&amp;ae;&amp;d;en</code>,1,0.0005068
259,h&aelig;&eth;enan,<code>h&amp;ae;&amp;d;enan</code>,1,0.0005068
259,h&aelig;&eth;enscype,<code>h&amp;ae;&amp;d;enscype</code>,1,0.0005068
259,h&aelig;f&eth;,<code>h&amp;ae;f&amp;d;</code>,1,0.0005068
259,h&aelig;sum,<code>h&amp;ae;sum</code>,1,0.0005068
259,hakelan,<code>hakelan</code>,1,0.0005068
259,halgum,<code>halgum</code>,1,0.0005068
259,ham,<code>ham</code>,1,0.0005068
259,hangiende,<code>hangiende</code>,1,0.0005068
259,hangigende,<code>hangigende</code>,1,0.0005068
259,hatte,<code>hatte</code>,1,0.0005068
259,heafde,<code>heafde</code>,1,0.0005068
259,heahne,<code>heahne</code>,1,0.0005068
259,healdan,<code>healdan</code>,1,0.0005068
259,healicum,<code>healicum</code>,1,0.0005068
259,hengest,<code>hengest</code>,1,0.0005068
259,heo,<code>heo</code>,1,0.0005068
259,heortan,<code>heortan</code>,1,0.0005068
259,her,<code>her</code>,1,0.0005068
259,herian,<code>herian</code>,1,0.0005068
259,hlaford,<code>hlaford</code>,1,0.0005068
259,hneccan,<code>hneccan</code>,1,0.0005068
259,holt,<code>holt</code>,1,0.0005068
259,horsan,<code>horsan</code>,1,0.0005068
259,hund,<code>hund</code>,1,0.0005068
259,hundeahtatigum,<code>hundeahtatigum</code>,1,0.0005068
259,hw&aelig;ne,<code>hw&amp;ae;ne</code>,1,0.0005068
259,hyndon,<code>hyndon</code>,1,0.0005068
259,hyre,<code>hyre</code>,1,0.0005068
259,incundre,<code>incundre</code>,1,0.0005068
259,incundum,<code>incundum</code>,1,0.0005068
259,item,<code>item</code>,1,0.0005068
259,iudas,<code>iudas</code>,1,0.0005068
259,iulius,<code>iulius</code>,1,0.0005068
259,l&aelig;dan,<code>l&amp;ae;dan</code>,1,0.0005068
259,la&eth;um,<code>la&amp;d;um</code>,1,0.0005068
259,lac,<code>lac</code>,1,0.0005068
259,land,<code>land</code>,1,0.0005068
259,lange,<code>lange</code>,1,0.0005068
259,lare,<code>lare</code>,1,0.0005068
259,leddon,<code>leddon</code>,1,0.0005068
259,leof,<code>leof</code>,1,0.0005068
259,leofa&eth;,<code>leofa&amp;d;</code>,1,0.0005068
259,leofodon,<code>leofodon</code>,1,0.0005068
259,lof,<code>lof</code>,1,0.0005068
259,lofe,<code>lofe</code>,1,0.0005068
259,lufode,<code>lufode</code>,1,0.0005068
259,lufon,<code>lufon</code>,1,0.0005068
259,lybban,<code>lybban</code>,1,0.0005068
259,m&aelig;g&eth;e,<code>m&amp;ae;g&amp;d;e</code>,1,0.0005068
259,m&aelig;g&thorn;e,<code>m&amp;ae;g&amp;t;e</code>,1,0.0005068
259,m&aelig;re,<code>m&amp;ae;re</code>,1,0.0005068
259,m&aelig;rum,<code>m&amp;ae;rum</code>,1,0.0005068
259,magon,<code>magon</code>,1,0.0005068
259,manega,<code>manega</code>,1,0.0005068
259,manfullan,<code>manfullan</code>,1,0.0005068
259,manfullice,<code>manfullice</code>,1,0.0005068
259,manfullum,<code>manfullum</code>,1,0.0005068
259,martyrdome,<code>martyrdome</code>,1,0.0005068
259,martyre,<code>martyre</code>,1,0.0005068
259,martyris,<code>martyris</code>,1,0.0005068
259,martyrum,<code>martyrum</code>,1,0.0005068
259,medes,<code>medes</code>,1,0.0005068
259,men,<code>men</code>,1,0.0005068
259,mihton,<code>mihton</code>,1,0.0005068
259,mildheortlice,<code>mildheortlice</code>,1,0.0005068
259,miltsunga,<code>miltsunga</code>,1,0.0005068
259,miltsunge,<code>miltsunge</code>,1,0.0005068
259,mod,<code>mod</code>,1,0.0005068
259,mode,<code>mode</code>,1,0.0005068
259,modes,<code>modes</code>,1,0.0005068
259,mul,<code>mul</code>,1,0.0005068
259,mule,<code>mule</code>,1,0.0005068
259,mylna,<code>mylna</code>,1,0.0005068
259,mylne,<code>mylne</code>,1,0.0005068
259,myrige,<code>myrige</code>,1,0.0005068
259,n&aelig;re,<code>n&amp;ae;re</code>,1,0.0005068
259,n&aelig;s,<code>n&amp;ae;s</code>,1,0.0005068
259,na,<code>na</code>,1,0.0005068
259,nabba&eth;,<code>nabba&amp;d;</code>,1,0.0005068
259,nele,<code>nele</code>,1,0.0005068
259,neorxnawange,<code>neorxnawange</code>,1,0.0005068
259,nihtes,<code>nihtes</code>,1,0.0005068
259,nima&eth;,<code>nima&amp;d;</code>,1,0.0005068
259,nv,<code>nv</code>,1,0.0005068
259,o&eth;&eth;e,<code>o&amp;d;&amp;d;e</code>,1,0.0005068
259,o&eth;er,<code>o&amp;d;er</code>,1,0.0005068
259,o&eth;erne,<code>o&amp;d;erne</code>,1,0.0005068
259,o&eth;re,<code>o&amp;d;re</code>,1,0.0005068
259,o&eth;res,<code>o&amp;d;res</code>,1,0.0005068
259,o&thorn;&thorn;&aelig;t,<code>o&amp;t;&amp;t;&amp;ae;t</code>,1,0.0005068
259,ofaxian,<code>ofaxian</code>,1,0.0005068
259,oferswy&eth;an,<code>oferswy&amp;d;an</code>,1,0.0005068
259,offria&eth;,<code>offria&amp;d;</code>,1,0.0005068
259,offrige,<code>offrige</code>,1,0.0005068
259,offrode,<code>offrode</code>,1,0.0005068
259,offrunga,<code>offrunga</code>,1,0.0005068
259,ofslagen,<code>ofslagen</code>,1,0.0005068
259,ofslagene,<code>ofslagene</code>,1,0.0005068
259,oft,<code>oft</code>,1,0.0005068
259,onbryrde,<code>onbryrde</code>,1,0.0005068
259,oncnawan,<code>oncnawan</code>,1,0.0005068
259,onfon,<code>onfon</code>,1,0.0005068
259,ongan,<code>ongan</code>,1,0.0005068
259,orm&aelig;tan,<code>orm&amp;ae;tan</code>,1,0.0005068
259,ormetre,<code>ormetre</code>,1,0.0005068
259,papan,<code>papan</code>,1,0.0005068
259,passio,<code>passio</code>,1,0.0005068
259,preoste,<code>preoste</code>,1,0.0005068
259,preostes,<code>preostes</code>,1,0.0005068
259,r&aelig;dde,<code>r&amp;ae;dde</code>,1,0.0005068
259,racenteagum,<code>racenteagum</code>,1,0.0005068
259,re&eth;an,<code>re&amp;d;an</code>,1,0.0005068
259,reaflace,<code>reaflace</code>,1,0.0005068
259,rice,<code>rice</code>,1,0.0005068
259,rihte,<code>rihte</code>,1,0.0005068
259,rihtwisa,<code>rihtwisa</code>,1,0.0005068
259,rihtwisan,<code>rihtwisan</code>,1,0.0005068
259,rihtwisnysse,<code>rihtwisnysse</code>,1,0.0005068
259,rihtwisum,<code>rihtwisum</code>,1,0.0005068
259,rixode,<code>rixode</code>,1,0.0005068
259,rymde,<code>rymde</code>,1,0.0005068
259,s&aelig;don,<code>s&amp;ae;don</code>,1,0.0005068
259,s&aelig;t,<code>s&amp;ae;t</code>,1,0.0005068
259,sancti,<code>sancti</code>,1,0.0005068
259,sawl,<code>sawl</code>,1,0.0005068
259,scea&eth;ena,<code>scea&amp;d;ena</code>,1,0.0005068
259,scealt,<code>scealt</code>,1,0.0005068
259,sceame,<code>sceame</code>,1,0.0005068
259,sceandlice,<code>sceandlice</code>,1,0.0005068
259,scearpe,<code>scearpe</code>,1,0.0005068
259,sceattas,<code>sceattas</code>,1,0.0005068
259,scynende,<code>scynende</code>,1,0.0005068
259,scyppend,<code>scyppend</code>,1,0.0005068
259,scyppende,<code>scyppende</code>,1,0.0005068
259,secgan,<code>secgan</code>,1,0.0005068
259,sidf&aelig;xede,<code>sidf&amp;ae;xede</code>,1,0.0005068
259,sigef&aelig;ste,<code>sigef&amp;ae;ste</code>,1,0.0005068
259,sigef&aelig;stum,<code>sigef&amp;ae;stum</code>,1,0.0005068
259,sinca&eth;,<code>sinca&amp;d;</code>,1,0.0005068
259,singan,<code>singan</code>,1,0.0005068
259,slaga,<code>slaga</code>,1,0.0005068
259,slean,<code>slean</code>,1,0.0005068
259,sloge,<code>sloge</code>,1,0.0005068
259,sme&eth;e,<code>sme&amp;d;e</code>,1,0.0005068
259,so&eth;lice,<code>so&amp;d;lice</code>,1,0.0005068
259,so&thorn;lice,<code>so&amp;t;lice</code>,1,0.0005068
259,spr&aelig;c,<code>spr&amp;ae;c</code>,1,0.0005068
259,sticolan,<code>sticolan</code>,1,0.0005068
259,stodon,<code>stodon</code>,1,0.0005068
259,stream,<code>stream</code>,1,0.0005068
259,sume,<code>sume</code>,1,0.0005068
259,sunu,<code>sunu</code>,1,0.0005068
259,susle,<code>susle</code>,1,0.0005068
259,suslum,<code>suslum</code>,1,0.0005068
259,swa&eth;eah,<code>swa&amp;d;eah</code>,1,0.0005068
259,swaran,<code>swaran</code>,1,0.0005068
259,swaswa,<code>swaswa</code>,1,0.0005068
259,sweartum,<code>sweartum</code>,1,0.0005068
259,swege,<code>swege</code>,1,0.0005068
259,sweltan,<code>sweltan</code>,1,0.0005068
259,sweolt,<code>sweolt</code>,1,0.0005068
259,swicdom,<code>swicdom</code>,1,0.0005068
259,swingelum,<code>swingelum</code>,1,0.0005068
259,swingle,<code>swingle</code>,1,0.0005068
259,sy&eth;a&eth;,<code>sy&amp;d;a&amp;d;</code>,1,0.0005068
259,sybbe,<code>sybbe</code>,1,0.0005068
259,sylfe,<code>sylfe</code>,1,0.0005068
259,sylfum,<code>sylfum</code>,1,0.0005068
259,syllican,<code>syllican</code>,1,0.0005068
259,syrw&eth;,<code>syrw&amp;d;</code>,1,0.0005068
259,syx,<code>syx</code>,1,0.0005068
259,t&aelig;hte,<code>t&amp;ae;hte</code>,1,0.0005068
259,tacna,<code>tacna</code>,1,0.0005068
259,tihte,<code>tihte</code>,1,0.0005068
259,tila&eth;,<code>tila&amp;d;</code>,1,0.0005068
259,timan,<code>timan</code>,1,0.0005068
259,tobrocene,<code>tobrocene</code>,1,0.0005068
259,tocnawan,<code>tocnawan</code>,1,0.0005068
259,tod&aelig;g,<code>tod&amp;ae;g</code>,1,0.0005068
259,tolle,<code>tolle</code>,1,0.0005068
259,treow,<code>treow</code>,1,0.0005068
259,twam,<code>twam</code>,1,0.0005068
259,twentig,<code>twentig</code>,1,0.0005068
259,tyngear,<code>tyngear</code>,1,0.0005068
259,unablinnendlice,<code>unablinnendlice</code>,1,0.0005068
259,under&eth;eodnysse,<code>under&amp;d;eodnysse</code>,1,0.0005068
259,underfo,<code>underfo</code>,1,0.0005068
259,underfo&eth;,<code>underfo&amp;d;</code>,1,0.0005068
259,ungereordod,<code>ungereordod</code>,1,0.0005068
259,unr&aelig;d,<code>unr&amp;ae;d</code>,1,0.0005068
259,unr&aelig;de,<code>unr&amp;ae;de</code>,1,0.0005068
259,unrihtwisan,<code>unrihtwisan</code>,1,0.0005068
259,unrihtwisnysse,<code>unrihtwisnysse</code>,1,0.0005068
259,unsc&aelig;&eth;&eth;igan,<code>unsc&amp;ae;&amp;d;&amp;d;igan</code>,1,0.0005068
259,ure,<code>ure</code>,1,0.0005068
259,urne,<code>urne</code>,1,0.0005068
259,w&aelig;lhreowe,<code>w&amp;ae;lhreowe</code>,1,0.0005068
259,w&aelig;lhreowlice,<code>w&amp;ae;lhreowlice</code>,1,0.0005068
259,w&aelig;lhreownysse,<code>w&amp;ae;lhreownysse</code>,1,0.0005068
259,w&aelig;pnum,<code>w&amp;ae;pnum</code>,1,0.0005068
259,w&aelig;ra,<code>w&amp;ae;ra</code>,1,0.0005068
259,w&aelig;rscype,<code>w&amp;ae;rscype</code>,1,0.0005068
259,w&aelig;stenum,<code>w&amp;ae;stenum</code>,1,0.0005068
259,w&aelig;ter,<code>w&amp;ae;ter</code>,1,0.0005068
259,waclice,<code>waclice</code>,1,0.0005068
259,weg,<code>weg</code>,1,0.0005068
259,wena&eth;,<code>wena&amp;d;</code>,1,0.0005068
259,wende,<code>wende</code>,1,0.0005068
259,wera,<code>wera</code>,1,0.0005068
259,wi&eth;cw&aelig;&eth;,<code>wi&amp;d;cw&amp;ae;&amp;d;</code>,1,0.0005068
259,wi&eth;ersaca,<code>wi&amp;d;ersaca</code>,1,0.0005068
259,wi&eth;soc,<code>wi&amp;d;soc</code>,1,0.0005068
259,wide,<code>wide</code>,1,0.0005068
259,widgillan,<code>widgillan</code>,1,0.0005068
259,wille,<code>wille</code>,1,0.0005068
259,winnan,<code>winnan</code>,1,0.0005068
259,wis,<code>wis</code>,1,0.0005068
259,wislice,<code>wislice</code>,1,0.0005068
259,wite,<code>wite</code>,1,0.0005068
259,witenne,<code>witenne</code>,1,0.0005068
259,wohnysse,<code>wohnysse</code>,1,0.0005068
259,worhte,<code>worhte</code>,1,0.0005068
259,worhton,<code>worhton</code>,1,0.0005068
259,woruld,<code>woruld</code>,1,0.0005068
259,worulda,<code>worulda</code>,1,0.0005068
259,woruldwita,<code>woruldwita</code>,1,0.0005068
259,wudum,<code>wudum</code>,1,0.0005068
259,wulfas,<code>wulfas</code>,1,0.0005068
259,wundor,<code>wundor</code>,1,0.0005068
259,wundra,<code>wundra</code>,1,0.0005068
259,wunode,<code>wunode</code>,1,0.0005068
259,wunodon,<code>wunodon</code>,1,0.0005068
259,wur&eth;lice,<code>wur&amp;d;lice</code>,1,0.0005068
259,wurde,<code>wurde</code>,1,0.0005068
259,wylspryncg,<code>wylspryncg</code>,1,0.0005068
259,wyrsan,<code>wyrsan</code>,1,0.0005068
259,wyrtum,<code>wyrtum</code>,1,0.0005068
259,yfele,<code>yfele</code>,1,0.0005068
259,ylcan,<code>ylcan</code>,1,0.0005068
259,yldinge,<code>yldinge</code>,1,0.0005068
259,ymbgyrd,<code>ymbgyrd</code>,1,0.0005068
259,yrsode,<code>yrsode</code>,1,0.0005068
