B_Prose,B01,B01.003.023_AELS__Apollinaris__T03230.txt,732,484,2069
RANK,HTML WORD,RAW WORD,COUNT,RELATIVE FREQUENCY
1,and,<code>and</code>,134,0.0647656
2,on,<code>on</code>,54,0.0260996
3,to,<code>to</code>,53,0.0256162
4,se,<code>se</code>,49,0.0236829
5,&thorn;a,<code>&amp;t;a</code>,42,0.0202997
5,he,<code>he</code>,42,0.0202997
7,&thorn;&aelig;t,<code>&amp;t;&amp;ae;t</code>,33,0.0159497
8,his,<code>his</code>,32,0.0154664
9,mid,<code>mid</code>,31,0.0149831
10,&eth;a,<code>&amp;d;a</code>,28,0.0135331
11,&thorn;am,<code>&amp;t;am</code>,24,0.0115998
11,&thorn;e,<code>&amp;t;e</code>,24,0.0115998
11,him,<code>him</code>,24,0.0115998
14,&thorn;one,<code>&amp;t;one</code>,20,0.0096665
15,god,<code>god</code>,19,0.0091832
15,swa,<code>swa</code>,19,0.0091832
17,cw&aelig;&eth;,<code>cw&amp;ae;&amp;d;</code>,17,0.0082165
18,hine,<code>hine</code>,16,0.0077332
19,&eth;e,<code>&amp;d;e</code>,15,0.0072499
19,bisceop,<code>bisceop</code>,15,0.0072499
19,byrig,<code>byrig</code>,15,0.0072499
19,halgan,<code>halgan</code>,15,0.0072499
19,hi,<code>hi</code>,15,0.0072499
24,w&aelig;s,<code>w&amp;ae;s</code>,14,0.0067666
25,geleafan,<code>geleafan</code>,13,0.0062832
25,wear&eth;,<code>wear&amp;d;</code>,13,0.0062832
27,&eth;am,<code>&amp;d;am</code>,12,0.0057999
27,&thorn;urh,<code>&amp;t;urh</code>,12,0.0057999
27,is,<code>is</code>,12,0.0057999
27,naman,<code>naman</code>,12,0.0057999
27,nu,<code>nu</code>,12,0.0057999
32,&thorn;&aelig;s,<code>&amp;t;&amp;ae;s</code>,11,0.0053166
32,ic,<code>ic</code>,11,0.0053166
32,ne,<code>ne</code>,11,0.0053166
35,godes,<code>godes</code>,10,0.0048333
35,h&aelig;lendes,<code>h&amp;ae;lendes</code>,10,0.0048333
35,sona,<code>sona</code>,10,0.0048333
38,&eth;&aelig;re,<code>&amp;d;&amp;ae;re</code>,9,0.0043499
38,&eth;u,<code>&amp;d;u</code>,9,0.0043499
38,h&aelig;lend,<code>h&amp;ae;lend</code>,9,0.0043499
38,of,<code>of</code>,9,0.0043499
42,&thorn;u,<code>&amp;t;u</code>,8,0.0038666
42,andwyrde,<code>andwyrde</code>,8,0.0038666
44,&eth;&aelig;s,<code>&amp;d;&amp;ae;s</code>,7,0.0033833
44,&thorn;&aelig;r,<code>&amp;t;&amp;ae;r</code>,7,0.0033833
44,ac,<code>ac</code>,7,0.0033833
44,bi&eth;,<code>bi&amp;d;</code>,7,0.0033833
44,ealle,<code>ealle</code>,7,0.0033833
44,gif,<code>gif</code>,7,0.0033833
44,heo,<code>heo</code>,7,0.0033833
44,heora,<code>heora</code>,7,0.0033833
52,&aelig;fter,<code>&amp;ae;fter</code>,6,0.0029000
52,for,<code>for</code>,6,0.0029000
52,gode,<code>gode</code>,6,0.0029000
52,h&aelig;&eth;enan,<code>h&amp;ae;&amp;d;enan</code>,6,0.0029000
52,me,<code>me</code>,6,0.0029000
52,mihte,<code>mihte</code>,6,0.0029000
52,sum,<code>sum</code>,6,0.0029000
59,&eth;&aelig;r,<code>&amp;d;&amp;ae;r</code>,5,0.0024166
59,&thorn;&aelig;re,<code>&amp;t;&amp;ae;re</code>,5,0.0024166
59,apollonaris,<code>apollonaris</code>,5,0.0024166
59,appollonaris,<code>appollonaris</code>,5,0.0024166
59,beo,<code>beo</code>,5,0.0024166
59,bisceope,<code>bisceope</code>,5,0.0024166
59,com,<code>com</code>,5,0.0024166
59,cristenan,<code>cristenan</code>,5,0.0024166
59,cristes,<code>cristes</code>,5,0.0024166
59,efne,<code>efne</code>,5,0.0024166
59,gefullode,<code>gefullode</code>,5,0.0024166
59,gehaten,<code>gehaten</code>,5,0.0024166
59,halga,<code>halga</code>,5,0.0024166
59,hire,<code>hire</code>,5,0.0024166
59,hw&aelig;t,<code>hw&amp;ae;t</code>,5,0.0024166
59,man,<code>man</code>,5,0.0024166
59,manega,<code>manega</code>,5,0.0024166
59,nan,<code>nan</code>,5,0.0024166
59,rauenna,<code>rauenna</code>,5,0.0024166
59,wurdon,<code>wurdon</code>,5,0.0024166
79,&eth;one,<code>&amp;d;one</code>,4,0.0019333
79,axode,<code>axode</code>,4,0.0019333
79,be,<code>be</code>,4,0.0019333
79,clypode,<code>clypode</code>,4,0.0019333
79,dea&eth;e,<code>dea&amp;d;e</code>,4,0.0019333
79,digellice,<code>digellice</code>,4,0.0019333
79,drihten,<code>drihten</code>,4,0.0019333
79,eft,<code>eft</code>,4,0.0019333
79,eode,<code>eode</code>,4,0.0019333
79,f&aelig;der,<code>f&amp;ae;der</code>,4,0.0019333
79,gelyfdon,<code>gelyfdon</code>,4,0.0019333
79,hal,<code>hal</code>,4,0.0019333
79,m&aelig;den,<code>m&amp;ae;den</code>,4,0.0019333
79,manegum,<code>manegum</code>,4,0.0019333
79,mann,<code>mann</code>,4,0.0019333
79,min,<code>min</code>,4,0.0019333
79,nis,<code>nis</code>,4,0.0019333
79,petrus,<code>petrus</code>,4,0.0019333
79,so&eth;,<code>so&amp;d;</code>,4,0.0019333
79,sumum,<code>sumum</code>,4,0.0019333
79,swylce,<code>swylce</code>,4,0.0019333
79,taurus,<code>taurus</code>,4,0.0019333
79,w&aelig;re,<code>w&amp;ae;re</code>,4,0.0019333
79,we,<code>we</code>,4,0.0019333
79,wer,<code>wer</code>,4,0.0019333
79,were,<code>were</code>,4,0.0019333
79,wundra,<code>wundra</code>,4,0.0019333
106,&aelig;lmihtigan,<code>&amp;ae;lmihtigan</code>,3,0.0014500
106,&aelig;nig,<code>&amp;ae;nig</code>,3,0.0014500
106,&thorn;in,<code>&amp;t;in</code>,3,0.0014500
106,ana,<code>ana</code>,3,0.0014500
106,asende,<code>asende</code>,3,0.0014500
106,beo&eth;,<code>beo&amp;d;</code>,3,0.0014500
106,butan,<code>butan</code>,3,0.0014500
106,buton,<code>buton</code>,3,0.0014500
106,casere,<code>casere</code>,3,0.0014500
106,crist,<code>crist</code>,3,0.0014500
106,cristen,<code>cristen</code>,3,0.0014500
106,cw&aelig;don,<code>cw&amp;ae;don</code>,3,0.0014500
106,dema,<code>dema</code>,3,0.0014500
106,demosten,<code>demosten</code>,3,0.0014500
106,deofol,<code>deofol</code>,3,0.0014500
106,dohtor,<code>dohtor</code>,3,0.0014500
106,eadiga,<code>eadiga</code>,3,0.0014500
106,eart,<code>eart</code>,3,0.0014500
106,folces,<code>folces</code>,3,0.0014500
106,for&eth;an,<code>for&amp;d;an</code>,3,0.0014500
106,fram,<code>fram</code>,3,0.0014500
106,ge,<code>ge</code>,3,0.0014500
106,gefullod,<code>gefullod</code>,3,0.0014500
106,geleaffullan,<code>geleaffullan</code>,3,0.0014500
106,geopena,<code>geopena</code>,3,0.0014500
106,godas,<code>godas</code>,3,0.0014500
106,h&aelig;&eth;en,<code>h&amp;ae;&amp;d;en</code>,3,0.0014500
106,h&aelig;&eth;enra,<code>h&amp;ae;&amp;d;enra</code>,3,0.0014500
106,h&aelig;&eth;enscype,<code>h&amp;ae;&amp;d;enscype</code>,3,0.0014500
106,h&aelig;lende,<code>h&amp;ae;lende</code>,3,0.0014500
106,het,<code>het</code>,3,0.0014500
106,hit,<code>hit</code>,3,0.0014500
106,hund,<code>hund</code>,3,0.0014500
106,lif,<code>lif</code>,3,0.0014500
106,life,<code>life</code>,3,0.0014500
106,manna,<code>manna</code>,3,0.0014500
106,rufus,<code>rufus</code>,3,0.0014500
106,sende,<code>sende</code>,3,0.0014500
106,so&eth;lice,<code>so&amp;d;lice</code>,3,0.0014500
106,sunu,<code>sunu</code>,3,0.0014500
106,ure,<code>ure</code>,3,0.0014500
106,w&aelig;ron,<code>w&amp;ae;ron</code>,3,0.0014500
148,&aelig;lc,<code>&amp;ae;lc</code>,2,0.0009667
148,&eth;es,<code>&amp;d;es</code>,2,0.0009667
148,&eth;us,<code>&amp;d;us</code>,2,0.0009667
148,&eth;ysum,<code>&amp;d;ysum</code>,2,0.0009667
148,&thorn;&aelig;ra,<code>&amp;t;&amp;ae;ra</code>,2,0.0009667
148,&thorn;egn,<code>&amp;t;egn</code>,2,0.0009667
148,&thorn;ine,<code>&amp;t;ine</code>,2,0.0009667
148,&thorn;is,<code>&amp;t;is</code>,2,0.0009667
148,&thorn;onne,<code>&amp;t;onne</code>,2,0.0009667
148,a,<code>a</code>,2,0.0009667
148,amen,<code>amen</code>,2,0.0009667
148,aras,<code>aras</code>,2,0.0009667
148,aris,<code>aris</code>,2,0.0009667
148,arwur&eth;an,<code>arwur&amp;d;an</code>,2,0.0009667
148,bealdlice,<code>bealdlice</code>,2,0.0009667
148,bedde,<code>bedde</code>,2,0.0009667
148,bendum,<code>bendum</code>,2,0.0009667
148,beoton,<code>beoton</code>,2,0.0009667
148,blinda,<code>blinda</code>,2,0.0009667
148,blissodon,<code>blissodon</code>,2,0.0009667
148,boda&eth;,<code>boda&amp;d;</code>,2,0.0009667
148,bodode,<code>bodode</code>,2,0.0009667
148,bonifacius,<code>bonifacius</code>,2,0.0009667
148,caseres,<code>caseres</code>,2,0.0009667
148,criste,<code>criste</code>,2,0.0009667
148,cwearterne,<code>cwearterne</code>,2,0.0009667
148,dead,<code>dead</code>,2,0.0009667
148,deofolgild,<code>deofolgild</code>,2,0.0009667
148,drihtnes,<code>drihtnes</code>,2,0.0009667
148,dumb,<code>dumb</code>,2,0.0009667
148,eagan,<code>eagan</code>,2,0.0009667
148,eall,<code>eall</code>,2,0.0009667
148,eallum,<code>eallum</code>,2,0.0009667
148,ecan,<code>ecan</code>,2,0.0009667
148,ecean,<code>ecean</code>,2,0.0009667
148,ecnysse,<code>ecnysse</code>,2,0.0009667
148,ehtnysse,<code>ehtnysse</code>,2,0.0009667
148,engel,<code>engel</code>,2,0.0009667
148,eow,<code>eow</code>,2,0.0009667
148,far,<code>far</code>,2,0.0009667
148,fare,<code>fare</code>,2,0.0009667
148,fela,<code>fela</code>,2,0.0009667
148,fengon,<code>fengon</code>,2,0.0009667
148,folgie,<code>folgie</code>,2,0.0009667
148,fores&aelig;dan,<code>fores&amp;ae;dan</code>,2,0.0009667
148,fullice,<code>fullice</code>,2,0.0009667
148,fultume,<code>fultume</code>,2,0.0009667
148,fyrste,<code>fyrste</code>,2,0.0009667
148,gastlicum,<code>gastlicum</code>,2,0.0009667
148,gear,<code>gear</code>,2,0.0009667
148,geb&aelig;d,<code>geb&amp;ae;d</code>,2,0.0009667
148,gedo,<code>gedo</code>,2,0.0009667
148,gehadode,<code>gehadode</code>,2,0.0009667
148,gehlyde,<code>gehlyde</code>,2,0.0009667
148,gelyf,<code>gelyf</code>,2,0.0009667
148,gelyfa&eth;,<code>gelyfa&amp;d;</code>,2,0.0009667
148,gelyfde,<code>gelyfde</code>,2,0.0009667
148,georne,<code>georne</code>,2,0.0009667
148,geseo,<code>geseo</code>,2,0.0009667
148,gesunde,<code>gesunde</code>,2,0.0009667
148,gewat,<code>gewat</code>,2,0.0009667
148,h&aelig;bbe,<code>h&amp;ae;bbe</code>,2,0.0009667
148,habba&eth;,<code>habba&amp;d;</code>,2,0.0009667
148,heom,<code>heom</code>,2,0.0009667
148,hundredes,<code>hundredes</code>,2,0.0009667
148,huse,<code>huse</code>,2,0.0009667
148,lac,<code>lac</code>,2,0.0009667
148,lare,<code>lare</code>,2,0.0009667
148,leode,<code>leode</code>,2,0.0009667
148,leofa&eth;,<code>leofa&amp;d;</code>,2,0.0009667
148,mannes,<code>mannes</code>,2,0.0009667
148,mannum,<code>mannum</code>,2,0.0009667
148,micel,<code>micel</code>,2,0.0009667
148,middaneard,<code>middaneard</code>,2,0.0009667
148,miht,<code>miht</code>,2,0.0009667
148,minum,<code>minum</code>,2,0.0009667
148,mu&eth;,<code>mu&amp;d;</code>,2,0.0009667
148,n&aelig;fre,<code>n&amp;ae;fre</code>,2,0.0009667
148,nihtes,<code>nihtes</code>,2,0.0009667
148,o&eth;&eth;e,<code>o&amp;d;&amp;d;e</code>,2,0.0009667
148,o&eth;&thorn;&aelig;t,<code>o&amp;d;&amp;t;&amp;ae;t</code>,2,0.0009667
148,o&eth;er,<code>o&amp;d;er</code>,2,0.0009667
148,ofer,<code>ofer</code>,2,0.0009667
148,petre,<code>petre</code>,2,0.0009667
148,samod,<code>samod</code>,2,0.0009667
148,se&eth;e,<code>se&amp;d;e</code>,2,0.0009667
148,spr&aelig;cum,<code>spr&amp;ae;cum</code>,2,0.0009667
148,sume,<code>sume</code>,2,0.0009667
148,untruman,<code>untruman</code>,2,0.0009667
148,us,<code>us</code>,2,0.0009667
148,weopon,<code>weopon</code>,2,0.0009667
148,wi&eth;,<code>wi&amp;d;</code>,2,0.0009667
148,wif,<code>wif</code>,2,0.0009667
148,wifes,<code>wifes</code>,2,0.0009667
148,wistum,<code>wistum</code>,2,0.0009667
148,wodan,<code>wodan</code>,2,0.0009667
148,word,<code>word</code>,2,0.0009667
148,worulde,<code>worulde</code>,2,0.0009667
148,wuna&eth;,<code>wuna&amp;d;</code>,2,0.0009667
148,wunode,<code>wunode</code>,2,0.0009667
148,ylcan,<code>ylcan</code>,2,0.0009667
249,&aelig;&eth;elboren,<code>&amp;ae;&amp;d;elboren</code>,1,0.0004833
249,&aelig;lmihtig,<code>&amp;ae;lmihtig</code>,1,0.0004833
249,&aelig;nigne,<code>&amp;ae;nigne</code>,1,0.0004833
249,&aelig;nne,<code>&amp;ae;nne</code>,1,0.0004833
249,&aelig;r&thorn;an,<code>&amp;ae;r&amp;t;an</code>,1,0.0004833
249,&aelig;rende,<code>&amp;ae;rende</code>,1,0.0004833
249,&aelig;t,<code>&amp;ae;t</code>,1,0.0004833
249,&aelig;tes,<code>&amp;ae;tes</code>,1,0.0004833
249,&eth;&aelig;ra,<code>&amp;d;&amp;ae;ra</code>,1,0.0004833
249,&eth;&aelig;rrihte,<code>&amp;d;&amp;ae;rrihte</code>,1,0.0004833
249,&eth;eah,<code>&amp;d;eah</code>,1,0.0004833
249,&eth;eos,<code>&amp;d;eos</code>,1,0.0004833
249,&eth;eowdome,<code>&amp;d;eowdome</code>,1,0.0004833
249,&eth;in,<code>&amp;d;in</code>,1,0.0004833
249,&eth;inum,<code>&amp;d;inum</code>,1,0.0004833
249,&eth;is,<code>&amp;d;is</code>,1,0.0004833
249,&eth;ises,<code>&amp;d;ises</code>,1,0.0004833
249,&eth;isne,<code>&amp;d;isne</code>,1,0.0004833
249,&eth;onne,<code>&amp;d;onne</code>,1,0.0004833
249,&eth;ryttig,<code>&amp;d;ryttig</code>,1,0.0004833
249,&eth;urh,<code>&amp;d;urh</code>,1,0.0004833
249,&eth;yssere,<code>&amp;d;yssere</code>,1,0.0004833
249,&thorn;&aelig;rinne,<code>&amp;t;&amp;ae;rinne</code>,1,0.0004833
249,&thorn;ancigende,<code>&amp;t;ancigende</code>,1,0.0004833
249,&thorn;as,<code>&amp;t;as</code>,1,0.0004833
249,&thorn;egen,<code>&amp;t;egen</code>,1,0.0004833
249,&thorn;enode,<code>&amp;t;enode</code>,1,0.0004833
249,&thorn;enunge,<code>&amp;t;enunge</code>,1,0.0004833
249,&thorn;eowigende,<code>&amp;t;eowigende</code>,1,0.0004833
249,&thorn;ines,<code>&amp;t;ines</code>,1,0.0004833
249,&thorn;ingum,<code>&amp;t;ingum</code>,1,0.0004833
249,&thorn;inne,<code>&amp;t;inne</code>,1,0.0004833
249,&thorn;issere,<code>&amp;t;issere</code>,1,0.0004833
249,&thorn;reo,<code>&amp;t;reo</code>,1,0.0004833
249,&thorn;ruh,<code>&amp;t;ruh</code>,1,0.0004833
249,&thorn;urhwuna&eth;,<code>&amp;t;urhwuna&amp;d;</code>,1,0.0004833
249,&thorn;urhwunode,<code>&amp;t;urhwunode</code>,1,0.0004833
249,&thorn;yder,<code>&amp;t;yder</code>,1,0.0004833
249,&thorn;yses,<code>&amp;t;yses</code>,1,0.0004833
249,&thorn;ysre,<code>&amp;t;ysre</code>,1,0.0004833
249,a&eth;e,<code>a&amp;d;e</code>,1,0.0004833
249,acwealde,<code>acwealde</code>,1,0.0004833
249,acwellan,<code>acwellan</code>,1,0.0004833
249,adilegod,<code>adilegod</code>,1,0.0004833
249,adr&aelig;fed,<code>adr&amp;ae;fed</code>,1,0.0004833
249,adumba,<code>adumba</code>,1,0.0004833
249,adw&aelig;scte,<code>adw&amp;ae;scte</code>,1,0.0004833
249,afedde,<code>afedde</code>,1,0.0004833
249,afyrht,<code>afyrht</code>,1,0.0004833
249,aht,<code>aht</code>,1,0.0004833
249,an,<code>an</code>,1,0.0004833
249,anbidode,<code>anbidode</code>,1,0.0004833
249,andsund,<code>andsund</code>,1,0.0004833
249,ane,<code>ane</code>,1,0.0004833
249,anmodlice,<code>anmodlice</code>,1,0.0004833
249,antiochian,<code>antiochian</code>,1,0.0004833
249,apollonarem,<code>apollonarem</code>,1,0.0004833
249,apostoles,<code>apostoles</code>,1,0.0004833
249,ar&aelig;r,<code>ar&amp;ae;r</code>,1,0.0004833
249,ardlice,<code>ardlice</code>,1,0.0004833
249,arleasa,<code>arleasa</code>,1,0.0004833
249,arleasum,<code>arleasum</code>,1,0.0004833
249,arwur&eth;e,<code>arwur&amp;d;e</code>,1,0.0004833
249,arwur&eth;lice,<code>arwur&amp;d;lice</code>,1,0.0004833
249,asendan,<code>asendan</code>,1,0.0004833
249,astyrode,<code>astyrode</code>,1,0.0004833
249,atelice,<code>atelice</code>,1,0.0004833
249,ateorode,<code>ateorode</code>,1,0.0004833
249,augusti,<code>augusti</code>,1,0.0004833
249,aw&aelig;g,<code>aw&amp;ae;g</code>,1,0.0004833
249,awearp,<code>awearp</code>,1,0.0004833
249,awedde,<code>awedde</code>,1,0.0004833
249,b&aelig;d,<code>b&amp;ae;d</code>,1,0.0004833
249,bearnum,<code>bearnum</code>,1,0.0004833
249,beclysedest,<code>beclysedest</code>,1,0.0004833
249,become,<code>become</code>,1,0.0004833
249,becuma&eth;,<code>becuma&amp;d;</code>,1,0.0004833
249,becume,<code>becume</code>,1,0.0004833
249,bediglod,<code>bediglod</code>,1,0.0004833
249,bef&aelig;stan,<code>bef&amp;ae;stan</code>,1,0.0004833
249,behat,<code>behat</code>,1,0.0004833
249,behreowsigende,<code>behreowsigende</code>,1,0.0004833
249,beon,<code>beon</code>,1,0.0004833
249,beorhte,<code>beorhte</code>,1,0.0004833
249,bet&aelig;hte,<code>bet&amp;ae;hte</code>,1,0.0004833
249,bet&aelig;hton,<code>bet&amp;ae;hton</code>,1,0.0004833
249,betwux,<code>betwux</code>,1,0.0004833
249,bewerian,<code>bewerian</code>,1,0.0004833
249,bewiste,<code>bewiste</code>,1,0.0004833
249,bidde,<code>bidde</code>,1,0.0004833
249,biggencga,<code>biggencga</code>,1,0.0004833
249,biggencgas,<code>biggencgas</code>,1,0.0004833
249,bisceophad,<code>bisceophad</code>,1,0.0004833
249,blind,<code>blind</code>,1,0.0004833
249,blindne,<code>blindne</code>,1,0.0004833
249,blindum,<code>blindum</code>,1,0.0004833
249,blysse,<code>blysse</code>,1,0.0004833
249,blyssigende,<code>blyssigende</code>,1,0.0004833
249,boda,<code>boda</code>,1,0.0004833
249,bodade,<code>bodade</code>,1,0.0004833
249,bodunge,<code>bodunge</code>,1,0.0004833
249,brohte,<code>brohte</code>,1,0.0004833
249,buga&eth;,<code>buga&amp;d;</code>,1,0.0004833
249,burh,<code>burh</code>,1,0.0004833
249,burhealdor,<code>burhealdor</code>,1,0.0004833
249,bydel,<code>bydel</code>,1,0.0004833
249,bydele,<code>bydele</code>,1,0.0004833
249,cann,<code>cann</code>,1,0.0004833
249,caseras,<code>caseras</code>,1,0.0004833
249,ceastergewaran,<code>ceastergewaran</code>,1,0.0004833
249,cild,<code>cild</code>,1,0.0004833
249,cildum,<code>cildum</code>,1,0.0004833
249,claudius,<code>claudius</code>,1,0.0004833
249,clericas,<code>clericas</code>,1,0.0004833
249,clypian,<code>clypian</code>,1,0.0004833
249,clypigende,<code>clypigende</code>,1,0.0004833
249,clypodon,<code>clypodon</code>,1,0.0004833
249,comon,<code>comon</code>,1,0.0004833
249,cosse,<code>cosse</code>,1,0.0004833
249,cristenum,<code>cristenum</code>,1,0.0004833
249,cu&eth;e,<code>cu&amp;d;e</code>,1,0.0004833
249,cume,<code>cume</code>,1,0.0004833
249,cw&aelig;de,<code>cw&amp;ae;de</code>,1,0.0004833
249,cwellere,<code>cwellere</code>,1,0.0004833
249,cyrdon,<code>cyrdon</code>,1,0.0004833
249,d&aelig;dbote,<code>d&amp;ae;dbote</code>,1,0.0004833
249,d&aelig;g,<code>d&amp;ae;g</code>,1,0.0004833
249,d&aelig;ge,<code>d&amp;ae;ge</code>,1,0.0004833
249,d&aelig;ges,<code>d&amp;ae;ges</code>,1,0.0004833
249,d&aelig;ghwamlice,<code>d&amp;ae;ghwamlice</code>,1,0.0004833
249,dagum,<code>dagum</code>,1,0.0004833
249,deadum,<code>deadum</code>,1,0.0004833
249,deman,<code>deman</code>,1,0.0004833
249,deofles,<code>deofles</code>,1,0.0004833
249,deoflice,<code>deoflice</code>,1,0.0004833
249,deopum,<code>deopum</code>,1,0.0004833
249,diaconas,<code>diaconas</code>,1,0.0004833
249,dorste,<code>dorste</code>,1,0.0004833
249,dyrstiglice,<code>dyrstiglice</code>,1,0.0004833
249,eac,<code>eac</code>,1,0.0004833
249,eadignysse,<code>eadignysse</code>,1,0.0004833
249,ealda,<code>ealda</code>,1,0.0004833
249,ealdan,<code>ealdan</code>,1,0.0004833
249,ealdor,<code>ealdor</code>,1,0.0004833
249,ealdre,<code>ealdre</code>,1,0.0004833
249,ealne,<code>ealne</code>,1,0.0004833
249,eawf&aelig;stnysse,<code>eawf&amp;ae;stnysse</code>,1,0.0004833
249,ecelice,<code>ecelice</code>,1,0.0004833
249,edlean,<code>edlean</code>,1,0.0004833
249,ehtnyssum,<code>ehtnyssum</code>,1,0.0004833
249,elles,<code>elles</code>,1,0.0004833
249,embe,<code>embe</code>,1,0.0004833
249,endeleas,<code>endeleas</code>,1,0.0004833
249,eom,<code>eom</code>,1,0.0004833
249,eowre,<code>eowre</code>,1,0.0004833
249,f&aelig;gre,<code>f&amp;ae;gre</code>,1,0.0004833
249,f&aelig;rlice,<code>f&amp;ae;rlice</code>,1,0.0004833
249,feor&eth;an,<code>feor&amp;d;an</code>,1,0.0004833
249,feorr,<code>feorr</code>,1,0.0004833
249,feower,<code>feower</code>,1,0.0004833
249,ferde,<code>ferde</code>,1,0.0004833
249,ferigende,<code>ferigende</code>,1,0.0004833
249,fif,<code>fif</code>,1,0.0004833
249,folc,<code>folc</code>,1,0.0004833
249,folce,<code>folce</code>,1,0.0004833
249,folgere,<code>folgere</code>,1,0.0004833
249,folgode,<code>folgode</code>,1,0.0004833
249,for&eth;&thorn;egen,<code>for&amp;d;&amp;t;egen</code>,1,0.0004833
249,for&eth;y,<code>for&amp;d;y</code>,1,0.0004833
249,forb&aelig;rna&eth;,<code>forb&amp;ae;rna&amp;d;</code>,1,0.0004833
249,fordemed,<code>fordemed</code>,1,0.0004833
249,fores&aelig;da,<code>fores&amp;ae;da</code>,1,0.0004833
249,forgeaf,<code>forgeaf</code>,1,0.0004833
249,forgeafe,<code>forgeafe</code>,1,0.0004833
249,forgifan,<code>forgifan</code>,1,0.0004833
249,forgifen,<code>forgifen</code>,1,0.0004833
249,forl&aelig;te,<code>forl&amp;ae;te</code>,1,0.0004833
249,forwyrnan,<code>forwyrnan</code>,1,0.0004833
249,fotum,<code>fotum</code>,1,0.0004833
249,freolice,<code>freolice</code>,1,0.0004833
249,fri&eth;,<code>fri&amp;d;</code>,1,0.0004833
249,fulluhte,<code>fulluhte</code>,1,0.0004833
249,fulum,<code>fulum</code>,1,0.0004833
249,fyre,<code>fyre</code>,1,0.0004833
249,gast,<code>gast</code>,1,0.0004833
249,gastlicre,<code>gastlicre</code>,1,0.0004833
249,ge&eth;afige,<code>ge&amp;d;afige</code>,1,0.0004833
249,ge&eth;ance,<code>ge&amp;d;ance</code>,1,0.0004833
249,geandette,<code>geandette</code>,1,0.0004833
249,geara,<code>geara</code>,1,0.0004833
249,gebete,<code>gebete</code>,1,0.0004833
249,gebint,<code>gebint</code>,1,0.0004833
249,gebit,<code>gebit</code>,1,0.0004833
249,geboren,<code>geboren</code>,1,0.0004833
249,gebro&eth;ra,<code>gebro&amp;d;ra</code>,1,0.0004833
249,gebro&eth;rum,<code>gebro&amp;d;rum</code>,1,0.0004833
249,gebroht,<code>gebroht</code>,1,0.0004833
249,gebugon,<code>gebugon</code>,1,0.0004833
249,gebundon,<code>gebundon</code>,1,0.0004833
249,geburge,<code>geburge</code>,1,0.0004833
249,geciged,<code>geciged</code>,1,0.0004833
249,geedniwigian,<code>geedniwigian</code>,1,0.0004833
249,geendode,<code>geendode</code>,1,0.0004833
249,gefeccan,<code>gefeccan</code>,1,0.0004833
249,gefeohte,<code>gefeohte</code>,1,0.0004833
249,gefor&eth;ige,<code>gefor&amp;d;ige</code>,1,0.0004833
249,gefremode,<code>gefremode</code>,1,0.0004833
249,gefylde,<code>gefylde</code>,1,0.0004833
249,geh&aelig;l&eth;,<code>geh&amp;ae;l&amp;d;</code>,1,0.0004833
249,geh&aelig;lde,<code>geh&amp;ae;lde</code>,1,0.0004833
249,geh&aelig;leda,<code>geh&amp;ae;leda</code>,1,0.0004833
249,geh&aelig;lede,<code>geh&amp;ae;lede</code>,1,0.0004833
249,gehadod,<code>gehadod</code>,1,0.0004833
249,gehalgode,<code>gehalgode</code>,1,0.0004833
249,gehathyrt,<code>gehathyrt</code>,1,0.0004833
249,gehyred,<code>gehyred</code>,1,0.0004833
249,gehyrte,<code>gehyrte</code>,1,0.0004833
249,gel&aelig;d,<code>gel&amp;ae;d</code>,1,0.0004833
249,gel&aelig;dan,<code>gel&amp;ae;dan</code>,1,0.0004833
249,gel&aelig;hton,<code>gel&amp;ae;hton</code>,1,0.0004833
249,gel&aelig;red,<code>gel&amp;ae;red</code>,1,0.0004833
249,gelamp,<code>gelamp</code>,1,0.0004833
249,geleafa,<code>geleafa</code>,1,0.0004833
249,geleddon,<code>geleddon</code>,1,0.0004833
249,gelica,<code>gelica</code>,1,0.0004833
249,gelome,<code>gelome</code>,1,0.0004833
249,gelyfan,<code>gelyfan</code>,1,0.0004833
249,gelyfe,<code>gelyfe</code>,1,0.0004833
249,gelyfenne,<code>gelyfenne</code>,1,0.0004833
249,genam,<code>genam</code>,1,0.0004833
249,geneosunge,<code>geneosunge</code>,1,0.0004833
249,geoffrige,<code>geoffrige</code>,1,0.0004833
249,geond,<code>geond</code>,1,0.0004833
249,geopenian,<code>geopenian</code>,1,0.0004833
249,geopenige,<code>geopenige</code>,1,0.0004833
249,gereordode,<code>gereordode</code>,1,0.0004833
249,ges&aelig;ligan,<code>ges&amp;ae;ligan</code>,1,0.0004833
249,gesamnode,<code>gesamnode</code>,1,0.0004833
249,gesawon,<code>gesawon</code>,1,0.0004833
249,gesceaft,<code>gesceaft</code>,1,0.0004833
249,geseah,<code>geseah</code>,1,0.0004833
249,geseo&eth;,<code>geseo&amp;d;</code>,1,0.0004833
249,geseoh,<code>geseoh</code>,1,0.0004833
249,gestrynde,<code>gestrynde</code>,1,0.0004833
249,gestylled,<code>gestylled</code>,1,0.0004833
249,gesund,<code>gesund</code>,1,0.0004833
249,geswutelode,<code>geswutelode</code>,1,0.0004833
249,geti&thorn;ige,<code>geti&amp;t;ige</code>,1,0.0004833
249,gewilnige,<code>gewilnige</code>,1,0.0004833
249,gewilnunga,<code>gewilnunga</code>,1,0.0004833
249,gewissige,<code>gewissige</code>,1,0.0004833
249,gewissode,<code>gewissode</code>,1,0.0004833
249,gewit,<code>gewit</code>,1,0.0004833
249,gewreged,<code>gewreged</code>,1,0.0004833
249,gewrit,<code>gewrit</code>,1,0.0004833
249,gewylnode,<code>gewylnode</code>,1,0.0004833
249,gife,<code>gife</code>,1,0.0004833
249,git,<code>git</code>,1,0.0004833
249,godum,<code>godum</code>,1,0.0004833
249,gremige,<code>gremige</code>,1,0.0004833
249,gyltum,<code>gyltum</code>,1,0.0004833
249,h&aelig;&eth;ena,<code>h&amp;ae;&amp;d;ena</code>,1,0.0004833
249,h&aelig;&eth;engildan,<code>h&amp;ae;&amp;d;engildan</code>,1,0.0004833
249,h&aelig;&eth;engildum,<code>h&amp;ae;&amp;d;engildum</code>,1,0.0004833
249,h&aelig;fde,<code>h&amp;ae;fde</code>,1,0.0004833
249,h&aelig;l,<code>h&amp;ae;l</code>,1,0.0004833
249,h&aelig;l&eth;e,<code>h&amp;ae;l&amp;d;e</code>,1,0.0004833
249,h&aelig;l&thorn;e,<code>h&amp;ae;l&amp;t;e</code>,1,0.0004833
249,haligne,<code>haligne</code>,1,0.0004833
249,ham,<code>ham</code>,1,0.0004833
249,hand,<code>hand</code>,1,0.0004833
249,handa,<code>handa</code>,1,0.0004833
249,handum,<code>handum</code>,1,0.0004833
249,hatheortnyss,<code>hatheortnyss</code>,1,0.0004833
249,hatte,<code>hatte</code>,1,0.0004833
249,heafod,<code>heafod</code>,1,0.0004833
249,healdan,<code>healdan</code>,1,0.0004833
249,healdenne,<code>healdenne</code>,1,0.0004833
249,heardre,<code>heardre</code>,1,0.0004833
249,heofonlican,<code>heofonlican</code>,1,0.0004833
249,heonon,<code>heonon</code>,1,0.0004833
249,heononfor&eth;,<code>heononfor&amp;d;</code>,1,0.0004833
249,heortena,<code>heortena</code>,1,0.0004833
249,heortum,<code>heortum</code>,1,0.0004833
249,her,<code>her</code>,1,0.0004833
249,herige,<code>herige</code>,1,0.0004833
249,herunge,<code>herunge</code>,1,0.0004833
249,hete,<code>hete</code>,1,0.0004833
249,hetelicum,<code>hetelicum</code>,1,0.0004833
249,hider,<code>hider</code>,1,0.0004833
249,hired,<code>hired</code>,1,0.0004833
249,hlyston,<code>hlyston</code>,1,0.0004833
249,hr&aelig;d,<code>hr&amp;ae;d</code>,1,0.0004833
249,hra&eth;e,<code>hra&amp;d;e</code>,1,0.0004833
249,hreame,<code>hreame</code>,1,0.0004833
249,hreoflian,<code>hreoflian</code>,1,0.0004833
249,hreoflig,<code>hreoflig</code>,1,0.0004833
249,hrepode,<code>hrepode</code>,1,0.0004833
249,hw&aelig;&eth;er,<code>hw&amp;ae;&amp;d;er</code>,1,0.0004833
249,hw&aelig;s,<code>hw&amp;ae;s</code>,1,0.0004833
249,hw&aelig;thwega,<code>hw&amp;ae;thwega</code>,1,0.0004833
249,hwa,<code>hwa</code>,1,0.0004833
249,hwylcere,<code>hwylcere</code>,1,0.0004833
249,hyred,<code>hyred</code>,1,0.0004833
249,in,<code>in</code>,1,0.0004833
249,into,<code>into</code>,1,0.0004833
249,iudeiscan,<code>iudeiscan</code>,1,0.0004833
249,iudeiscum,<code>iudeiscum</code>,1,0.0004833
249,kalendas,<code>kalendas</code>,1,0.0004833
249,l&aelig;cecr&aelig;ft,<code>l&amp;ae;cecr&amp;ae;ft</code>,1,0.0004833
249,l&aelig;cecr&aelig;fte,<code>l&amp;ae;cecr&amp;ae;fte</code>,1,0.0004833
249,l&aelig;cedom,<code>l&amp;ae;cedom</code>,1,0.0004833
249,l&aelig;dan,<code>l&amp;ae;dan</code>,1,0.0004833
249,l&aelig;g,<code>l&amp;ae;g</code>,1,0.0004833
249,l&aelig;rde,<code>l&amp;ae;rde</code>,1,0.0004833
249,l&aelig;s,<code>l&amp;ae;s</code>,1,0.0004833
249,lacnunge,<code>lacnunge</code>,1,0.0004833
249,landa,<code>landa</code>,1,0.0004833
249,lange,<code>lange</code>,1,0.0004833
249,langsum,<code>langsum</code>,1,0.0004833
249,lareowe,<code>lareowe</code>,1,0.0004833
249,ledon,<code>ledon</code>,1,0.0004833
249,leng,<code>leng</code>,1,0.0004833
249,leoht,<code>leoht</code>,1,0.0004833
249,leorningcnihtes,<code>leorningcnihtes</code>,1,0.0004833
249,lic,<code>lic</code>,1,0.0004833
249,lice,<code>lice</code>,1,0.0004833
249,lifigende,<code>lifigende</code>,1,0.0004833
249,locigende,<code>locigende</code>,1,0.0004833
249,lof,<code>lof</code>,1,0.0004833
249,lufia&eth;,<code>lufia&amp;d;</code>,1,0.0004833
249,lufode,<code>lufode</code>,1,0.0004833
249,lyfigendan,<code>lyfigendan</code>,1,0.0004833
249,m&aelig;g,<code>m&amp;ae;g</code>,1,0.0004833
249,m&aelig;re,<code>m&amp;ae;re</code>,1,0.0004833
249,m&aelig;rsian,<code>m&amp;ae;rsian</code>,1,0.0004833
249,m&aelig;rsige,<code>m&amp;ae;rsige</code>,1,0.0004833
249,m&aelig;ssepreostas,<code>m&amp;ae;ssepreostas</code>,1,0.0004833
249,m&aelig;ssode,<code>m&amp;ae;ssode</code>,1,0.0004833
249,ma,<code>ma</code>,1,0.0004833
249,maca&eth;,<code>maca&amp;d;</code>,1,0.0004833
249,mancynne,<code>mancynne</code>,1,0.0004833
249,martyris,<code>martyris</code>,1,0.0004833
249,men,<code>men</code>,1,0.0004833
249,meniu,<code>meniu</code>,1,0.0004833
249,micclum,<code>micclum</code>,1,0.0004833
249,mila,<code>mila</code>,1,0.0004833
249,modor,<code>modor</code>,1,0.0004833
249,moste,<code>moste</code>,1,0.0004833
249,mot,<code>mot</code>,1,0.0004833
249,mundbora,<code>mundbora</code>,1,0.0004833
249,n&aelig;re,<code>n&amp;ae;re</code>,1,0.0004833
249,na,<code>na</code>,1,0.0004833
249,naht,<code>naht</code>,1,0.0004833
249,natale,<code>natale</code>,1,0.0004833
249,niht,<code>niht</code>,1,0.0004833
249,nydbehefe,<code>nydbehefe</code>,1,0.0004833
249,o&eth;,<code>o&amp;d;</code>,1,0.0004833
249,o&eth;rum,<code>o&amp;d;rum</code>,1,0.0004833
249,o&thorn;&thorn;&aelig;t,<code>o&amp;t;&amp;t;&amp;ae;t</code>,1,0.0004833
249,o&thorn;er,<code>o&amp;t;er</code>,1,0.0004833
249,o&thorn;rum,<code>o&amp;t;rum</code>,1,0.0004833
249,offrian,<code>offrian</code>,1,0.0004833
249,offrige,<code>offrige</code>,1,0.0004833
249,ofslagen,<code>ofslagen</code>,1,0.0004833
249,ofslogon,<code>ofslogon</code>,1,0.0004833
249,oft,<code>oft</code>,1,0.0004833
249,oncn&aelig;wst,<code>oncn&amp;ae;wst</code>,1,0.0004833
249,ongin,<code>ongin</code>,1,0.0004833
249,onlihte,<code>onlihte</code>,1,0.0004833
249,onlocigendum,<code>onlocigendum</code>,1,0.0004833
249,onwann,<code>onwann</code>,1,0.0004833
249,petres,<code>petres</code>,1,0.0004833
249,r&aelig;de,<code>r&amp;ae;de</code>,1,0.0004833
249,racenteage,<code>racenteage</code>,1,0.0004833
249,re&eth;an,<code>re&amp;d;an</code>,1,0.0004833
249,re&eth;nysse,<code>re&amp;d;nysse</code>,1,0.0004833
249,re&eth;um,<code>re&amp;d;um</code>,1,0.0004833
249,reste,<code>reste</code>,1,0.0004833
249,rihtlic,<code>rihtlic</code>,1,0.0004833
249,rixa&eth;,<code>rixa&amp;d;</code>,1,0.0004833
249,romaniscan,<code>romaniscan</code>,1,0.0004833
249,romaniscum,<code>romaniscum</code>,1,0.0004833
249,rome,<code>rome</code>,1,0.0004833
249,rufe,<code>rufe</code>,1,0.0004833
249,s&aelig;don,<code>s&amp;ae;don</code>,1,0.0004833
249,sancti,<code>sancti</code>,1,0.0004833
249,sanctus,<code>sanctus</code>,1,0.0004833
249,sangum,<code>sangum</code>,1,0.0004833
249,sawlode,<code>sawlode</code>,1,0.0004833
249,sceall,<code>sceall</code>,1,0.0004833
249,scipe,<code>scipe</code>,1,0.0004833
249,secge,<code>secge</code>,1,0.0004833
249,sege,<code>sege</code>,1,0.0004833
249,sendon,<code>sendon</code>,1,0.0004833
249,seo,<code>seo</code>,1,0.0004833
249,seoc,<code>seoc</code>,1,0.0004833
249,seofon,<code>seofon</code>,1,0.0004833
249,sette,<code>sette</code>,1,0.0004833
249,siblicum,<code>siblicum</code>,1,0.0004833
249,sige,<code>sige</code>,1,0.0004833
249,slege,<code>slege</code>,1,0.0004833
249,so&eth;an,<code>so&amp;d;an</code>,1,0.0004833
249,so&eth;f&aelig;stan,<code>so&amp;d;f&amp;ae;stan</code>,1,0.0004833
249,so&eth;re,<code>so&amp;d;re</code>,1,0.0004833
249,sohton,<code>sohton</code>,1,0.0004833
249,spr&aelig;c,<code>spr&amp;ae;c</code>,1,0.0004833
249,st&aelig;nene,<code>st&amp;ae;nene</code>,1,0.0004833
249,stod,<code>stod</code>,1,0.0004833
249,sumne,<code>sumne</code>,1,0.0004833
249,swa&thorn;eah,<code>swa&amp;t;eah</code>,1,0.0004833
249,swara,<code>swara</code>,1,0.0004833
249,swilce,<code>swilce</code>,1,0.0004833
249,swutollice,<code>swutollice</code>,1,0.0004833
249,swy&eth;ost,<code>swy&amp;d;ost</code>,1,0.0004833
249,sy,<code>sy</code>,1,0.0004833
249,sy&eth;&eth;an,<code>sy&amp;d;&amp;d;an</code>,1,0.0004833
249,sybb,<code>sybb</code>,1,0.0004833
249,sylfe,<code>sylfe</code>,1,0.0004833
249,sylfne,<code>sylfne</code>,1,0.0004833
249,synd,<code>synd</code>,1,0.0004833
249,synna,<code>synna</code>,1,0.0004833
249,syx,<code>syx</code>,1,0.0004833
249,tacna,<code>tacna</code>,1,0.0004833
249,templ,<code>templ</code>,1,0.0004833
249,tide,<code>tide</code>,1,0.0004833
249,tih&eth;,<code>tih&amp;d;</code>,1,0.0004833
249,tihte,<code>tihte</code>,1,0.0004833
249,tihtinge,<code>tihtinge</code>,1,0.0004833
249,tima,<code>tima</code>,1,0.0004833
249,towend,<code>towend</code>,1,0.0004833
249,toworpen,<code>toworpen</code>,1,0.0004833
249,toworpene,<code>toworpene</code>,1,0.0004833
249,tunge,<code>tunge</code>,1,0.0004833
249,twa,<code>twa</code>,1,0.0004833
249,twam,<code>twam</code>,1,0.0004833
249,twelf,<code>twelf</code>,1,0.0004833
249,unawendendlice,<code>unawendendlice</code>,1,0.0004833
249,unbunden,<code>unbunden</code>,1,0.0004833
249,underfengon,<code>underfengon</code>,1,0.0004833
249,underfoh,<code>underfoh</code>,1,0.0004833
249,ungeleaffullan,<code>ungeleaffullan</code>,1,0.0004833
249,untrum,<code>untrum</code>,1,0.0004833
249,urum,<code>urum</code>,1,0.0004833
249,wanhalum,<code>wanhalum</code>,1,0.0004833
249,wannhalum,<code>wannhalum</code>,1,0.0004833
249,wanode,<code>wanode</code>,1,0.0004833
249,wast,<code>wast</code>,1,0.0004833
249,weall,<code>weall</code>,1,0.0004833
249,wel,<code>wel</code>,1,0.0004833
249,welan,<code>welan</code>,1,0.0004833
249,wendon,<code>wendon</code>,1,0.0004833
249,weorcum,<code>weorcum</code>,1,0.0004833
249,weox,<code>weox</code>,1,0.0004833
249,weres,<code>weres</code>,1,0.0004833
249,werod,<code>werod</code>,1,0.0004833
249,wi&eth;err&aelig;de,<code>wi&amp;d;err&amp;ae;de</code>,1,0.0004833
249,wife,<code>wife</code>,1,0.0004833
249,wifman,<code>wifman</code>,1,0.0004833
249,wintrum,<code>wintrum</code>,1,0.0004833
249,witnunge,<code>witnunge</code>,1,0.0004833
249,witum,<code>witum</code>,1,0.0004833
249,wod,<code>wod</code>,1,0.0004833
249,wodlice,<code>wodlice</code>,1,0.0004833
249,wolde,<code>wolde</code>,1,0.0004833
249,woldon,<code>woldon</code>,1,0.0004833
249,worde,<code>worde</code>,1,0.0004833
249,wordum,<code>wordum</code>,1,0.0004833
249,worhte,<code>worhte</code>,1,0.0004833
249,wr&aelig;csi&eth;,<code>wr&amp;ae;csi&amp;d;</code>,1,0.0004833
249,wreca&eth;,<code>wreca&amp;d;</code>,1,0.0004833
249,wrecon,<code>wrecon</code>,1,0.0004833
249,wuldorfullan,<code>wuldorfullan</code>,1,0.0004833
249,wundorlican,<code>wundorlican</code>,1,0.0004833
249,wundrode,<code>wundrode</code>,1,0.0004833
249,wundrodon,<code>wundrodon</code>,1,0.0004833
249,wylle,<code>wylle</code>,1,0.0004833
249,wylt,<code>wylt</code>,1,0.0004833
249,wyrc&eth;,<code>wyrc&amp;d;</code>,1,0.0004833
249,x,<code>x</code>,1,0.0004833
249,ydelnysse,<code>ydelnysse</code>,1,0.0004833
249,yfelum,<code>yfelum</code>,1,0.0004833
249,ylca,<code>ylca</code>,1,0.0004833
249,ymbhwyrfte,<code>ymbhwyrfte</code>,1,0.0004833
