B_Prose,B01,B01.003.010_AELS__Lucy__T03100.txt,569,416,1244
RANK,HTML WORD,RAW WORD,COUNT,RELATIVE FREQUENCY
1,and,<code>and</code>,50,0.0401929
2,&thorn;&aelig;t,<code>&amp;t;&amp;ae;t</code>,33,0.0265273
3,to,<code>to</code>,32,0.0257235
4,&thorn;a,<code>&amp;t;a</code>,31,0.0249196
5,&thorn;e,<code>&amp;t;e</code>,26,0.0209003
6,on,<code>on</code>,24,0.0192926
7,ne,<code>ne</code>,23,0.0184887
8,swa,<code>swa</code>,22,0.0176849
9,&thorn;u,<code>&amp;t;u</code>,20,0.0160772
10,&thorn;am,<code>&amp;t;am</code>,17,0.0136656
10,heo,<code>heo</code>,17,0.0136656
10,mid,<code>mid</code>,17,0.0136656
10,se,<code>se</code>,17,0.0136656
14,hi,<code>hi</code>,15,0.0120579
15,lucia,<code>lucia</code>,14,0.0112540
16,ac,<code>ac</code>,13,0.0104502
16,cw&aelig;&eth;,<code>cw&amp;ae;&amp;d;</code>,13,0.0104502
16,ic,<code>ic</code>,13,0.0104502
19,hire,<code>hire</code>,11,0.0088424
19,me,<code>me</code>,11,0.0088424
21,&thorn;&aelig;re,<code>&amp;t;&amp;ae;re</code>,9,0.0072347
21,his,<code>his</code>,9,0.0072347
23,&eth;a,<code>&amp;d;a</code>,8,0.0064309
23,godes,<code>godes</code>,8,0.0064309
23,seo,<code>seo</code>,8,0.0064309
23,wear&eth;,<code>wear&amp;d;</code>,8,0.0064309
27,&thorn;&aelig;s,<code>&amp;t;&amp;ae;s</code>,7,0.0056270
27,he,<code>he</code>,7,0.0056270
27,is,<code>is</code>,7,0.0056270
27,m&aelig;den,<code>m&amp;ae;den</code>,7,0.0056270
27,nu,<code>nu</code>,7,0.0056270
32,criste,<code>criste</code>,6,0.0048232
32,fram,<code>fram</code>,6,0.0048232
32,him,<code>him</code>,6,0.0048232
32,w&aelig;s,<code>w&amp;ae;s</code>,6,0.0048232
36,&aelig;t,<code>&amp;ae;t</code>,5,0.0040193
36,ealle,<code>ealle</code>,5,0.0040193
36,for,<code>for</code>,5,0.0040193
36,gast,<code>gast</code>,5,0.0040193
36,gif,<code>gif</code>,5,0.0040193
36,halga,<code>halga</code>,5,0.0040193
36,hit,<code>hit</code>,5,0.0040193
36,miht,<code>miht</code>,5,0.0040193
36,pascasius,<code>pascasius</code>,5,0.0040193
45,&eth;u,<code>&amp;d;u</code>,4,0.0032154
45,&thorn;eah,<code>&amp;t;eah</code>,4,0.0032154
45,&thorn;urh,<code>&amp;t;urh</code>,4,0.0032154
45,&thorn;us,<code>&amp;t;us</code>,4,0.0032154
45,&thorn;usend,<code>&amp;t;usend</code>,4,0.0032154
45,hw&aelig;t,<code>hw&amp;ae;t</code>,4,0.0032154
45,mihton,<code>mihton</code>,4,0.0032154
45,modor,<code>modor</code>,4,0.0032154
53,&thorn;inre,<code>&amp;t;inre</code>,3,0.0024116
53,agathen,<code>agathen</code>,3,0.0024116
53,andwyrde,<code>andwyrde</code>,3,0.0024116
53,arleasa,<code>arleasa</code>,3,0.0024116
53,bi&eth;,<code>bi&amp;d;</code>,3,0.0024116
53,burh,<code>burh</code>,3,0.0024116
53,cl&aelig;nnysse,<code>cl&amp;ae;nnysse</code>,3,0.0024116
53,dohtor,<code>dohtor</code>,3,0.0024116
53,eart,<code>eart</code>,3,0.0024116
53,eow,<code>eow</code>,3,0.0024116
53,geancsumod,<code>geancsumod</code>,3,0.0024116
53,gebedum,<code>gebedum</code>,3,0.0024116
53,geh&aelig;led,<code>geh&amp;ae;led</code>,3,0.0024116
53,gode,<code>gode</code>,3,0.0024116
53,het,<code>het</code>,3,0.0024116
53,m&aelig;dene,<code>m&amp;ae;dene</code>,3,0.0024116
53,meder,<code>meder</code>,3,0.0024116
53,mine,<code>mine</code>,3,0.0024116
53,naman,<code>naman</code>,3,0.0024116
53,of,<code>of</code>,3,0.0024116
53,word,<code>word</code>,3,0.0024116
74,&aelig;lmihtigan,<code>&amp;ae;lmihtigan</code>,2,0.0016077
74,&eth;am,<code>&amp;d;am</code>,2,0.0016077
74,&thorn;&aelig;r,<code>&amp;t;&amp;ae;r</code>,2,0.0016077
74,&thorn;&aelig;ra,<code>&amp;t;&amp;ae;ra</code>,2,0.0016077
74,&thorn;a&eth;a,<code>&amp;t;a&amp;d;a</code>,2,0.0016077
74,&thorn;incg,<code>&amp;t;incg</code>,2,0.0016077
74,&thorn;is,<code>&amp;t;is</code>,2,0.0016077
74,&thorn;ysum,<code>&amp;t;ysum</code>,2,0.0016077
74,a,<code>a</code>,2,0.0016077
74,amen,<code>amen</code>,2,0.0016077
74,astyrian,<code>astyrian</code>,2,0.0016077
74,behet,<code>behet</code>,2,0.0016077
74,betwux,<code>betwux</code>,2,0.0016077
74,blysse,<code>blysse</code>,2,0.0016077
74,byrgene,<code>byrgene</code>,2,0.0016077
74,byrig,<code>byrig</code>,2,0.0016077
74,byrigene,<code>byrigene</code>,2,0.0016077
74,cl&aelig;nan,<code>cl&amp;ae;nan</code>,2,0.0016077
74,com,<code>com</code>,2,0.0016077
74,dest,<code>dest</code>,2,0.0016077
74,drihtnes,<code>drihtnes</code>,2,0.0016077
74,eft,<code>eft</code>,2,0.0016077
74,eom,<code>eom</code>,2,0.0016077
74,fela,<code>fela</code>,2,0.0016077
74,for&eth;an,<code>for&amp;d;an</code>,2,0.0016077
74,forgifen,<code>forgifen</code>,2,0.0016077
74,ge,<code>ge</code>,2,0.0016077
74,geciged,<code>geciged</code>,2,0.0016077
74,gel&aelig;d,<code>gel&amp;ae;d</code>,2,0.0016077
74,geleafan,<code>geleafan</code>,2,0.0016077
74,gescynd,<code>gescynd</code>,2,0.0016077
74,gewat,<code>gewat</code>,2,0.0016077
74,god,<code>god</code>,2,0.0016077
74,godspelle,<code>godspelle</code>,2,0.0016077
74,h&aelig;lende,<code>h&amp;ae;lende</code>,2,0.0016077
74,halgan,<code>halgan</code>,2,0.0016077
74,heold,<code>heold</code>,2,0.0016077
74,heora,<code>heora</code>,2,0.0016077
74,heton,<code>heton</code>,2,0.0016077
74,hine,<code>hine</code>,2,0.0016077
74,hu,<code>hu</code>,2,0.0016077
74,huse,<code>huse</code>,2,0.0016077
74,hyre,<code>hyre</code>,2,0.0016077
74,l&aelig;dan,<code>l&amp;ae;dan</code>,2,0.0016077
74,land,<code>land</code>,2,0.0016077
74,leode,<code>leode</code>,2,0.0016077
74,lichaman,<code>lichaman</code>,2,0.0016077
74,m&aelig;denes,<code>m&amp;ae;denes</code>,2,0.0016077
74,m&aelig;ran,<code>m&amp;ae;ran</code>,2,0.0016077
74,m&aelig;ssan,<code>m&amp;ae;ssan</code>,2,0.0016077
74,magon,<code>magon</code>,2,0.0016077
74,manfulla,<code>manfulla</code>,2,0.0016077
74,manna,<code>manna</code>,2,0.0016077
74,mannum,<code>mannum</code>,2,0.0016077
74,min,<code>min</code>,2,0.0016077
74,mines,<code>mines</code>,2,0.0016077
74,minum,<code>minum</code>,2,0.0016077
74,mode,<code>mode</code>,2,0.0016077
74,mycel,<code>mycel</code>,2,0.0016077
74,naht,<code>naht</code>,2,0.0016077
74,o&eth;,<code>o&amp;d;</code>,2,0.0016077
74,ofer,<code>ofer</code>,2,0.0016077
74,samod,<code>samod</code>,2,0.0016077
74,siracusa,<code>siracusa</code>,2,0.0016077
74,so&eth;an,<code>so&amp;d;an</code>,2,0.0016077
74,so&eth;lice,<code>so&amp;d;lice</code>,2,0.0016077
74,sona,<code>sona</code>,2,0.0016077
74,stod,<code>stod</code>,2,0.0016077
74,sylf,<code>sylf</code>,2,0.0016077
74,sylst,<code>sylst</code>,2,0.0016077
74,synd,<code>synd</code>,2,0.0016077
74,tihte,<code>tihte</code>,2,0.0016077
74,tyn,<code>tyn</code>,2,0.0016077
74,unwilles,<code>unwilles</code>,2,0.0016077
74,w&aelig;lhreowa,<code>w&amp;ae;lhreowa</code>,2,0.0016077
74,wi&eth;,<code>wi&amp;d;</code>,2,0.0016077
74,willan,<code>willan</code>,2,0.0016077
74,wolde,<code>wolde</code>,2,0.0016077
74,wydewe,<code>wydewe</code>,2,0.0016077
74,ylcan,<code>ylcan</code>,2,0.0016077
154,&aelig;&eth;elborenan,<code>&amp;ae;&amp;d;elborenan</code>,1,0.0008039
154,&aelig;fre,<code>&amp;ae;fre</code>,1,0.0008039
154,&aelig;fter,<code>&amp;ae;fter</code>,1,0.0008039
154,&aelig;hta,<code>&amp;ae;hta</code>,1,0.0008039
154,&aelig;l&thorn;eodigum,<code>&amp;ae;l&amp;t;eodigum</code>,1,0.0008039
154,&aelig;nig,<code>&amp;ae;nig</code>,1,0.0008039
154,&aelig;nlice,<code>&amp;ae;nlice</code>,1,0.0008039
154,&aelig;r,<code>&amp;ae;r</code>,1,0.0008039
154,&aelig;rest,<code>&amp;ae;rest</code>,1,0.0008039
154,&aelig;tforan,<code>&amp;ae;tforan</code>,1,0.0008039
154,&eth;&aelig;re,<code>&amp;d;&amp;ae;re</code>,1,0.0008039
154,&eth;a&thorn;a,<code>&amp;d;a&amp;t;a</code>,1,0.0008039
154,&eth;e,<code>&amp;d;e</code>,1,0.0008039
154,&eth;ing,<code>&amp;d;ing</code>,1,0.0008039
154,&eth;inum,<code>&amp;d;inum</code>,1,0.0008039
154,&eth;is,<code>&amp;d;is</code>,1,0.0008039
154,&eth;onne,<code>&amp;d;onne</code>,1,0.0008039
154,&eth;rowode,<code>&amp;d;rowode</code>,1,0.0008039
154,&eth;rowunge,<code>&amp;d;rowunge</code>,1,0.0008039
154,&eth;urh,<code>&amp;d;urh</code>,1,0.0008039
154,&thorn;a&thorn;a,<code>&amp;t;a&amp;t;a</code>,1,0.0008039
154,&thorn;agit,<code>&amp;t;agit</code>,1,0.0008039
154,&thorn;an,<code>&amp;t;an</code>,1,0.0008039
154,&thorn;as,<code>&amp;t;as</code>,1,0.0008039
154,&thorn;earfum,<code>&amp;t;earfum</code>,1,0.0008039
154,&thorn;eos,<code>&amp;t;eos</code>,1,0.0008039
154,&thorn;eowum,<code>&amp;t;eowum</code>,1,0.0008039
154,&thorn;in,<code>&amp;t;in</code>,1,0.0008039
154,&thorn;inen,<code>&amp;t;inen</code>,1,0.0008039
154,&thorn;ines,<code>&amp;t;ines</code>,1,0.0008039
154,&thorn;inne,<code>&amp;t;inne</code>,1,0.0008039
154,&thorn;inum,<code>&amp;t;inum</code>,1,0.0008039
154,&thorn;one,<code>&amp;t;one</code>,1,0.0008039
154,&thorn;rym,<code>&amp;t;rym</code>,1,0.0008039
154,&thorn;urhwunode,<code>&amp;t;urhwunode</code>,1,0.0008039
154,&thorn;yssere,<code>&amp;t;yssere</code>,1,0.0008039
154,ab&aelig;d,<code>ab&amp;ae;d</code>,1,0.0008039
154,acuman,<code>acuman</code>,1,0.0008039
154,acwellan,<code>acwellan</code>,1,0.0008039
154,ad,<code>ad</code>,1,0.0008039
154,adpropinquabit,<code>adpropinquabit</code>,1,0.0008039
154,afyrsige,<code>afyrsige</code>,1,0.0008039
154,agathes,<code>agathes</code>,1,0.0008039
154,ahebbe,<code>ahebbe</code>,1,0.0008039
154,an,<code>an</code>,1,0.0008039
154,andwerdnysse,<code>andwerdnysse</code>,1,0.0008039
154,anginne,<code>anginne</code>,1,0.0008039
154,anre,<code>anre</code>,1,0.0008039
154,apostol,<code>apostol</code>,1,0.0008039
154,ar&aelig;rde,<code>ar&amp;ae;rde</code>,1,0.0008039
154,aras,<code>aras</code>,1,0.0008039
154,ardlice,<code>ardlice</code>,1,0.0008039
154,arleas,<code>arleas</code>,1,0.0008039
154,arleasan,<code>arleasan</code>,1,0.0008039
154,arn,<code>arn</code>,1,0.0008039
154,aspende,<code>aspende</code>,1,0.0008039
154,asprang,<code>asprang</code>,1,0.0008039
154,astrehton,<code>astrehton</code>,1,0.0008039
154,astyrod,<code>astyrod</code>,1,0.0008039
154,ateoh,<code>ateoh</code>,1,0.0008039
154,autem,<code>autem</code>,1,0.0008039
154,awecgan,<code>awecgan</code>,1,0.0008039
154,awegl&aelig;dan,<code>awegl&amp;ae;dan</code>,1,0.0008039
154,awoc,<code>awoc</code>,1,0.0008039
154,awogode,<code>awogode</code>,1,0.0008039
154,axode,<code>axode</code>,1,0.0008039
154,be,<code>be</code>,1,0.0008039
154,beceapode,<code>beceapode</code>,1,0.0008039
154,beforan,<code>beforan</code>,1,0.0008039
154,befran,<code>befran</code>,1,0.0008039
154,begunnon,<code>begunnon</code>,1,0.0008039
154,beheafdian,<code>beheafdian</code>,1,0.0008039
154,belimpan,<code>belimpan</code>,1,0.0008039
154,beluc,<code>beluc</code>,1,0.0008039
154,bendum,<code>bendum</code>,1,0.0008039
154,beo,<code>beo</code>,1,0.0008039
154,beon,<code>beon</code>,1,0.0008039
154,beorhtan,<code>beorhtan</code>,1,0.0008039
154,besprencgan,<code>besprencgan</code>,1,0.0008039
154,betellan,<code>betellan</code>,1,0.0008039
154,bidde,<code>bidde</code>,1,0.0008039
154,bifigende,<code>bifigende</code>,1,0.0008039
154,binnan,<code>binnan</code>,1,0.0008039
154,bist,<code>bist</code>,1,0.0008039
154,bitst,<code>bitst</code>,1,0.0008039
154,blod,<code>blod</code>,1,0.0008039
154,blodes,<code>blodes</code>,1,0.0008039
154,brydguman,<code>brydguman</code>,1,0.0008039
154,butan,<code>butan</code>,1,0.0008039
154,byst,<code>byst</code>,1,0.0008039
154,cadent,<code>cadent</code>,1,0.0008039
154,casere,<code>casere</code>,1,0.0008039
154,catanenscisce,<code>catanenscisce</code>,1,0.0008039
154,catanensciscre,<code>catanensciscre</code>,1,0.0008039
154,cl&aelig;ne,<code>cl&amp;ae;ne</code>,1,0.0008039
154,clypige,<code>clypige</code>,1,0.0008039
154,clypigende,<code>clypigende</code>,1,0.0008039
154,clypode,<code>clypode</code>,1,0.0008039
154,cnihte,<code>cnihte</code>,1,0.0008039
154,cnitton,<code>cnitton</code>,1,0.0008039
154,coman,<code>coman</code>,1,0.0008039
154,crist,<code>crist</code>,1,0.0008039
154,cunnode,<code>cunnode</code>,1,0.0008039
154,cw&aelig;don,<code>cw&amp;ae;don</code>,1,0.0008039
154,cwe&eth;ende,<code>cwe&amp;d;ende</code>,1,0.0008039
154,cwealmb&aelig;ra,<code>cwealmb&amp;ae;ra</code>,1,0.0008039
154,cwellere,<code>cwellere</code>,1,0.0008039
154,cyrcan,<code>cyrcan</code>,1,0.0008039
154,d&aelig;da,<code>d&amp;ae;da</code>,1,0.0008039
154,d&aelig;dum,<code>d&amp;ae;dum</code>,1,0.0008039
154,d&aelig;lde,<code>d&amp;ae;lde</code>,1,0.0008039
154,de,<code>de</code>,1,0.0008039
154,dea&eth;e,<code>dea&amp;d;e</code>,1,0.0008039
154,dead,<code>dead</code>,1,0.0008039
154,deadlicne,<code>deadlicne</code>,1,0.0008039
154,decem,<code>decem</code>,1,0.0008039
154,dem&eth;,<code>dem&amp;d;</code>,1,0.0008039
154,deofla,<code>deofla</code>,1,0.0008039
154,dextris,<code>dextris</code>,1,0.0008039
154,dioclytianus,<code>dioclytianus</code>,1,0.0008039
154,donne,<code>donne</code>,1,0.0008039
154,dreah,<code>dreah</code>,1,0.0008039
154,drihtne,<code>drihtne</code>,1,0.0008039
154,drymen,<code>drymen</code>,1,0.0008039
154,eac,<code>eac</code>,1,0.0008039
154,eadiga,<code>eadiga</code>,1,0.0008039
154,eagan,<code>eagan</code>,1,0.0008039
154,earan,<code>earan</code>,1,0.0008039
154,ecere,<code>ecere</code>,1,0.0008039
154,ecnysse,<code>ecnysse</code>,1,0.0008039
154,efne,<code>efne</code>,1,0.0008039
154,ele,<code>ele</code>,1,0.0008039
154,engla,<code>engla</code>,1,0.0008039
154,eornostlice,<code>eornostlice</code>,1,0.0008039
154,et,<code>et</code>,1,0.0008039
154,euthicia,<code>euthicia</code>,1,0.0008039
154,f&aelig;c,<code>f&amp;ae;c</code>,1,0.0008039
154,f&aelig;der,<code>f&amp;ae;der</code>,1,0.0008039
154,f&aelig;la,<code>f&amp;ae;la</code>,1,0.0008039
154,farendre,<code>farendre</code>,1,0.0008039
154,fealla&eth;,<code>fealla&amp;d;</code>,1,0.0008039
154,feo,<code>feo</code>,1,0.0008039
154,feower,<code>feower</code>,1,0.0008039
154,fiftig,<code>fiftig</code>,1,0.0008039
154,fleo,<code>fleo</code>,1,0.0008039
154,fo&eth;,<code>fo&amp;d;</code>,1,0.0008039
154,for&eth;si&thorn;e,<code>for&amp;d;si&amp;t;e</code>,1,0.0008039
154,for&thorn;an,<code>for&amp;t;an</code>,1,0.0008039
154,for&thorn;i,<code>for&amp;t;i</code>,1,0.0008039
154,fore&thorn;ingunga,<code>fore&amp;t;ingunga</code>,1,0.0008039
154,forgif,<code>forgif</code>,1,0.0008039
154,forhtunge,<code>forhtunge</code>,1,0.0008039
154,forleose,<code>forleose</code>,1,0.0008039
154,forsuwode,<code>forsuwode</code>,1,0.0008039
154,fotum,<code>fotum</code>,1,0.0008039
154,fullice,<code>fullice</code>,1,0.0008039
154,fulnysse,<code>fulnysse</code>,1,0.0008039
154,fur&eth;or,<code>fur&amp;d;or</code>,1,0.0008039
154,fyr,<code>fyr</code>,1,0.0008039
154,fyre,<code>fyre</code>,1,0.0008039
154,galdrum,<code>galdrum</code>,1,0.0008039
154,galnysse,<code>galnysse</code>,1,0.0008039
154,gastes,<code>gastes</code>,1,0.0008039
154,ge&thorn;ingienne,<code>ge&amp;t;ingienne</code>,1,0.0008039
154,gear,<code>gear</code>,1,0.0008039
154,gearcodest,<code>gearcodest</code>,1,0.0008039
154,geare,<code>geare</code>,1,0.0008039
154,gearum,<code>gearum</code>,1,0.0008039
154,gebedu,<code>gebedu</code>,1,0.0008039
154,gebigan,<code>gebigan</code>,1,0.0008039
154,gebroht,<code>gebroht</code>,1,0.0008039
154,gebunden,<code>gebunden</code>,1,0.0008039
154,gedon,<code>gedon</code>,1,0.0008039
154,gedrefednyssum,<code>gedrefednyssum</code>,1,0.0008039
154,geeacnode,<code>geeacnode</code>,1,0.0008039
154,geearnode,<code>geearnode</code>,1,0.0008039
154,gef&aelig;stnode,<code>gef&amp;ae;stnode</code>,1,0.0008039
154,gefrefrige,<code>gefrefrige</code>,1,0.0008039
154,gefretewode,<code>gefretewode</code>,1,0.0008039
154,gefyllan,<code>gefyllan</code>,1,0.0008039
154,geh&aelig;lde,<code>geh&amp;ae;lde</code>,1,0.0008039
154,gehalgodon,<code>gehalgodon</code>,1,0.0008039
154,gehelpan,<code>gehelpan</code>,1,0.0008039
154,gehelpe,<code>gehelpe</code>,1,0.0008039
154,geheolp,<code>geheolp</code>,1,0.0008039
154,gehrepa,<code>gehrepa</code>,1,0.0008039
154,gehusloden,<code>gehusloden</code>,1,0.0008039
154,gehyran,<code>gehyran</code>,1,0.0008039
154,gela&eth;unge,<code>gela&amp;d;unge</code>,1,0.0008039
154,gelamp,<code>gelamp</code>,1,0.0008039
154,gelangian,<code>gelangian</code>,1,0.0008039
154,geleafa,<code>geleafa</code>,1,0.0008039
154,geleaffullum,<code>geleaffullum</code>,1,0.0008039
154,gelencgdon,<code>gelencgdon</code>,1,0.0008039
154,gelome,<code>gelome</code>,1,0.0008039
154,gelyf,<code>gelyf</code>,1,0.0008039
154,gelyfst,<code>gelyfst</code>,1,0.0008039
154,gem&aelig;rsod,<code>gem&amp;ae;rsod</code>,1,0.0008039
154,gemyntest,<code>gemyntest</code>,1,0.0008039
154,genealec&aelig;&eth;,<code>genealec&amp;ae;&amp;d;</code>,1,0.0008039
154,geneosige,<code>geneosige</code>,1,0.0008039
154,geoffrian,<code>geoffrian</code>,1,0.0008039
154,geoffrige,<code>geoffrige</code>,1,0.0008039
154,geoffrode,<code>geoffrode</code>,1,0.0008039
154,geond,<code>geond</code>,1,0.0008039
154,gerynu,<code>gerynu</code>,1,0.0008039
154,ges&aelig;lige,<code>ges&amp;ae;lige</code>,1,0.0008039
154,geseah,<code>geseah</code>,1,0.0008039
154,gesih&eth;e,<code>gesih&amp;d;e</code>,1,0.0008039
154,gestreon,<code>gestreon</code>,1,0.0008039
154,gesundfulnysse,<code>gesundfulnysse</code>,1,0.0008039
154,geswican,<code>geswican</code>,1,0.0008039
154,geswutelod,<code>geswutelod</code>,1,0.0008039
154,geteald,<code>geteald</code>,1,0.0008039
154,geti&eth;ian,<code>geti&amp;d;ian</code>,1,0.0008039
154,gewemman,<code>gewemman</code>,1,0.0008039
154,gewemmed,<code>gewemmed</code>,1,0.0008039
154,gewemmednysse,<code>gewemmednysse</code>,1,0.0008039
154,geweolden,<code>geweolden</code>,1,0.0008039
154,gewlitegod,<code>gewlitegod</code>,1,0.0008039
154,gewreged,<code>gewreged</code>,1,0.0008039
154,gewundod,<code>gewundod</code>,1,0.0008039
154,gewylde,<code>gewylde</code>,1,0.0008039
154,godspell,<code>godspell</code>,1,0.0008039
154,gramlica,<code>gramlica</code>,1,0.0008039
154,gymmas,<code>gymmas</code>,1,0.0008039
154,h&aelig;&eth;engilda,<code>h&amp;ae;&amp;d;engilda</code>,1,0.0008039
154,h&aelig;&thorn;engilde,<code>h&amp;ae;&amp;t;engilde</code>,1,0.0008039
154,h&aelig;bbe,<code>h&amp;ae;bbe</code>,1,0.0008039
154,h&aelig;f&eth;,<code>h&amp;ae;f&amp;d;</code>,1,0.0008039
154,h&aelig;lendes,<code>h&amp;ae;lendes</code>,1,0.0008039
154,hal,<code>hal</code>,1,0.0008039
154,halige,<code>halige</code>,1,0.0008039
154,haligre,<code>haligre</code>,1,0.0008039
154,halwendlice,<code>halwendlice</code>,1,0.0008039
154,hand,<code>hand</code>,1,0.0008039
154,handum,<code>handum</code>,1,0.0008039
154,hate,<code>hate</code>,1,0.0008039
154,healda&eth;,<code>healda&amp;d;</code>,1,0.0008039
154,hefe,<code>hefe</code>,1,0.0008039
154,hlisa,<code>hlisa</code>,1,0.0008039
154,hluttor,<code>hluttor</code>,1,0.0008039
154,hlyst,<code>hlyst</code>,1,0.0008039
154,hrepode,<code>hrepode</code>,1,0.0008039
154,hwi,<code>hwi</code>,1,0.0008039
154,hyn&eth;a,<code>hyn&amp;d;a</code>,1,0.0008039
154,inno&eth;,<code>inno&amp;d;</code>,1,0.0008039
154,intinga,<code>intinga</code>,1,0.0008039
154,l&aelig;ca,<code>l&amp;ae;ca</code>,1,0.0008039
154,l&aelig;g,<code>l&amp;ae;g</code>,1,0.0008039
154,la,<code>la</code>,1,0.0008039
154,la&eth;an,<code>la&amp;d;an</code>,1,0.0008039
154,lac,<code>lac</code>,1,0.0008039
154,lacum,<code>lacum</code>,1,0.0008039
154,lagon,<code>lagon</code>,1,0.0008039
154,landare,<code>landare</code>,1,0.0008039
154,lange,<code>lange</code>,1,0.0008039
154,latere,<code>latere</code>,1,0.0008039
154,leasan,<code>leasan</code>,1,0.0008039
154,leng,<code>leng</code>,1,0.0008039
154,leoda,<code>leoda</code>,1,0.0008039
154,leofa,<code>leofa</code>,1,0.0008039
154,lica&eth;,<code>lica&amp;d;</code>,1,0.0008039
154,licgendum,<code>licgendum</code>,1,0.0008039
154,lichama,<code>lichama</code>,1,0.0008039
154,licige,<code>licige</code>,1,0.0008039
154,licwur&eth;e,<code>licwur&amp;d;e</code>,1,0.0008039
154,life,<code>life</code>,1,0.0008039
154,lifigendan,<code>lifigendan</code>,1,0.0008039
154,loca,<code>loca</code>,1,0.0008039
154,lucian,<code>lucian</code>,1,0.0008039
154,lyfigendan,<code>lyfigendan</code>,1,0.0008039
154,m&aelig;g,<code>m&amp;ae;g</code>,1,0.0008039
154,m&aelig;g&eth;had,<code>m&amp;ae;g&amp;d;had</code>,1,0.0008039
154,m&aelig;g&eth;hade,<code>m&amp;ae;g&amp;d;hade</code>,1,0.0008039
154,magas,<code>magas</code>,1,0.0008039
154,malum,<code>malum</code>,1,0.0008039
154,man,<code>man</code>,1,0.0008039
154,mand&aelig;da,<code>mand&amp;ae;da</code>,1,0.0008039
154,manfullan,<code>manfullan</code>,1,0.0008039
154,mann,<code>mann</code>,1,0.0008039
154,maximianus,<code>maximianus</code>,1,0.0008039
154,meniu,<code>meniu</code>,1,0.0008039
154,miccle,<code>miccle</code>,1,0.0008039
154,mihte,<code>mihte</code>,1,0.0008039
154,mihtiglice,<code>mihtiglice</code>,1,0.0008039
154,mila,<code>mila</code>,1,0.0008039
154,milia,<code>milia</code>,1,0.0008039
154,mille,<code>mille</code>,1,0.0008039
154,minne,<code>minne</code>,1,0.0008039
154,minre,<code>minre</code>,1,0.0008039
154,modleaste,<code>modleaste</code>,1,0.0008039
154,munt,<code>munt</code>,1,0.0008039
154,mycelre,<code>mycelre</code>,1,0.0008039
154,myltestrena,<code>myltestrena</code>,1,0.0008039
154,n&aelig;bbe,<code>n&amp;ae;bbe</code>,1,0.0008039
154,n&aelig;fre,<code>n&amp;ae;fre</code>,1,0.0008039
154,n&aelig;s,<code>n&amp;ae;s</code>,1,0.0008039
154,namige,<code>namige</code>,1,0.0008039
154,nan,<code>nan</code>,1,0.0008039
154,nane,<code>nane</code>,1,0.0008039
154,nanne,<code>nanne</code>,1,0.0008039
154,nigon,<code>nigon</code>,1,0.0008039
154,nolde,<code>nolde</code>,1,0.0008039
154,non,<code>non</code>,1,0.0008039
154,o&eth;&thorn;&aelig;t,<code>o&amp;d;&amp;t;&amp;ae;t</code>,1,0.0008039
154,o&eth;rum,<code>o&amp;d;rum</code>,1,0.0008039
154,o&thorn;re,<code>o&amp;t;re</code>,1,0.0008039
154,oferswy&eth;don,<code>oferswy&amp;d;don</code>,1,0.0008039
154,offrung,<code>offrung</code>,1,0.0008039
154,offrungum,<code>offrungum</code>,1,0.0008039
154,ofslagen,<code>ofslagen</code>,1,0.0008039
154,ofteo,<code>ofteo</code>,1,0.0008039
154,olle,<code>olle</code>,1,0.0008039
154,onbryrdnysse,<code>onbryrdnysse</code>,1,0.0008039
154,ontendan,<code>ontendan</code>,1,0.0008039
154,orgellice,<code>orgellice</code>,1,0.0008039
154,oxan,<code>oxan</code>,1,0.0008039
154,pice,<code>pice</code>,1,0.0008039
154,plihte,<code>plihte</code>,1,0.0008039
154,r&aelig;dde,<code>r&amp;ae;dde</code>,1,0.0008039
154,r&aelig;des,<code>r&amp;ae;des</code>,1,0.0008039
154,racenteagum,<code>racenteagum</code>,1,0.0008039
154,rapas,<code>rapas</code>,1,0.0008039
154,re&eth;um,<code>re&amp;d;um</code>,1,0.0008039
154,reaf,<code>reaf</code>,1,0.0008039
154,rice,<code>rice</code>,1,0.0008039
154,rixa&eth;,<code>rixa&amp;d;</code>,1,0.0008039
154,romaniscre,<code>romaniscre</code>,1,0.0008039
154,rome,<code>rome</code>,1,0.0008039
154,ryne,<code>ryne</code>,1,0.0008039
154,s&aelig;,<code>s&amp;ae;</code>,1,0.0008039
154,s&aelig;de,<code>s&amp;ae;de</code>,1,0.0008039
154,sacerdas,<code>sacerdas</code>,1,0.0008039
154,sancta,<code>sancta</code>,1,0.0008039
154,sceolan,<code>sceolan</code>,1,0.0008039
154,scinendan,<code>scinendan</code>,1,0.0008039
154,se&eth;e,<code>se&amp;d;e</code>,1,0.0008039
154,se&thorn;e,<code>se&amp;t;e</code>,1,0.0008039
154,sece,<code>sece</code>,1,0.0008039
154,secge,<code>secge</code>,1,0.0008039
154,si&eth;&eth;an,<code>si&amp;d;&amp;d;an</code>,1,0.0008039
154,sib,<code>sib</code>,1,0.0008039
154,sidan,<code>sidan</code>,1,0.0008039
154,siracusanan,<code>siracusanan</code>,1,0.0008039
154,sl&aelig;pe,<code>sl&amp;ae;pe</code>,1,0.0008039
154,so&eth;,<code>so&amp;d;</code>,1,0.0008039
154,so&thorn;an,<code>so&amp;t;an</code>,1,0.0008039
154,sohte,<code>sohte</code>,1,0.0008039
154,spannan,<code>spannan</code>,1,0.0008039
154,speow,<code>speow</code>,1,0.0008039
154,spr&aelig;c,<code>spr&amp;ae;c</code>,1,0.0008039
154,spr&aelig;con,<code>spr&amp;ae;con</code>,1,0.0008039
154,spreca&eth;,<code>spreca&amp;d;</code>,1,0.0008039
154,spryc&thorn;,<code>spryc&amp;t;</code>,1,0.0008039
154,spyrcendum,<code>spyrcendum</code>,1,0.0008039
154,steopbearnum,<code>steopbearnum</code>,1,0.0008039
154,stowe,<code>stowe</code>,1,0.0008039
154,sum,<code>sum</code>,1,0.0008039
154,suwian,<code>suwian</code>,1,0.0008039
154,swi&eth;or,<code>swi&amp;d;or</code>,1,0.0008039
154,swingele,<code>swingele</code>,1,0.0008039
154,swurde,<code>swurde</code>,1,0.0008039
154,swustor,<code>swustor</code>,1,0.0008039
154,swy&eth;ran,<code>swy&amp;d;ran</code>,1,0.0008039
154,swyster,<code>swyster</code>,1,0.0008039
154,syle,<code>syle</code>,1,0.0008039
154,sylfe,<code>sylfe</code>,1,0.0008039
154,syllan,<code>syllan</code>,1,0.0008039
154,symle,<code>symle</code>,1,0.0008039
154,templ,<code>templ</code>,1,0.0008039
154,teon,<code>teon</code>,1,0.0008039
154,tibi,<code>tibi</code>,1,0.0008039
154,tugon,<code>tugon</code>,1,0.0008039
154,tuis,<code>tuis</code>,1,0.0008039
154,tuo,<code>tuo</code>,1,0.0008039
154,twifeald,<code>twifeald</code>,1,0.0008039
154,ufenne,<code>ufenne</code>,1,0.0008039
154,uirgo,<code>uirgo</code>,1,0.0008039
154,unforht,<code>unforht</code>,1,0.0008039
154,ungeleaffullum,<code>ungeleaffullum</code>,1,0.0008039
154,unhal,<code>unhal</code>,1,0.0008039
154,unscyldig,<code>unscyldig</code>,1,0.0008039
154,unstrang,<code>unstrang</code>,1,0.0008039
154,ut,<code>ut</code>,1,0.0008039
154,w&aelig;lhreowum,<code>w&amp;ae;lhreowum</code>,1,0.0008039
154,w&aelig;stm,<code>w&amp;ae;stm</code>,1,0.0008039
154,wand,<code>wand</code>,1,0.0008039
154,wast,<code>wast</code>,1,0.0008039
154,wat,<code>wat</code>,1,0.0008039
154,weallum,<code>weallum</code>,1,0.0008039
154,wear&thorn;,<code>wear&amp;t;</code>,1,0.0008039
154,werodum,<code>werodum</code>,1,0.0008039
154,wif,<code>wif</code>,1,0.0008039
154,wisum,<code>wisum</code>,1,0.0008039
154,witan,<code>witan</code>,1,0.0008039
154,wodlice,<code>wodlice</code>,1,0.0008039
154,woldest,<code>woldest</code>,1,0.0008039
154,wreccan,<code>wreccan</code>,1,0.0008039
154,wreccum,<code>wreccum</code>,1,0.0008039
154,wuldre,<code>wuldre</code>,1,0.0008039
154,wuna&eth;,<code>wuna&amp;d;</code>,1,0.0008039
154,wunode,<code>wunode</code>,1,0.0008039
154,wunung,<code>wunung</code>,1,0.0008039
154,wununge,<code>wununge</code>,1,0.0008039
154,wur&eth;e,<code>wur&amp;d;e</code>,1,0.0008039
154,wur&eth;mynte,<code>wur&amp;d;mynte</code>,1,0.0008039
154,wurde,<code>wurde</code>,1,0.0008039
154,wydewan,<code>wydewan</code>,1,0.0008039
154,wydewum,<code>wydewum</code>,1,0.0008039
154,wylle,<code>wylle</code>,1,0.0008039
154,wynsume,<code>wynsume</code>,1,0.0008039
154,yfel,<code>yfel</code>,1,0.0008039
154,yfelan,<code>yfelan</code>,1,0.0008039
154,ymbhwyrfte,<code>ymbhwyrfte</code>,1,0.0008039
154,yrsode,<code>yrsode</code>,1,0.0008039
