B_Prose,B01,B01.003.017_AELS__Memory_of_Saints__T03170.txt,1120,781,3198
RANK,HTML WORD,RAW WORD,COUNT,RELATIVE FREQUENCY
1,and,<code>and</code>,164,0.0512821
2,on,<code>on</code>,94,0.0293934
3,&thorn;&aelig;t,<code>&amp;t;&amp;ae;t</code>,92,0.0287680
4,is,<code>is</code>,71,0.0222014
5,swa,<code>swa</code>,68,0.0212633
6,he,<code>he</code>,59,0.0184490
7,his,<code>his</code>,57,0.0178236
8,to,<code>to</code>,53,0.0165729
9,&thorn;e,<code>&amp;t;e</code>,50,0.0156348
9,se,<code>se</code>,50,0.0156348
11,mid,<code>mid</code>,46,0.0143840
12,ne,<code>ne</code>,40,0.0125078
13,&eth;a,<code>&amp;d;a</code>,39,0.0121951
14,we,<code>we</code>,36,0.0112570
15,&thorn;a,<code>&amp;t;a</code>,33,0.0103189
16,god,<code>god</code>,32,0.0100063
17,for,<code>for</code>,28,0.0087555
18,us,<code>us</code>,26,0.0081301
19,him,<code>him</code>,24,0.0075047
19,seo,<code>seo</code>,24,0.0075047
21,gode,<code>gode</code>,23,0.0071920
21,hi,<code>hi</code>,23,0.0071920
23,for&eth;an,<code>for&amp;d;an</code>,22,0.0068793
23,man,<code>man</code>,22,0.0068793
25,ac,<code>ac</code>,18,0.0056285
25,godes,<code>godes</code>,18,0.0056285
27,eac,<code>eac</code>,17,0.0053158
27,eft,<code>eft</code>,17,0.0053158
27,heora,<code>heora</code>,17,0.0053158
30,&eth;am,<code>&amp;d;am</code>,16,0.0050031
30,hine,<code>hine</code>,16,0.0050031
32,ge,<code>ge</code>,15,0.0046904
32,nu,<code>nu</code>,15,0.0046904
34,cw&aelig;&eth;,<code>cw&amp;ae;&amp;d;</code>,14,0.0043777
34,ealle,<code>ealle</code>,14,0.0043777
34,gif,<code>gif</code>,14,0.0043777
37,bi&eth;,<code>bi&amp;d;</code>,13,0.0040650
37,ure,<code>ure</code>,13,0.0040650
39,geleafan,<code>geleafan</code>,11,0.0034396
40,&aelig;fre,<code>&amp;ae;fre</code>,10,0.0031270
40,&thorn;am,<code>&amp;t;am</code>,10,0.0031270
40,be,<code>be</code>,10,0.0031270
43,&eth;e,<code>&amp;d;e</code>,9,0.0028143
43,&thorn;onne,<code>&amp;t;onne</code>,9,0.0028143
43,crist,<code>crist</code>,9,0.0028143
43,deofol,<code>deofol</code>,9,0.0028143
43,h&aelig;lend,<code>h&amp;ae;lend</code>,9,0.0028143
43,w&aelig;s,<code>w&amp;ae;s</code>,9,0.0028143
49,&aelig;t,<code>&amp;ae;t</code>,8,0.0025016
49,&thorn;urh,<code>&amp;t;urh</code>,8,0.0025016
49,englisc,<code>englisc</code>,8,0.0025016
49,ic,<code>ic</code>,8,0.0025016
49,sylf,<code>sylf</code>,8,0.0025016
49,w&aelig;ron,<code>w&amp;ae;ron</code>,8,0.0025016
49,wear&eth;,<code>wear&amp;d;</code>,8,0.0025016
56,&thorn;one,<code>&amp;t;one</code>,7,0.0021889
56,butan,<code>butan</code>,7,0.0021889
56,fram,<code>fram</code>,7,0.0021889
56,habba&eth;,<code>habba&amp;d;</code>,7,0.0021889
56,heofonum,<code>heofonum</code>,7,0.0021889
56,heortan,<code>heortan</code>,7,0.0021889
56,mann,<code>mann</code>,7,0.0021889
56,menn,<code>menn</code>,7,0.0021889
56,miht,<code>miht</code>,7,0.0021889
56,sceolan,<code>sceolan</code>,7,0.0021889
56,synd,<code>synd</code>,7,0.0021889
56,wolde,<code>wolde</code>,7,0.0021889
56,worulde,<code>worulde</code>,7,0.0021889
69,&aelig;hta,<code>&amp;ae;hta</code>,6,0.0018762
69,&eth;onne,<code>&amp;d;onne</code>,6,0.0018762
69,&eth;urh,<code>&amp;d;urh</code>,6,0.0018762
69,&thorn;as,<code>&amp;t;as</code>,6,0.0018762
69,dea&eth;e,<code>dea&amp;d;e</code>,6,0.0018762
69,ende,<code>ende</code>,6,0.0018762
69,et,<code>et</code>,6,0.0018762
69,hu,<code>hu</code>,6,0.0018762
69,lif,<code>lif</code>,6,0.0018762
69,life,<code>life</code>,6,0.0018762
69,lufian,<code>lufian</code>,6,0.0018762
69,magon,<code>magon</code>,6,0.0018762
69,me,<code>me</code>,6,0.0018762
69,n&aelig;fre,<code>n&amp;ae;fre</code>,6,0.0018762
69,of,<code>of</code>,6,0.0018762
69,se&eth;e,<code>se&amp;d;e</code>,6,0.0018762
69,urum,<code>urum</code>,6,0.0018762
69,weorcum,<code>weorcum</code>,6,0.0018762
87,&aelig;rest,<code>&amp;ae;rest</code>,5,0.0015635
87,an,<code>an</code>,5,0.0015635
87,beo&eth;,<code>beo&amp;d;</code>,5,0.0015635
87,beon,<code>beon</code>,5,0.0015635
87,criste,<code>criste</code>,5,0.0015635
87,drihten,<code>drihten</code>,5,0.0015635
87,ecan,<code>ecan</code>,5,0.0015635
87,halgan,<code>halgan</code>,5,0.0015635
87,heo,<code>heo</code>,5,0.0015635
87,hit,<code>hit</code>,5,0.0015635
87,m&aelig;g,<code>m&amp;ae;g</code>,5,0.0015635
87,maca&eth;,<code>maca&amp;d;</code>,5,0.0015635
87,na,<code>na</code>,5,0.0015635
87,nan,<code>nan</code>,5,0.0015635
87,so&eth;e,<code>so&amp;d;e</code>,5,0.0015635
87,so&eth;lice,<code>so&amp;d;lice</code>,5,0.0015635
87,sunu,<code>sunu</code>,5,0.0015635
87,swy&eth;e,<code>swy&amp;d;e</code>,5,0.0015635
105,&aelig;g&eth;er,<code>&amp;ae;g&amp;d;er</code>,4,0.0012508
105,&aelig;r,<code>&amp;ae;r</code>,4,0.0012508
105,&thorn;&aelig;s,<code>&amp;t;&amp;ae;s</code>,4,0.0012508
105,&thorn;us,<code>&amp;t;us</code>,4,0.0012508
105,beo,<code>beo</code>,4,0.0012508
105,cl&aelig;nnysse,<code>cl&amp;ae;nnysse</code>,4,0.0012508
105,don,<code>don</code>,4,0.0012508
105,geara,<code>geara</code>,4,0.0012508
105,h&aelig;lendes,<code>h&amp;ae;lendes</code>,4,0.0012508
105,het,<code>het</code>,4,0.0012508
105,leahter,<code>leahter</code>,4,0.0012508
105,lufe,<code>lufe</code>,4,0.0012508
105,mannum,<code>mannum</code>,4,0.0012508
105,o&eth;&eth;e,<code>o&amp;d;&amp;d;e</code>,4,0.0012508
105,oferswi&eth;an,<code>oferswi&amp;d;an</code>,4,0.0012508
105,sawle,<code>sawle</code>,4,0.0012508
105,si&eth;&eth;an,<code>si&amp;d;&amp;d;an</code>,4,0.0012508
105,sum,<code>sum</code>,4,0.0012508
105,sume,<code>sume</code>,4,0.0012508
105,swilce,<code>swilce</code>,4,0.0012508
105,sylfne,<code>sylfne</code>,4,0.0012508
105,untrumnysse,<code>untrumnysse</code>,4,0.0012508
105,wi&eth;,<code>wi&amp;d;</code>,4,0.0012508
105,wille,<code>wille</code>,4,0.0012508
105,yfel,<code>yfel</code>,4,0.0012508
130,&aelig;fter,<code>&amp;ae;fter</code>,3,0.0009381
130,&aelig;lcere,<code>&amp;ae;lcere</code>,3,0.0009381
130,&aelig;lmihtig,<code>&amp;ae;lmihtig</code>,3,0.0009381
130,&eth;&aelig;re,<code>&amp;d;&amp;ae;re</code>,3,0.0009381
130,&eth;one,<code>&amp;d;one</code>,3,0.0009381
130,&thorn;&aelig;re,<code>&amp;t;&amp;ae;re</code>,3,0.0009381
130,&thorn;eah,<code>&amp;t;eah</code>,3,0.0009381
130,&thorn;incg,<code>&amp;t;incg</code>,3,0.0009381
130,a,<code>a</code>,3,0.0009381
130,abel,<code>abel</code>,3,0.0009381
130,alysde,<code>alysde</code>,3,0.0009381
130,anr&aelig;de,<code>anr&amp;ae;de</code>,3,0.0009381
130,cristenan,<code>cristenan</code>,3,0.0009381
130,cristes,<code>cristes</code>,3,0.0009381
130,de&eth;,<code>de&amp;d;</code>,3,0.0009381
130,deadan,<code>deadan</code>,3,0.0009381
130,drohtnunge,<code>drohtnunge</code>,3,0.0009381
130,eahta,<code>eahta</code>,3,0.0009381
130,eallum,<code>eallum</code>,3,0.0009381
130,ealre,<code>ealre</code>,3,0.0009381
130,ehtnysse,<code>ehtnysse</code>,3,0.0009381
130,f&aelig;der,<code>f&amp;ae;der</code>,3,0.0009381
130,ge&eth;ylde,<code>ge&amp;d;ylde</code>,3,0.0009381
130,gecweme,<code>gecweme</code>,3,0.0009381
130,geh&aelig;lde,<code>geh&amp;ae;lde</code>,3,0.0009381
130,gehaten,<code>gehaten</code>,3,0.0009381
130,geleafa,<code>geleafa</code>,3,0.0009381
130,godum,<code>godum</code>,3,0.0009381
130,h&aelig;lende,<code>h&amp;ae;lende</code>,3,0.0009381
130,halgum,<code>halgum</code>,3,0.0009381
130,halige,<code>halige</code>,3,0.0009381
130,helle,<code>helle</code>,3,0.0009381
130,her,<code>her</code>,3,0.0009381
130,hund,<code>hund</code>,3,0.0009381
130,hw&aelig;t,<code>hw&amp;ae;t</code>,3,0.0009381
130,lange,<code>lange</code>,3,0.0009381
130,leahtras,<code>leahtras</code>,3,0.0009381
130,lichaman,<code>lichaman</code>,3,0.0009381
130,mancynn,<code>mancynn</code>,3,0.0009381
130,manega,<code>manega</code>,3,0.0009381
130,mihte,<code>mihte</code>,3,0.0009381
130,modigan,<code>modigan</code>,3,0.0009381
130,naman,<code>naman</code>,3,0.0009381
130,o&eth;,<code>o&amp;d;</code>,3,0.0009381
130,o&eth;er,<code>o&amp;d;er</code>,3,0.0009381
130,ofer,<code>ofer</code>,3,0.0009381
130,qui,<code>qui</code>,3,0.0009381
130,rice,<code>rice</code>,3,0.0009381
130,rihtwisnysse,<code>rihtwisnysse</code>,3,0.0009381
130,sceole,<code>sceole</code>,3,0.0009381
130,so&eth;an,<code>so&amp;d;an</code>,3,0.0009381
130,spr&aelig;ce,<code>spr&amp;ae;ce</code>,3,0.0009381
130,sy,<code>sy</code>,3,0.0009381
130,sylfe,<code>sylfe</code>,3,0.0009381
130,timan,<code>timan</code>,3,0.0009381
130,unrihtwisnysse,<code>unrihtwisnysse</code>,3,0.0009381
130,wite,<code>wite</code>,3,0.0009381
130,witega,<code>witega</code>,3,0.0009381
130,wundra,<code>wundra</code>,3,0.0009381
130,wunigende,<code>wunigende</code>,3,0.0009381
130,wunodon,<code>wunodon</code>,3,0.0009381
130,wununge,<code>wununge</code>,3,0.0009381
130,wurdon,<code>wurdon</code>,3,0.0009381
130,yrre,<code>yrre</code>,3,0.0009381
194,&aelig;,<code>&amp;ae;</code>,2,0.0006254
194,&aelig;lmyssan,<code>&amp;ae;lmyssan</code>,2,0.0006254
194,&aelig;nglisc,<code>&amp;ae;nglisc</code>,2,0.0006254
194,&aelig;te,<code>&amp;ae;te</code>,2,0.0006254
194,&aelig;tforan,<code>&amp;ae;tforan</code>,2,0.0006254
194,&eth;&aelig;ra,<code>&amp;d;&amp;ae;ra</code>,2,0.0006254
194,&eth;&aelig;s,<code>&amp;d;&amp;ae;s</code>,2,0.0006254
194,&eth;&aelig;t,<code>&amp;d;&amp;ae;t</code>,2,0.0006254
194,&eth;incg,<code>&amp;d;incg</code>,2,0.0006254
194,&eth;issere,<code>&amp;d;issere</code>,2,0.0006254
194,&eth;reo,<code>&amp;d;reo</code>,2,0.0006254
194,&eth;u,<code>&amp;d;u</code>,2,0.0006254
194,&eth;ysum,<code>&amp;d;ysum</code>,2,0.0006254
194,&thorn;a&eth;a,<code>&amp;t;a&amp;d;a</code>,2,0.0006254
194,&thorn;a&thorn;a,<code>&amp;t;a&amp;t;a</code>,2,0.0006254
194,&thorn;ridda,<code>&amp;t;ridda</code>,2,0.0006254
194,&thorn;ysre,<code>&amp;t;ysre</code>,2,0.0006254
194,&thorn;yssere,<code>&amp;t;yssere</code>,2,0.0006254
194,abugan,<code>abugan</code>,2,0.0006254
194,acenned,<code>acenned</code>,2,0.0006254
194,andwyrde,<code>andwyrde</code>,2,0.0006254
194,angin,<code>angin</code>,2,0.0006254
194,anr&aelig;da,<code>anr&amp;ae;da</code>,2,0.0006254
194,apostolum,<code>apostolum</code>,2,0.0006254
194,arleasan,<code>arleasan</code>,2,0.0006254
194,bebyrigan,<code>bebyrigan</code>,2,0.0006254
194,bec,<code>bec</code>,2,0.0006254
194,betwux,<code>betwux</code>,2,0.0006254
194,bletsunge,<code>bletsunge</code>,2,0.0006254
194,bysne,<code>bysne</code>,2,0.0006254
194,cr&aelig;te,<code>cr&amp;ae;te</code>,2,0.0006254
194,cydde,<code>cydde</code>,2,0.0006254
194,cynincge,<code>cynincge</code>,2,0.0006254
194,d&aelig;lan,<code>d&amp;ae;lan</code>,2,0.0006254
194,dauid,<code>dauid</code>,2,0.0006254
194,drihtnes,<code>drihtnes</code>,2,0.0006254
194,eadmode,<code>eadmode</code>,2,0.0006254
194,eahteo&eth;e,<code>eahteo&amp;d;e</code>,2,0.0006254
194,eall,<code>eall</code>,2,0.0006254
194,ece,<code>ece</code>,2,0.0006254
194,ecnysse,<code>ecnysse</code>,2,0.0006254
194,embe,<code>embe</code>,2,0.0006254
194,enoch,<code>enoch</code>,2,0.0006254
194,eom,<code>eom</code>,2,0.0006254
194,eowrum,<code>eowrum</code>,2,0.0006254
194,est,<code>est</code>,2,0.0006254
194,f&aelig;r&eth;,<code>f&amp;ae;r&amp;d;</code>,2,0.0006254
194,faran,<code>faran</code>,2,0.0006254
194,fela,<code>fela</code>,2,0.0006254
194,ferode,<code>ferode</code>,2,0.0006254
194,folgodon,<code>folgodon</code>,2,0.0006254
194,forde&eth;,<code>forde&amp;d;</code>,2,0.0006254
194,fugelas,<code>fugelas</code>,2,0.0006254
194,fynd,<code>fynd</code>,2,0.0006254
194,galnyss,<code>galnyss</code>,2,0.0006254
194,gastlicre,<code>gastlicre</code>,2,0.0006254
194,gebletsod,<code>gebletsod</code>,2,0.0006254
194,gecw&aelig;den,<code>gecw&amp;ae;den</code>,2,0.0006254
194,gecweden,<code>gecweden</code>,2,0.0006254
194,gefremedon,<code>gefremedon</code>,2,0.0006254
194,gela&eth;unge,<code>gela&amp;d;unge</code>,2,0.0006254
194,gelyfa&eth;,<code>gelyfa&amp;d;</code>,2,0.0006254
194,ges&aelig;lige,<code>ges&amp;ae;lige</code>,2,0.0006254
194,gesceade,<code>gesceade</code>,2,0.0006254
194,gesceop,<code>gesceop</code>,2,0.0006254
194,geswince,<code>geswince</code>,2,0.0006254
194,godspelle,<code>godspelle</code>,2,0.0006254
194,gylp,<code>gylp</code>,2,0.0006254
194,gylpe,<code>gylpe</code>,2,0.0006254
194,h&aelig;f&eth;,<code>h&amp;ae;f&amp;d;</code>,2,0.0006254
194,habban,<code>habban</code>,2,0.0006254
194,healde,<code>healde</code>,2,0.0006254
194,helias,<code>helias</code>,2,0.0006254
194,heofonan,<code>heofonan</code>,2,0.0006254
194,hiht,<code>hiht</code>,2,0.0006254
194,hlisa,<code>hlisa</code>,2,0.0006254
194,hwider,<code>hwider</code>,2,0.0006254
194,iob,<code>iob</code>,2,0.0006254
194,iohannes,<code>iohannes</code>,2,0.0006254
194,l&aelig;t,<code>l&amp;ae;t</code>,2,0.0006254
194,lande,<code>lande</code>,2,0.0006254
194,langsum,<code>langsum</code>,2,0.0006254
194,lar,<code>lar</code>,2,0.0006254
194,leahtor,<code>leahtor</code>,2,0.0006254
194,leofode,<code>leofode</code>,2,0.0006254
194,leofodon,<code>leofodon</code>,2,0.0006254
194,leornia&eth;,<code>leornia&amp;d;</code>,2,0.0006254
194,lufode,<code>lufode</code>,2,0.0006254
194,lufu,<code>lufu</code>,2,0.0006254
194,lustum,<code>lustum</code>,2,0.0006254
194,lybban,<code>lybban</code>,2,0.0006254
194,lyre,<code>lyre</code>,2,0.0006254
194,m&aelig;ge,<code>m&amp;ae;ge</code>,2,0.0006254
194,ma,<code>ma</code>,2,0.0006254
194,mage,<code>mage</code>,2,0.0006254
194,micclan,<code>micclan</code>,2,0.0006254
194,micclum,<code>micclum</code>,2,0.0006254
194,mihton,<code>mihton</code>,2,0.0006254
194,mildheortnysse,<code>mildheortnysse</code>,2,0.0006254
194,minne,<code>minne</code>,2,0.0006254
194,minre,<code>minre</code>,2,0.0006254
194,misd&aelig;da,<code>misd&amp;ae;da</code>,2,0.0006254
194,mode,<code>mode</code>,2,0.0006254
194,modes,<code>modes</code>,2,0.0006254
194,moste,<code>moste</code>,2,0.0006254
194,mycel,<code>mycel</code>,2,0.0006254
194,mycele,<code>mycele</code>,2,0.0006254
194,myslice,<code>myslice</code>,2,0.0006254
194,nat,<code>nat</code>,2,0.0006254
194,nis,<code>nis</code>,2,0.0006254
194,o&eth;&thorn;&aelig;t,<code>o&amp;d;&amp;t;&amp;ae;t</code>,2,0.0006254
194,o&eth;re,<code>o&amp;d;re</code>,2,0.0006254
194,oferswy&eth;an,<code>oferswy&amp;d;an</code>,2,0.0006254
194,oferswy&eth;ed,<code>oferswy&amp;d;ed</code>,2,0.0006254
194,onlihte,<code>onlihte</code>,2,0.0006254
194,orm&aelig;tan,<code>orm&amp;ae;tan</code>,2,0.0006254
194,patientia,<code>patientia</code>,2,0.0006254
194,rihtum,<code>rihtum</code>,2,0.0006254
194,sawlum,<code>sawlum</code>,2,0.0006254
194,scyppend,<code>scyppend</code>,2,0.0006254
194,seofo&eth;a,<code>seofo&amp;d;a</code>,2,0.0006254
194,seofon,<code>seofon</code>,2,0.0006254
194,so&eth;,<code>so&amp;d;</code>,2,0.0006254
194,so&eth;f&aelig;stnysse,<code>so&amp;d;f&amp;ae;stnysse</code>,2,0.0006254
194,suna,<code>suna</code>,2,0.0006254
194,swi&eth;e,<code>swi&amp;d;e</code>,2,0.0006254
194,syndon,<code>syndon</code>,2,0.0006254
194,synnum,<code>synnum</code>,2,0.0006254
194,t&aelig;hte,<code>t&amp;ae;hte</code>,2,0.0006254
194,tocyme,<code>tocyme</code>,2,0.0006254
194,twa,<code>twa</code>,2,0.0006254
194,twam,<code>twam</code>,2,0.0006254
194,underb&aelig;c,<code>underb&amp;ae;c</code>,2,0.0006254
194,unrotnyss,<code>unrotnyss</code>,2,0.0006254
194,ut,<code>ut</code>,2,0.0006254
194,w&aelig;te,<code>w&amp;ae;te</code>,2,0.0006254
194,wan,<code>wan</code>,2,0.0006254
194,wile,<code>wile</code>,2,0.0006254
194,wis,<code>wis</code>,2,0.0006254
194,witum,<code>witum</code>,2,0.0006254
194,wordum,<code>wordum</code>,2,0.0006254
194,woruldgylpe,<code>woruldgylpe</code>,2,0.0006254
194,wuldre,<code>wuldre</code>,2,0.0006254
194,yfele,<code>yfele</code>,2,0.0006254
194,yfelnysse,<code>yfelnysse</code>,2,0.0006254
194,yr&eth;lincg,<code>yr&amp;d;lincg</code>,2,0.0006254
340,&aelig;&eth;ela,<code>&amp;ae;&amp;d;ela</code>,1,0.0003127
340,&aelig;htum,<code>&amp;ae;htum</code>,1,0.0003127
340,&aelig;lic,<code>&amp;ae;lic</code>,1,0.0003127
340,&aelig;ngliscre,<code>&amp;ae;ngliscre</code>,1,0.0003127
340,&aelig;r&eth;am,<code>&amp;ae;r&amp;d;am</code>,1,0.0003127
340,&aelig;r&eth;an,<code>&amp;ae;r&amp;d;an</code>,1,0.0003127
340,&aelig;riste,<code>&amp;ae;riste</code>,1,0.0003127
340,&aelig;ta&eth;,<code>&amp;ae;ta&amp;d;</code>,1,0.0003127
340,&aelig;twindan,<code>&amp;ae;twindan</code>,1,0.0003127
340,&eth;&aelig;r,<code>&amp;d;&amp;ae;r</code>,1,0.0003127
340,&eth;&aelig;rto,<code>&amp;d;&amp;ae;rto</code>,1,0.0003127
340,&eth;a&eth;a,<code>&amp;d;a&amp;d;a</code>,1,0.0003127
340,&eth;an,<code>&amp;d;an</code>,1,0.0003127
340,&eth;ancode,<code>&amp;d;ancode</code>,1,0.0003127
340,&eth;ara,<code>&amp;d;ara</code>,1,0.0003127
340,&eth;as,<code>&amp;d;as</code>,1,0.0003127
340,&eth;eah,<code>&amp;d;eah</code>,1,0.0003127
340,&eth;egn,<code>&amp;d;egn</code>,1,0.0003127
340,&eth;eowa,<code>&amp;d;eowa</code>,1,0.0003127
340,&eth;eowia&eth;,<code>&amp;d;eowia&amp;d;</code>,1,0.0003127
340,&eth;icge,<code>&amp;d;icge</code>,1,0.0003127
340,&eth;isum,<code>&amp;d;isum</code>,1,0.0003127
340,&eth;olomod,<code>&amp;d;olomod</code>,1,0.0003127
340,&eth;rowian,<code>&amp;d;rowian</code>,1,0.0003127
340,&eth;ry,<code>&amp;d;ry</code>,1,0.0003127
340,&eth;rydde,<code>&amp;d;rydde</code>,1,0.0003127
340,&eth;rynnysse,<code>&amp;d;rynnysse</code>,1,0.0003127
340,&eth;urhwunian,<code>&amp;d;urhwunian</code>,1,0.0003127
340,&eth;uruh,<code>&amp;d;uruh</code>,1,0.0003127
340,&eth;us,<code>&amp;d;us</code>,1,0.0003127
340,&eth;y,<code>&amp;d;y</code>,1,0.0003127
340,&eth;yssere,<code>&amp;d;yssere</code>,1,0.0003127
340,&thorn;&aelig;r,<code>&amp;t;&amp;ae;r</code>,1,0.0003127
340,&thorn;&aelig;r&eth;&aelig;r,<code>&amp;t;&amp;ae;r&amp;d;&amp;ae;r</code>,1,0.0003127
340,&thorn;anon,<code>&amp;t;anon</code>,1,0.0003127
340,&thorn;eawum,<code>&amp;t;eawum</code>,1,0.0003127
340,&thorn;eos,<code>&amp;t;eos</code>,1,0.0003127
340,&thorn;eowodon,<code>&amp;t;eowodon</code>,1,0.0003127
340,&thorn;ingum,<code>&amp;t;ingum</code>,1,0.0003127
340,&thorn;is,<code>&amp;t;is</code>,1,0.0003127
340,&thorn;olmodnys,<code>&amp;t;olmodnys</code>,1,0.0003127
340,&thorn;reo,<code>&amp;t;reo</code>,1,0.0003127
340,&thorn;rym,<code>&amp;t;rym</code>,1,0.0003127
340,&thorn;urhwuna&eth;,<code>&amp;t;urhwuna&amp;d;</code>,1,0.0003127
340,&thorn;usenda,<code>&amp;t;usenda</code>,1,0.0003127
340,&thorn;yder,<code>&amp;t;yder</code>,1,0.0003127
340,&thorn;yllice,<code>&amp;t;yllice</code>,1,0.0003127
340,abdenago,<code>abdenago</code>,1,0.0003127
340,abraham,<code>abraham</code>,1,0.0003127
340,abutan,<code>abutan</code>,1,0.0003127
340,accidia,<code>accidia</code>,1,0.0003127
340,acl&aelig;nsian,<code>acl&amp;ae;nsian</code>,1,0.0003127
340,acwealde,<code>acwealde</code>,1,0.0003127
340,adame,<code>adame</code>,1,0.0003127
340,adames,<code>adames</code>,1,0.0003127
340,ade,<code>ade</code>,1,0.0003127
340,adla,<code>adla</code>,1,0.0003127
340,adpropinquabit,<code>adpropinquabit</code>,1,0.0003127
340,adw&aelig;scton,<code>adw&amp;ae;scton</code>,1,0.0003127
340,afunde,<code>afunde</code>,1,0.0003127
340,afyrht,<code>afyrht</code>,1,0.0003127
340,agite,<code>agite</code>,1,0.0003127
340,ahafen,<code>ahafen</code>,1,0.0003127
340,ahwar,<code>ahwar</code>,1,0.0003127
340,ahyldan,<code>ahyldan</code>,1,0.0003127
340,alecgan,<code>alecgan</code>,1,0.0003127
340,alecge,<code>alecge</code>,1,0.0003127
340,alede,<code>alede</code>,1,0.0003127
340,aleton,<code>aleton</code>,1,0.0003127
340,alfa,<code>alfa</code>,1,0.0003127
340,alysan,<code>alysan</code>,1,0.0003127
340,amen,<code>amen</code>,1,0.0003127
340,amyr&eth;,<code>amyr&amp;d;</code>,1,0.0003127
340,amyrran,<code>amyrran</code>,1,0.0003127
340,andbida&eth;,<code>andbida&amp;d;</code>,1,0.0003127
340,andfencge,<code>andfencge</code>,1,0.0003127
340,andgite,<code>andgite</code>,1,0.0003127
340,ands&aelig;te,<code>ands&amp;ae;te</code>,1,0.0003127
340,andsund,<code>andsund</code>,1,0.0003127
340,andsundne,<code>andsundne</code>,1,0.0003127
340,anes,<code>anes</code>,1,0.0003127
340,anfealdnysse,<code>anfealdnysse</code>,1,0.0003127
340,anginn,<code>anginn</code>,1,0.0003127
340,anginne,<code>anginne</code>,1,0.0003127
340,animabus,<code>animabus</code>,1,0.0003127
340,animas,<code>animas</code>,1,0.0003127
340,annysse,<code>annysse</code>,1,0.0003127
340,anr&aelig;dnyss,<code>anr&amp;ae;dnyss</code>,1,0.0003127
340,anr&aelig;dum,<code>anr&amp;ae;dum</code>,1,0.0003127
340,ansunde,<code>ansunde</code>,1,0.0003127
340,antecristes,<code>antecristes</code>,1,0.0003127
340,anum,<code>anum</code>,1,0.0003127
340,apostolas,<code>apostolas</code>,1,0.0003127
340,ar&aelig;ran,<code>ar&amp;ae;ran</code>,1,0.0003127
340,ar&aelig;re,<code>ar&amp;ae;re</code>,1,0.0003127
340,aras,<code>aras</code>,1,0.0003127
340,ardlice,<code>ardlice</code>,1,0.0003127
340,arf&aelig;stnysse,<code>arf&amp;ae;stnysse</code>,1,0.0003127
340,arleasa,<code>arleasa</code>,1,0.0003127
340,arlease,<code>arlease</code>,1,0.0003127
340,arrius,<code>arrius</code>,1,0.0003127
340,asend,<code>asend</code>,1,0.0003127
340,asende,<code>asende</code>,1,0.0003127
340,asolcennyss,<code>asolcennyss</code>,1,0.0003127
340,asolcennysse,<code>asolcennysse</code>,1,0.0003127
340,aspende,<code>aspende</code>,1,0.0003127
340,asprang,<code>asprang</code>,1,0.0003127
340,astealde,<code>astealde</code>,1,0.0003127
340,astyrode,<code>astyrode</code>,1,0.0003127
340,atelicum,<code>atelicum</code>,1,0.0003127
340,auaritia,<code>auaritia</code>,1,0.0003127
340,awende,<code>awende</code>,1,0.0003127
340,aworpen,<code>aworpen</code>,1,0.0003127
340,aworpene,<code>aworpene</code>,1,0.0003127
340,b&aelig;d,<code>b&amp;ae;d</code>,1,0.0003127
340,b&aelig;rna,<code>b&amp;ae;rna</code>,1,0.0003127
340,beboda,<code>beboda</code>,1,0.0003127
340,bebodum,<code>bebodum</code>,1,0.0003127
340,bebyrion,<code>bebyrion</code>,1,0.0003127
340,becom,<code>becom</code>,1,0.0003127
340,becomon,<code>becomon</code>,1,0.0003127
340,beddrydan,<code>beddrydan</code>,1,0.0003127
340,befyl&eth;,<code>befyl&amp;d;</code>,1,0.0003127
340,behate,<code>behate</code>,1,0.0003127
340,behylt,<code>behylt</code>,1,0.0003127
340,bereafode,<code>bereafode</code>,1,0.0003127
340,bes&aelig;w&eth;,<code>bes&amp;ae;w&amp;d;</code>,1,0.0003127
340,besenca&eth;,<code>besenca&amp;d;</code>,1,0.0003127
340,biggengas,<code>biggengas</code>,1,0.0003127
340,biggengum,<code>biggengum</code>,1,0.0003127
340,bih&eth;,<code>bih&amp;d;</code>,1,0.0003127
340,bilewitnysse,<code>bilewitnysse</code>,1,0.0003127
340,bisceopas,<code>bisceopas</code>,1,0.0003127
340,blindan,<code>blindan</code>,1,0.0003127
340,blisse,<code>blisse</code>,1,0.0003127
340,blys,<code>blys</code>,1,0.0003127
340,blyssian,<code>blyssian</code>,1,0.0003127
340,blyssige,<code>blyssige</code>,1,0.0003127
340,bocum,<code>bocum</code>,1,0.0003127
340,boda,<code>boda</code>,1,0.0003127
340,bodigende,<code>bodigende</code>,1,0.0003127
340,bodunge,<code>bodunge</code>,1,0.0003127
340,boni,<code>boni</code>,1,0.0003127
340,bosme,<code>bosme</code>,1,0.0003127
340,broce,<code>broce</code>,1,0.0003127
340,brohton,<code>brohton</code>,1,0.0003127
340,brucenne,<code>brucenne</code>,1,0.0003127
340,butu,<code>butu</code>,1,0.0003127
340,by&eth;,<code>by&amp;d;</code>,1,0.0003127
340,bydel,<code>bydel</code>,1,0.0003127
340,bydelas,<code>bydelas</code>,1,0.0003127
340,bydelum,<code>bydelum</code>,1,0.0003127
340,byrig,<code>byrig</code>,1,0.0003127
340,byrnendan,<code>byrnendan</code>,1,0.0003127
340,bysmor,<code>bysmor</code>,1,0.0003127
340,caelorum,<code>caelorum</code>,1,0.0003127
340,caritas,<code>caritas</code>,1,0.0003127
340,castitas,<code>castitas</code>,1,0.0003127
340,cenlice,<code>cenlice</code>,1,0.0003127
340,cepan,<code>cepan</code>,1,0.0003127
340,cepon,<code>cepon</code>,1,0.0003127
340,chaldea,<code>chaldea</code>,1,0.0003127
340,chaldeiscan,<code>chaldeiscan</code>,1,0.0003127
340,cid,<code>cid</code>,1,0.0003127
340,cl&aelig;nan,<code>cl&amp;ae;nan</code>,1,0.0003127
340,cl&aelig;ne,<code>cl&amp;ae;ne</code>,1,0.0003127
340,cl&aelig;nnyss,<code>cl&amp;ae;nnyss</code>,1,0.0003127
340,clypode,<code>clypode</code>,1,0.0003127
340,cnihtas,<code>cnihtas</code>,1,0.0003127
340,com,<code>com</code>,1,0.0003127
340,corde,<code>corde</code>,1,0.0003127
340,cristendome,<code>cristendome</code>,1,0.0003127
340,cuman,<code>cuman</code>,1,0.0003127
340,cw&aelig;&thorn;,<code>cw&amp;ae;&amp;t;</code>,1,0.0003127
340,cw&aelig;de,<code>cw&amp;ae;de</code>,1,0.0003127
340,cwale,<code>cwale</code>,1,0.0003127
340,cwelleras,<code>cwelleras</code>,1,0.0003127
340,cy&eth;an,<code>cy&amp;d;an</code>,1,0.0003127
340,cyddon,<code>cyddon</code>,1,0.0003127
340,cynne,<code>cynne</code>,1,0.0003127
340,cystignyss,<code>cystignyss</code>,1,0.0003127
340,d&aelig;dbote,<code>d&amp;ae;dbote</code>,1,0.0003127
340,d&aelig;de,<code>d&amp;ae;de</code>,1,0.0003127
340,d&aelig;g,<code>d&amp;ae;g</code>,1,0.0003127
340,dagas,<code>dagas</code>,1,0.0003127
340,dagum,<code>dagum</code>,1,0.0003127
340,danihel,<code>danihel</code>,1,0.0003127
340,de,<code>de</code>,1,0.0003127
340,deade,<code>deade</code>,1,0.0003127
340,deges,<code>deges</code>,1,0.0003127
340,dem&eth;,<code>dem&amp;d;</code>,1,0.0003127
340,dema,<code>dema</code>,1,0.0003127
340,deofles,<code>deofles</code>,1,0.0003127
340,deoflu,<code>deoflu</code>,1,0.0003127
340,deoflum,<code>deoflum</code>,1,0.0003127
340,deofolgyld,<code>deofolgyld</code>,1,0.0003127
340,deofollican,<code>deofollican</code>,1,0.0003127
340,deorwur&eth;a,<code>deorwur&amp;d;a</code>,1,0.0003127
340,derian,<code>derian</code>,1,0.0003127
340,deum,<code>deum</code>,1,0.0003127
340,deus,<code>deus</code>,1,0.0003127
340,dicit,<code>dicit</code>,1,0.0003127
340,digle,<code>digle</code>,1,0.0003127
340,digollice,<code>digollice</code>,1,0.0003127
340,discite,<code>discite</code>,1,0.0003127
340,do&eth;,<code>do&amp;d;</code>,1,0.0003127
340,dohtra,<code>dohtra</code>,1,0.0003127
340,domas,<code>domas</code>,1,0.0003127
340,dominus,<code>dominus</code>,1,0.0003127
340,dr&aelig;nce,<code>dr&amp;ae;nce</code>,1,0.0003127
340,drencum,<code>drencum</code>,1,0.0003127
340,drihtne,<code>drihtne</code>,1,0.0003127
340,drinc&eth;,<code>drinc&amp;d;</code>,1,0.0003127
340,dugu&eth;e,<code>dugu&amp;d;e</code>,1,0.0003127
340,dwelodon,<code>dwelodon</code>,1,0.0003127
340,dyde,<code>dyde</code>,1,0.0003127
340,dyrstigum,<code>dyrstigum</code>,1,0.0003127
340,dysegan,<code>dysegan</code>,1,0.0003127
340,dyslic,<code>dyslic</code>,1,0.0003127
340,eadiga,<code>eadiga</code>,1,0.0003127
340,eadmod,<code>eadmod</code>,1,0.0003127
340,eadmodnys,<code>eadmodnys</code>,1,0.0003127
340,eadmodnyss,<code>eadmodnyss</code>,1,0.0003127
340,eadmodnysse,<code>eadmodnysse</code>,1,0.0003127
340,eal,<code>eal</code>,1,0.0003127
340,ealdan,<code>ealdan</code>,1,0.0003127
340,ealde,<code>ealde</code>,1,0.0003127
340,ealles,<code>ealles</code>,1,0.0003127
340,ealne,<code>ealne</code>,1,0.0003127
340,ealwealdenda,<code>ealwealdenda</code>,1,0.0003127
340,earfo&eth;nys,<code>earfo&amp;d;nys</code>,1,0.0003127
340,earfo&eth;nysse,<code>earfo&amp;d;nysse</code>,1,0.0003127
340,earfo&eth;nyssum,<code>earfo&amp;d;nyssum</code>,1,0.0003127
340,ecum,<code>ecum</code>,1,0.0003127
340,edlean,<code>edlean</code>,1,0.0003127
340,efne,<code>efne</code>,1,0.0003127
340,efstan,<code>efstan</code>,1,0.0003127
340,egeslican,<code>egeslican</code>,1,0.0003127
340,egeslicre,<code>egeslicre</code>,1,0.0003127
340,ego,<code>ego</code>,1,0.0003127
340,ehtnyssum,<code>ehtnyssum</code>,1,0.0003127
340,endebyrdnyssa,<code>endebyrdnyssa</code>,1,0.0003127
340,ended&aelig;g,<code>ended&amp;ae;g</code>,1,0.0003127
340,englas,<code>englas</code>,1,0.0003127
340,engle,<code>engle</code>,1,0.0003127
340,engliscre,<code>engliscre</code>,1,0.0003127
340,enim,<code>enim</code>,1,0.0003127
340,eode,<code>eode</code>,1,0.0003127
340,eodon,<code>eodon</code>,1,0.0003127
340,eor&eth;an,<code>eor&amp;d;an</code>,1,0.0003127
340,eow,<code>eow</code>,1,0.0003127
340,eowra,<code>eowra</code>,1,0.0003127
340,eowre,<code>eowre</code>,1,0.0003127
340,erat,<code>erat</code>,1,0.0003127
340,estful,<code>estful</code>,1,0.0003127
340,f&aelig;deras,<code>f&amp;ae;deras</code>,1,0.0003127
340,f&aelig;geran,<code>f&amp;ae;geran</code>,1,0.0003127
340,f&aelig;rst,<code>f&amp;ae;rst</code>,1,0.0003127
340,fandian,<code>fandian</code>,1,0.0003127
340,fare,<code>fare</code>,1,0.0003127
340,feohta&eth;,<code>feohta&amp;d;</code>,1,0.0003127
340,feol,<code>feol</code>,1,0.0003127
340,feondlican,<code>feondlican</code>,1,0.0003127
340,feondlicum,<code>feondlicum</code>,1,0.0003127
340,feor&eth;a,<code>feor&amp;d;a</code>,1,0.0003127
340,feor&eth;e,<code>feor&amp;d;e</code>,1,0.0003127
340,feorran,<code>feorran</code>,1,0.0003127
340,feower,<code>feower</code>,1,0.0003127
340,ferde,<code>ferde</code>,1,0.0003127
340,ferdon,<code>ferdon</code>,1,0.0003127
340,fex,<code>fex</code>,1,0.0003127
340,fides,<code>fides</code>,1,0.0003127
340,fif,<code>fif</code>,1,0.0003127
340,fifta,<code>fifta</code>,1,0.0003127
340,fifte,<code>fifte</code>,1,0.0003127
340,finis,<code>finis</code>,1,0.0003127
340,flod,<code>flod</code>,1,0.0003127
340,folgeras,<code>folgeras</code>,1,0.0003127
340,folgian,<code>folgian</code>,1,0.0003127
340,for&eth;gange,<code>for&amp;d;gange</code>,1,0.0003127
340,for&eth;i,<code>for&amp;d;i</code>,1,0.0003127
340,fordon,<code>fordon</code>,1,0.0003127
340,fores&aelig;dan,<code>fores&amp;ae;dan</code>,1,0.0003127
340,forferdon,<code>forferdon</code>,1,0.0003127
340,forgeaf,<code>forgeaf</code>,1,0.0003127
340,forgeald,<code>forgeald</code>,1,0.0003127
340,forl&aelig;re,<code>forl&amp;ae;re</code>,1,0.0003127
340,forleosa&eth;,<code>forleosa&amp;d;</code>,1,0.0003127
340,forleton,<code>forleton</code>,1,0.0003127
340,forligr,<code>forligr</code>,1,0.0003127
340,forligre,<code>forligre</code>,1,0.0003127
340,fornicatio,<code>fornicatio</code>,1,0.0003127
340,forsw&aelig;lan,<code>forsw&amp;ae;lan</code>,1,0.0003127
340,forsworennyssa,<code>forsworennyssa</code>,1,0.0003127
340,forwurpan,<code>forwurpan</code>,1,0.0003127
340,forwyrhte,<code>forwyrhte</code>,1,0.0003127
340,foxas,<code>foxas</code>,1,0.0003127
340,foxunga,<code>foxunga</code>,1,0.0003127
340,fulfremed,<code>fulfremed</code>,1,0.0003127
340,fulle,<code>fulle</code>,1,0.0003127
340,fultum,<code>fultum</code>,1,0.0003127
340,fur&eth;on,<code>fur&amp;d;on</code>,1,0.0003127
340,furuh,<code>furuh</code>,1,0.0003127
340,fylian,<code>fylian</code>,1,0.0003127
340,fylig,<code>fylig</code>,1,0.0003127
340,fylst,<code>fylst</code>,1,0.0003127
340,fyrenum,<code>fyrenum</code>,1,0.0003127
340,fyrmestan,<code>fyrmestan</code>,1,0.0003127
340,gang,<code>gang</code>,1,0.0003127
340,gaste,<code>gaste</code>,1,0.0003127
340,gastlic,<code>gastlic</code>,1,0.0003127
340,gastlice,<code>gastlice</code>,1,0.0003127
340,ge&eth;inc&eth;um,<code>ge&amp;d;inc&amp;d;um</code>,1,0.0003127
340,ge&eth;yld,<code>ge&amp;d;yld</code>,1,0.0003127
340,ge&eth;yldig,<code>ge&amp;d;yldig</code>,1,0.0003127
340,ge&thorn;afa,<code>ge&amp;t;afa</code>,1,0.0003127
340,ge&thorn;ungenran,<code>ge&amp;t;ungenran</code>,1,0.0003127
340,ge&thorn;ylde,<code>ge&amp;t;ylde</code>,1,0.0003127
340,geare,<code>geare</code>,1,0.0003127
340,gebrincg&eth;,<code>gebrincg&amp;d;</code>,1,0.0003127
340,gebundene,<code>gebundene</code>,1,0.0003127
340,gecampe,<code>gecampe</code>,1,0.0003127
340,geceas,<code>geceas</code>,1,0.0003127
340,gecoren,<code>gecoren</code>,1,0.0003127
340,gecwemdon,<code>gecwemdon</code>,1,0.0003127
340,gecwemednysse,<code>gecwemednysse</code>,1,0.0003127
340,gecy&eth;nysse,<code>gecy&amp;d;nysse</code>,1,0.0003127
340,gedwyld,<code>gedwyld</code>,1,0.0003127
340,gedwylde,<code>gedwylde</code>,1,0.0003127
340,geeacna&eth;,<code>geeacna&amp;d;</code>,1,0.0003127
340,geeadmette,<code>geeadmette</code>,1,0.0003127
340,geearnian,<code>geearnian</code>,1,0.0003127
340,geedsta&thorn;elod,<code>geedsta&amp;t;elod</code>,1,0.0003127
340,geendige,<code>geendige</code>,1,0.0003127
340,geendung,<code>geendung</code>,1,0.0003127
340,geferan,<code>geferan</code>,1,0.0003127
340,gefrem&eth;,<code>gefrem&amp;d;</code>,1,0.0003127
340,geh&aelig;lan,<code>geh&amp;ae;lan</code>,1,0.0003127
340,gehadoda,<code>gehadoda</code>,1,0.0003127
340,gehealdene,<code>gehealdene</code>,1,0.0003127
340,gehealtsume,<code>gehealtsume</code>,1,0.0003127
340,gehelpan,<code>gehelpan</code>,1,0.0003127
340,gehende,<code>gehende</code>,1,0.0003127
340,geherod,<code>geherod</code>,1,0.0003127
340,gehnexian,<code>gehnexian</code>,1,0.0003127
340,gehwyder,<code>gehwyder</code>,1,0.0003127
340,gehyred,<code>gehyred</code>,1,0.0003127
340,gehyrsumian,<code>gehyrsumian</code>,1,0.0003127
340,gehyrsumnysse,<code>gehyrsumnysse</code>,1,0.0003127
340,gelamp,<code>gelamp</code>,1,0.0003127
340,geleornedon,<code>geleornedon</code>,1,0.0003127
340,gelic,<code>gelic</code>,1,0.0003127
340,gelica,<code>gelica</code>,1,0.0003127
340,gelicwur&eth;e,<code>gelicwur&amp;d;e</code>,1,0.0003127
340,gelimpe,<code>gelimpe</code>,1,0.0003127
340,gelimplic,<code>gelimplic</code>,1,0.0003127
340,gelogod,<code>gelogod</code>,1,0.0003127
340,gelome,<code>gelome</code>,1,0.0003127
340,gelyfdon,<code>gelyfdon</code>,1,0.0003127
340,gelyfe,<code>gelyfe</code>,1,0.0003127
340,gem&aelig;ru,<code>gem&amp;ae;ru</code>,1,0.0003127
340,gemanan,<code>gemanan</code>,1,0.0003127
340,gemeta&eth;,<code>gemeta&amp;d;</code>,1,0.0003127
340,gemetegod,<code>gemetegod</code>,1,0.0003127
340,gemetegung,<code>gemetegung</code>,1,0.0003127
340,gemetf&aelig;stnysse,<code>gemetf&amp;ae;stnysse</code>,1,0.0003127
340,gemynt,<code>gemynt</code>,1,0.0003127
340,genam,<code>genam</code>,1,0.0003127
340,geneal&aelig;ch&eth;,<code>geneal&amp;ae;ch&amp;d;</code>,1,0.0003127
340,genihtsuma&eth;,<code>genihtsuma&amp;d;</code>,1,0.0003127
340,geond,<code>geond</code>,1,0.0003127
340,gereordige,<code>gereordige</code>,1,0.0003127
340,gerihtl&aelig;hte,<code>gerihtl&amp;ae;hte</code>,1,0.0003127
340,ges&aelig;l&eth;um,<code>ges&amp;ae;l&amp;d;um</code>,1,0.0003127
340,ges&aelig;lig,<code>ges&amp;ae;lig</code>,1,0.0003127
340,gesceadwisa,<code>gesceadwisa</code>,1,0.0003127
340,gesceadwisnysse,<code>gesceadwisnysse</code>,1,0.0003127
340,gescyrt,<code>gescyrt</code>,1,0.0003127
340,geseah,<code>geseah</code>,1,0.0003127
340,geseo&eth;,<code>geseo&amp;d;</code>,1,0.0003127
340,gesetnysse,<code>gesetnysse</code>,1,0.0003127
340,gesette,<code>gesette</code>,1,0.0003127
340,gesetton,<code>gesetton</code>,1,0.0003127
340,gesewen,<code>gesewen</code>,1,0.0003127
340,gesih&eth;,<code>gesih&amp;d;</code>,1,0.0003127
340,geswencte,<code>geswencte</code>,1,0.0003127
340,geswincum,<code>geswincum</code>,1,0.0003127
340,getacnode,<code>getacnode</code>,1,0.0003127
340,geunrotsige,<code>geunrotsige</code>,1,0.0003127
340,geunrotso&eth;,<code>geunrotso&amp;d;</code>,1,0.0003127
340,geuntrumode,<code>geuntrumode</code>,1,0.0003127
340,geweald,<code>geweald</code>,1,0.0003127
340,gewendan,<code>gewendan</code>,1,0.0003127
340,gewende,<code>gewende</code>,1,0.0003127
340,gewissode,<code>gewissode</code>,1,0.0003127
340,gewitt,<code>gewitt</code>,1,0.0003127
340,geworhte,<code>geworhte</code>,1,0.0003127
340,gewyldre,<code>gewyldre</code>,1,0.0003127
340,gitsung,<code>gitsung</code>,1,0.0003127
340,gitsunga,<code>gitsunga</code>,1,0.0003127
340,godnysse,<code>godnysse</code>,1,0.0003127
340,godnyssum,<code>godnyssum</code>,1,0.0003127
340,godspel,<code>godspel</code>,1,0.0003127
340,godspellbodunge,<code>godspellbodunge</code>,1,0.0003127
340,godspellic,<code>godspellic</code>,1,0.0003127
340,gr&aelig;dige,<code>gr&amp;ae;dige</code>,1,0.0003127
340,gr&aelig;dignysse,<code>gr&amp;ae;dignysse</code>,1,0.0003127
340,gramena,<code>gramena</code>,1,0.0003127
340,gremia&eth;,<code>gremia&amp;d;</code>,1,0.0003127
340,grundweallas,<code>grundweallas</code>,1,0.0003127
340,gula,<code>gula</code>,1,0.0003127
340,gyfernyss,<code>gyfernyss</code>,1,0.0003127
340,gyfernysse,<code>gyfernysse</code>,1,0.0003127
340,gylpes,<code>gylpes</code>,1,0.0003127
340,gymene,<code>gymene</code>,1,0.0003127
340,gytseras,<code>gytseras</code>,1,0.0003127
340,h&aelig;bbe,<code>h&amp;ae;bbe</code>,1,0.0003127
340,h&aelig;fde,<code>h&amp;ae;fde</code>,1,0.0003127
340,h&aelig;fdon,<code>h&amp;ae;fdon</code>,1,0.0003127
340,habbe,<code>habbe</code>,1,0.0003127
340,hadum,<code>hadum</code>,1,0.0003127
340,halga,<code>halga</code>,1,0.0003127
340,halwende,<code>halwende</code>,1,0.0003127
340,heafod,<code>heafod</code>,1,0.0003127
340,heafodleahtras,<code>heafodleahtras</code>,1,0.0003127
340,heafodm&aelig;gnu,<code>heafodm&amp;ae;gnu</code>,1,0.0003127
340,heahf&aelig;dera,<code>heahf&amp;ae;dera</code>,1,0.0003127
340,heahf&aelig;deras,<code>heahf&amp;ae;deras</code>,1,0.0003127
340,heahf&aelig;derum,<code>heahf&amp;ae;derum</code>,1,0.0003127
340,heahm&aelig;gnu,<code>heahm&amp;ae;gnu</code>,1,0.0003127
340,healda&eth;,<code>healda&amp;d;</code>,1,0.0003127
340,healdan,<code>healdan</code>,1,0.0003127
340,healica,<code>healica</code>,1,0.0003127
340,healice,<code>healice</code>,1,0.0003127
340,heofenlicum,<code>heofenlicum</code>,1,0.0003127
340,heofonas,<code>heofonas</code>,1,0.0003127
340,heofonlic,<code>heofonlic</code>,1,0.0003127
340,heofonlica,<code>heofonlica</code>,1,0.0003127
340,heofonlican,<code>heofonlican</code>,1,0.0003127
340,herode,<code>herode</code>,1,0.0003127
340,hiwum,<code>hiwum</code>,1,0.0003127
340,hlisan,<code>hlisan</code>,1,0.0003127
340,hluttornysse,<code>hluttornysse</code>,1,0.0003127
340,hogian,<code>hogian</code>,1,0.0003127
340,holu,<code>holu</code>,1,0.0003127
340,hopia&eth;,<code>hopia&amp;d;</code>,1,0.0003127
340,hopige,<code>hopige</code>,1,0.0003127
340,hr&aelig;dmod,<code>hr&amp;ae;dmod</code>,1,0.0003127
340,hreoflian,<code>hreoflian</code>,1,0.0003127
340,humilis,<code>humilis</code>,1,0.0003127
340,hundeahtatig,<code>hundeahtatig</code>,1,0.0003127
340,hundseofontig,<code>hundseofontig</code>,1,0.0003127
340,hungre,<code>hungre</code>,1,0.0003127
340,hw&aelig;&eth;er,<code>hw&amp;ae;&amp;d;er</code>,1,0.0003127
340,hw&aelig;nne,<code>hw&amp;ae;nne</code>,1,0.0003127
340,hwan,<code>hwan</code>,1,0.0003127
340,hwylcne,<code>hwylcne</code>,1,0.0003127
340,iacob,<code>iacob</code>,1,0.0003127
340,iactantia,<code>iactantia</code>,1,0.0003127
340,idela,<code>idela</code>,1,0.0003127
340,ideles,<code>ideles</code>,1,0.0003127
340,iessan,<code>iessan</code>,1,0.0003127
340,ihte,<code>ihte</code>,1,0.0003127
340,in,<code>in</code>,1,0.0003127
340,initium,<code>initium</code>,1,0.0003127
340,innewerdre,<code>innewerdre</code>,1,0.0003127
340,inno&eth;,<code>inno&amp;d;</code>,1,0.0003127
340,instantia,<code>instantia</code>,1,0.0003127
340,into,<code>into</code>,1,0.0003127
340,inuenietis,<code>inuenietis</code>,1,0.0003127
340,ira,<code>ira</code>,1,0.0003127
340,isaac,<code>isaac</code>,1,0.0003127
340,isaaces,<code>isaaces</code>,1,0.0003127
340,israhel,<code>israhel</code>,1,0.0003127
340,iudeiscan,<code>iudeiscan</code>,1,0.0003127
340,iustus,<code>iustus</code>,1,0.0003127
340,l&aelig;&eth;&eth;e,<code>l&amp;ae;&amp;d;&amp;d;e</code>,1,0.0003127
340,l&aelig;nan,<code>l&amp;ae;nan</code>,1,0.0003127
340,l&aelig;nde,<code>l&amp;ae;nde</code>,1,0.0003127
340,l&aelig;te,<code>l&amp;ae;te</code>,1,0.0003127
340,l&aelig;weda,<code>l&amp;ae;weda</code>,1,0.0003127
340,lac,<code>lac</code>,1,0.0003127
340,laetitia,<code>laetitia</code>,1,0.0003127
340,landum,<code>landum</code>,1,0.0003127
340,lareowe,<code>lareowe</code>,1,0.0003127
340,largitas,<code>largitas</code>,1,0.0003127
340,leahtrum,<code>leahtrum</code>,1,0.0003127
340,leasunga,<code>leasunga</code>,1,0.0003127
340,leng,<code>leng</code>,1,0.0003127
340,leode,<code>leode</code>,1,0.0003127
340,leof,<code>leof</code>,1,0.0003127
340,leofa&eth;,<code>leofa&amp;d;</code>,1,0.0003127
340,leona,<code>leona</code>,1,0.0003127
340,leornian,<code>leornian</code>,1,0.0003127
340,licetunge,<code>licetunge</code>,1,0.0003127
340,licie,<code>licie</code>,1,0.0003127
340,lifes,<code>lifes</code>,1,0.0003127
340,lig,<code>lig</code>,1,0.0003127
340,limum,<code>limum</code>,1,0.0003127
340,limv,<code>limv</code>,1,0.0003127
340,loca,<code>loca</code>,1,0.0003127
340,loca&eth;,<code>loca&amp;d;</code>,1,0.0003127
340,lof,<code>lof</code>,1,0.0003127
340,lofe,<code>lofe</code>,1,0.0003127
340,lofgeorn,<code>lofgeorn</code>,1,0.0003127
340,losodon,<code>losodon</code>,1,0.0003127
340,lotwrencas,<code>lotwrencas</code>,1,0.0003127
340,lufan,<code>lufan</code>,1,0.0003127
340,lufige,<code>lufige</code>,1,0.0003127
340,lufon,<code>lufon</code>,1,0.0003127
340,lufv,<code>lufv</code>,1,0.0003127
340,lybba&eth;,<code>lybba&amp;d;</code>,1,0.0003127
340,lyffetungum,<code>lyffetungum</code>,1,0.0003127
340,lyst,<code>lyst</code>,1,0.0003127
340,m&aelig;dene,<code>m&amp;ae;dene</code>,1,0.0003127
340,m&aelig;denu,<code>m&amp;ae;denu</code>,1,0.0003127
340,m&aelig;gnu,<code>m&amp;ae;gnu</code>,1,0.0003127
340,m&aelig;les,<code>m&amp;ae;les</code>,1,0.0003127
340,m&aelig;nigfealde,<code>m&amp;ae;nigfealde</code>,1,0.0003127
340,m&aelig;ran,<code>m&amp;ae;ran</code>,1,0.0003127
340,m&aelig;rra,<code>m&amp;ae;rra</code>,1,0.0003127
340,m&aelig;ssepreostas,<code>m&amp;ae;ssepreostas</code>,1,0.0003127
340,magan,<code>magan</code>,1,0.0003127
340,man&thorn;w&aelig;re,<code>man&amp;t;w&amp;ae;re</code>,1,0.0003127
340,man&thorn;w&aelig;rnysse,<code>man&amp;t;w&amp;ae;rnysse</code>,1,0.0003127
340,man&thorn;wyrnysse,<code>man&amp;t;wyrnysse</code>,1,0.0003127
340,manna,<code>manna</code>,1,0.0003127
340,manslihtas,<code>manslihtas</code>,1,0.0003127
340,martira,<code>martira</code>,1,0.0003127
340,martiras,<code>martiras</code>,1,0.0003127
340,martyras,<code>martyras</code>,1,0.0003127
340,martyrdome,<code>martyrdome</code>,1,0.0003127
340,mede,<code>mede</code>,1,0.0003127
340,memoria,<code>memoria</code>,1,0.0003127
340,men,<code>men</code>,1,0.0003127
340,menniscnysse,<code>menniscnysse</code>,1,0.0003127
340,metelease,<code>metelease</code>,1,0.0003127
340,miccle,<code>miccle</code>,1,0.0003127
340,micel,<code>micel</code>,1,0.0003127
340,middaneard,<code>middaneard</code>,1,0.0003127
340,middanearde,<code>middanearde</code>,1,0.0003127
340,mildheortnyss,<code>mildheortnyss</code>,1,0.0003127
340,min,<code>min</code>,1,0.0003127
340,minum,<code>minum</code>,1,0.0003127
340,misaac,<code>misaac</code>,1,0.0003127
340,mislicum,<code>mislicum</code>,1,0.0003127
340,mitis,<code>mitis</code>,1,0.0003127
340,mod,<code>mod</code>,1,0.0003127
340,modig,<code>modig</code>,1,0.0003127
340,modiga&eth;,<code>modiga&amp;d;</code>,1,0.0003127
340,modignyss,<code>modignyss</code>,1,0.0003127
340,mona&eth;seoce,<code>mona&amp;d;seoce</code>,1,0.0003127
340,moston,<code>moston</code>,1,0.0003127
340,motan,<code>motan</code>,1,0.0003127
340,moton,<code>moton</code>,1,0.0003127
340,moysen,<code>moysen</code>,1,0.0003127
340,munecas,<code>munecas</code>,1,0.0003127
340,mycclan,<code>mycclan</code>,1,0.0003127
340,mycelne,<code>mycelne</code>,1,0.0003127
340,mycelre,<code>mycelre</code>,1,0.0003127
340,myltestrena,<code>myltestrena</code>,1,0.0003127
340,myrh&eth;e,<code>myrh&amp;d;e</code>,1,0.0003127
340,myslicum,<code>myslicum</code>,1,0.0003127
340,n&aelig;bbe,<code>n&amp;ae;bbe</code>,1,0.0003127
340,n&aelig;re,<code>n&amp;ae;re</code>,1,0.0003127
340,n&aelig;ron,<code>n&amp;ae;ron</code>,1,0.0003127
340,n&aelig;s,<code>n&amp;ae;s</code>,1,0.0003127
340,nabban,<code>nabban</code>,1,0.0003127
340,nah,<code>nah</code>,1,0.0003127
340,nanum,<code>nanum</code>,1,0.0003127
340,nean,<code>nean</code>,1,0.0003127
340,nele,<code>nele</code>,1,0.0003127
340,nella&eth;,<code>nella&amp;d;</code>,1,0.0003127
340,nelle,<code>nelle</code>,1,0.0003127
340,nest,<code>nest</code>,1,0.0003127
340,nextan,<code>nextan</code>,1,0.0003127
340,ni&eth;fulla,<code>ni&amp;d;fulla</code>,1,0.0003127
340,nigon,<code>nigon</code>,1,0.0003127
340,niht,<code>niht</code>,1,0.0003127
340,nim&eth;,<code>nim&amp;d;</code>,1,0.0003127
340,niman,<code>niman</code>,1,0.0003127
340,niwan,<code>niwan</code>,1,0.0003127
340,noe,<code>noe</code>,1,0.0003127
340,nolde,<code>nolde</code>,1,0.0003127
340,nytenu,<code>nytenu</code>,1,0.0003127
340,o&eth;erne,<code>o&amp;d;erne</code>,1,0.0003127
340,o&eth;rum,<code>o&amp;d;rum</code>,1,0.0003127
340,o&thorn;&thorn;e,<code>o&amp;t;&amp;t;e</code>,1,0.0003127
340,ofercom,<code>ofercom</code>,1,0.0003127
340,ofereode,<code>ofereode</code>,1,0.0003127
340,oferswi&eth;de,<code>oferswi&amp;d;de</code>,1,0.0003127
340,oferswy&eth;a&eth;,<code>oferswy&amp;d;a&amp;d;</code>,1,0.0003127
340,oferswy&eth;a&thorn;,<code>oferswy&amp;d;a&amp;t;</code>,1,0.0003127
340,oferswy&eth;de,<code>oferswy&amp;d;de</code>,1,0.0003127
340,oferwinnan,<code>oferwinnan</code>,1,0.0003127
340,ofne,<code>ofne</code>,1,0.0003127
340,ofslagene,<code>ofslagene</code>,1,0.0003127
340,ofsloh,<code>ofsloh</code>,1,0.0003127
340,oft,<code>oft</code>,1,0.0003127
340,omega,<code>omega</code>,1,0.0003127
340,omnipotens,<code>omnipotens</code>,1,0.0003127
340,onbryrde,<code>onbryrde</code>,1,0.0003127
340,onet,<code>onet</code>,1,0.0003127
340,onettan,<code>onettan</code>,1,0.0003127
340,ongan,<code>ongan</code>,1,0.0003127
340,ongann,<code>ongann</code>,1,0.0003127
340,ongean,<code>ongean</code>,1,0.0003127
340,ongliscre,<code>ongliscre</code>,1,0.0003127
340,onscunian,<code>onscunian</code>,1,0.0003127
340,onwinna&eth;,<code>onwinna&amp;d;</code>,1,0.0003127
340,operis,<code>operis</code>,1,0.0003127
340,ord,<code>ord</code>,1,0.0003127
340,ormode,<code>ormode</code>,1,0.0003127
340,orsorhnysse,<code>orsorhnysse</code>,1,0.0003127
340,ortruwige,<code>ortruwige</code>,1,0.0003127
340,penitentiam,<code>penitentiam</code>,1,0.0003127
340,possidebitis,<code>possidebitis</code>,1,0.0003127
340,pr&aelig;ttas,<code>pr&amp;ae;ttas</code>,1,0.0003127
340,quia,<code>quia</code>,1,0.0003127
340,re&eth;an,<code>re&amp;d;an</code>,1,0.0003127
340,reaflac,<code>reaflac</code>,1,0.0003127
340,regnum,<code>regnum</code>,1,0.0003127
340,requiem,<code>requiem</code>,1,0.0003127
340,reste,<code>reste</code>,1,0.0003127
340,riht,<code>riht</code>,1,0.0003127
340,rihtinge,<code>rihtinge</code>,1,0.0003127
340,rihtwis,<code>rihtwis</code>,1,0.0003127
340,rihtwisa,<code>rihtwisa</code>,1,0.0003127
340,rihtwisan,<code>rihtwisan</code>,1,0.0003127
340,rixa&eth;,<code>rixa&amp;d;</code>,1,0.0003127
340,s&aelig;de,<code>s&amp;ae;de</code>,1,0.0003127
340,sanctorum,<code>sanctorum</code>,1,0.0003127
340,sawla,<code>sawla</code>,1,0.0003127
340,sceal,<code>sceal</code>,1,0.0003127
340,sceall,<code>sceall</code>,1,0.0003127
340,sceawode,<code>sceawode</code>,1,0.0003127
340,sceolon,<code>sceolon</code>,1,0.0003127
340,scyppende,<code>scyppende</code>,1,0.0003127
340,se&thorn;e,<code>se&amp;t;e</code>,1,0.0003127
340,sea&eth;um,<code>sea&amp;d;um</code>,1,0.0003127
340,sealde,<code>sealde</code>,1,0.0003127
340,secga&eth;,<code>secga&amp;d;</code>,1,0.0003127
340,seofo&eth;e,<code>seofo&amp;d;e</code>,1,0.0003127
340,seow,<code>seow</code>,1,0.0003127
340,sermo,<code>sermo</code>,1,0.0003127
340,setton,<code>setton</code>,1,0.0003127
340,si&eth;ian,<code>si&amp;d;ian</code>,1,0.0003127
340,si&eth;ode,<code>si&amp;d;ode</code>,1,0.0003127
340,si&thorn;ian,<code>si&amp;t;ian</code>,1,0.0003127
340,sibbe,<code>sibbe</code>,1,0.0003127
340,sidraac,<code>sidraac</code>,1,0.0003127
340,sixta,<code>sixta</code>,1,0.0003127
340,sixtig,<code>sixtig</code>,1,0.0003127
340,sl&aelig;w&eth;,<code>sl&amp;ae;w&amp;d;</code>,1,0.0003127
340,slege,<code>slege</code>,1,0.0003127
340,smyltnysse,<code>smyltnysse</code>,1,0.0003127
340,so&thorn;an,<code>so&amp;t;an</code>,1,0.0003127
340,sohte,<code>sohte</code>,1,0.0003127
340,sona,<code>sona</code>,1,0.0003127
340,spel,<code>spel</code>,1,0.0003127
340,spes,<code>spes</code>,1,0.0003127
340,spiritalis,<code>spiritalis</code>,1,0.0003127
340,stala,<code>stala</code>,1,0.0003127
340,sti&eth;an,<code>sti&amp;d;an</code>,1,0.0003127
340,sumum,<code>sumum</code>,1,0.0003127
340,superbia,<code>superbia</code>,1,0.0003127
340,swa&eth;eah,<code>swa&amp;d;eah</code>,1,0.0003127
340,sweltan,<code>sweltan</code>,1,0.0003127
340,swica&eth;,<code>swica&amp;d;</code>,1,0.0003127
340,swicdomas,<code>swicdomas</code>,1,0.0003127
340,swilc,<code>swilc</code>,1,0.0003127
340,swinca&eth;,<code>swinca&amp;d;</code>,1,0.0003127
340,swincan,<code>swincan</code>,1,0.0003127
340,swy&thorn;e,<code>swy&amp;t;e</code>,1,0.0003127
340,swylce,<code>swylce</code>,1,0.0003127
340,sylfum,<code>sylfum</code>,1,0.0003127
340,sylfwilles,<code>sylfwilles</code>,1,0.0003127
340,syllan,<code>syllan</code>,1,0.0003127
340,symle,<code>symle</code>,1,0.0003127
340,synfullan,<code>synfullan</code>,1,0.0003127
340,synfulle,<code>synfulle</code>,1,0.0003127
340,syngian,<code>syngian</code>,1,0.0003127
340,synna,<code>synna</code>,1,0.0003127
340,synne,<code>synne</code>,1,0.0003127
340,synscipe,<code>synscipe</code>,1,0.0003127
340,syrian,<code>syrian</code>,1,0.0003127
340,syxte,<code>syxte</code>,1,0.0003127
340,temperantia,<code>temperantia</code>,1,0.0003127
340,temple,<code>temple</code>,1,0.0003127
340,tilia,<code>tilia</code>,1,0.0003127
340,tocnawa&eth;,<code>tocnawa&amp;d;</code>,1,0.0003127
340,tocnawan,<code>tocnawan</code>,1,0.0003127
340,toweardan,<code>toweardan</code>,1,0.0003127
340,towerd,<code>towerd</code>,1,0.0003127
340,tristitia,<code>tristitia</code>,1,0.0003127
340,tua,<code>tua</code>,1,0.0003127
340,twelf,<code>twelf</code>,1,0.0003127
340,twifealdum,<code>twifealdum</code>,1,0.0003127
340,uenturus,<code>uenturus</code>,1,0.0003127
340,uestra,<code>uestra</code>,1,0.0003127
340,uestras,<code>uestras</code>,1,0.0003127
340,uestris,<code>uestris</code>,1,0.0003127
340,uidens,<code>uidens</code>,1,0.0003127
340,uir,<code>uir</code>,1,0.0003127
340,unafylledlice,<code>unafylledlice</code>,1,0.0003127
340,unametenre,<code>unametenre</code>,1,0.0003127
340,underfeng,<code>underfeng</code>,1,0.0003127
340,underhnah,<code>underhnah</code>,1,0.0003127
340,understandenne,<code>understandenne</code>,1,0.0003127
340,ungearu,<code>ungearu</code>,1,0.0003127
340,ungelic,<code>ungelic</code>,1,0.0003127
340,ungelimpe,<code>ungelimpe</code>,1,0.0003127
340,ungelimpum,<code>ungelimpum</code>,1,0.0003127
340,ungemetegod,<code>ungemetegod</code>,1,0.0003127
340,unnyt,<code>unnyt</code>,1,0.0003127
340,unriht,<code>unriht</code>,1,0.0003127
340,unrihte,<code>unrihte</code>,1,0.0003127
340,unrotnyssa,<code>unrotnyssa</code>,1,0.0003127
340,unrotnyssum,<code>unrotnyssum</code>,1,0.0003127
340,unsce&eth;&thorn;ignysse,<code>unsce&amp;d;&amp;t;ignysse</code>,1,0.0003127
340,unscyldigan,<code>unscyldigan</code>,1,0.0003127
340,untrume,<code>untrume</code>,1,0.0003127
340,untrumnyssa,<code>untrumnyssa</code>,1,0.0003127
340,unwi&eth;metenlic,<code>unwi&amp;d;metenlic</code>,1,0.0003127
340,unwur&eth;,<code>unwur&amp;d;</code>,1,0.0003127
340,up,<code>up</code>,1,0.0003127
340,upahefednys,<code>upahefednys</code>,1,0.0003127
340,upstige,<code>upstige</code>,1,0.0003127
340,ures,<code>ures</code>,1,0.0003127
340,uton,<code>uton</code>,1,0.0003127
340,wat,<code>wat</code>,1,0.0003127
340,weamodnyss,<code>weamodnyss</code>,1,0.0003127
340,wegas,<code>wegas</code>,1,0.0003127
340,wel,<code>wel</code>,1,0.0003127
340,weorces,<code>weorces</code>,1,0.0003127
340,wer,<code>wer</code>,1,0.0003127
340,weras,<code>weras</code>,1,0.0003127
340,were,<code>were</code>,1,0.0003127
340,weres,<code>weres</code>,1,0.0003127
340,wet,<code>wet</code>,1,0.0003127
340,wi&eth;socon,<code>wi&amp;d;socon</code>,1,0.0003127
340,wif,<code>wif</code>,1,0.0003127
340,wife,<code>wife</code>,1,0.0003127
340,willa&eth;,<code>willa&amp;d;</code>,1,0.0003127
340,willan,<code>willan</code>,1,0.0003127
340,winne,<code>winne</code>,1,0.0003127
340,wisdom,<code>wisdom</code>,1,0.0003127
340,wise,<code>wise</code>,1,0.0003127
340,wislice,<code>wislice</code>,1,0.0003127
340,witan,<code>witan</code>,1,0.0003127
340,witegan,<code>witegan</code>,1,0.0003127
340,witegung,<code>witegung</code>,1,0.0003127
340,wodan,<code>wodan</code>,1,0.0003127
340,wode,<code>wode</code>,1,0.0003127
340,wohnysse,<code>wohnysse</code>,1,0.0003127
340,woldon,<code>woldon</code>,1,0.0003127
340,wor&eth;ode,<code>wor&amp;d;ode</code>,1,0.0003127
340,word,<code>word</code>,1,0.0003127
340,woruld&eth;ingc,<code>woruld&amp;d;ingc</code>,1,0.0003127
340,woruld&thorn;ingum,<code>woruld&amp;t;ingum</code>,1,0.0003127
340,wuldor,<code>wuldor</code>,1,0.0003127
340,wuldorfulla,<code>wuldorfulla</code>,1,0.0003127
340,wuldorfulle,<code>wuldorfulle</code>,1,0.0003127
340,wuna&eth;,<code>wuna&amp;d;</code>,1,0.0003127
340,wunedon,<code>wunedon</code>,1,0.0003127
340,wunung,<code>wunung</code>,1,0.0003127
340,wur&eth;,<code>wur&amp;d;</code>,1,0.0003127
340,wur&eth;mynt,<code>wur&amp;d;mynt</code>,1,0.0003127
340,wylle,<code>wylle</code>,1,0.0003127
340,wyn&eth;,<code>wyn&amp;d;</code>,1,0.0003127
340,wynsum,<code>wynsum</code>,1,0.0003127
340,wyrca&eth;,<code>wyrca&amp;d;</code>,1,0.0003127
340,wyrcenne,<code>wyrcenne</code>,1,0.0003127
340,wyrtruma,<code>wyrtruma</code>,1,0.0003127
340,y&eth;egan,<code>y&amp;d;egan</code>,1,0.0003127
340,ydel,<code>ydel</code>,1,0.0003127
340,yfelu,<code>yfelu</code>,1,0.0003127
340,ylcan,<code>ylcan</code>,1,0.0003127
340,ylde,<code>ylde</code>,1,0.0003127
340,yt,<code>yt</code>,1,0.0003127
340,ytemestum,<code>ytemestum</code>,1,0.0003127
